"school_id","school_name","activity_name","alg","level_of_play","event_date","event_time","score","event_name","location","source_activity_url","matchup_link","address"
"953","Battle High School","Cross Country Boys","11","Varsity","9/2","","","Fleet Feet Classic","tournament","https://www.mshsaa.org/MySchool/Schedule.aspx?s=953&alg=11","https://www.mshsaa.org/MySchool/Tournament.aspx?s=953&alg=11&tournament=597909","Arnold, MO"
"953","Battle High School","Cross Country Girls","12","Varsity","9/2","","","Fleet Feet Classic","tournament","https://www.mshsaa.org/MySchool/Schedule.aspx?s=953&alg=12","https://www.mshsaa.org/MySchool/Tournament.aspx?s=953&alg=12&tournament=597914","Arnold, MO"
"953","Battle High School","Golf Girls","24","Varsity","9/2","","","Lady Laker Golf Invitational","tournament","https://www.mshsaa.org/MySchool/Schedule.aspx?s=953&alg=24","https://www.mshsaa.org/MySchool/Tournament.aspx?s=953&alg=24&tournament=589039","Camdenton, MO"
"16","Boonville High School","Tennis Girls","49","Varsity","9/2","","7 - 2","Carrollton","home","https://www.mshsaa.org/MySchool/Schedule.aspx?s=16&alg=49","https://www.mshsaa.org/MySchool/Matchup.aspx?s=16&alg=49&comp=2677075","1 Pirate Dr., Boonville, MO 65233-2740"
"582","California High School","Cross Country Boys","11","Varsity","9/2","","","Versailles Warm-UP","tournament","https://www.mshsaa.org/MySchool/Schedule.aspx?s=582&alg=11","https://www.mshsaa.org/MySchool/Tournament.aspx?s=582&alg=11&tournament=583329","Versailles, MO"
"26","Camdenton High School","Golf Girls","24","Varsity","9/2","","","Laker Golf Invitational at Lake Valley","tournament","https://www.mshsaa.org/MySchool/Schedule.aspx?s=26&alg=24","https://www.mshsaa.org/MySchool/Tournament.aspx?s=26&alg=24&tournament=568359","367 C.C. Blair Dr. Camdenton, MO 65020"
"26","Camdenton High School","Softball Fall Season","38","Varsity","9/2","","10 - 14","Bolivar","away","https://www.mshsaa.org/MySchool/Schedule.aspx?s=26&alg=38","https://www.mshsaa.org/MySchool/Matchup.aspx?s=26&alg=38&comp=2650261","1401 N. Pomme De Terre Ave., Bolivar, MO 65613-8282"
"26","Camdenton High School","Tennis Girls","49","Varsity","9/2","","2 - 7","Lebanon","away","https://www.mshsaa.org/MySchool/Schedule.aspx?s=26&alg=49","https://www.mshsaa.org/MySchool/Matchup.aspx?s=26&alg=49&comp=2742707","777 Brice St, Lebanon, MO 65536-2451"
"1540","Capital City High School","Golf Girls","24","Varsity","9/2","","","Lady Laker Golf Invitational","tournament","https://www.mshsaa.org/MySchool/Schedule.aspx?s=1540&alg=24","https://www.mshsaa.org/MySchool/Tournament.aspx?s=1540&alg=24&tournament=563801","Camdenton, MO"
"1540","Capital City High School","Softball Fall Season","38","Varsity","9/2","","3 - 2","Linn","away","https://www.mshsaa.org/MySchool/Schedule.aspx?s=1540&alg=38","https://www.mshsaa.org/MySchool/Matchup.aspx?s=1540&alg=38&comp=2623137","141 Wildcat Drive, Linn, MO 65051"
"1099","Christian Fellowship","Softball Fall Season","38","Varsity","9/2","","0 - 7","Harrisburg","away","https://www.mshsaa.org/MySchool/Schedule.aspx?s=1099&alg=38","https://www.mshsaa.org/MySchool/Matchup.aspx?s=1099&alg=38&comp=2616926","801 S Harris St, Harrisburg, MO 65256-9542"
"278","Eldon High School","Volleyball Girls","57","Varsity","9/2","","1 - 3","Linn","away","https://www.mshsaa.org/MySchool/Schedule.aspx?s=278&alg=57","https://www.mshsaa.org/MySchool/Matchup.aspx?s=278&alg=57&comp=2655808","141 Wildcat Drive, Linn, MO 65051"
"917","Father Tolton","Golf Girls","24","Varsity","9/2","","","Lady Laker Golf Invitational","tournament","https://www.mshsaa.org/MySchool/Schedule.aspx?s=917&alg=24","https://www.mshsaa.org/MySchool/Tournament.aspx?s=917&alg=24&tournament=581501","Camdenton, MO"
"917","Father Tolton","Soccer Boys","33","Varsity","9/2","","0 - 4","Rock Bridge","home","https://www.mshsaa.org/MySchool/Schedule.aspx?s=917&alg=33","https://www.mshsaa.org/MySchool/Matchup.aspx?s=917&alg=33&comp=2776023","3351 E Gans Road, Columbia, MO 65201"
"294","Fayette High School","Golf Girls","24","Varsity","9/2","","","Salisbury Match - Salisbury, Glasgow, Paris, Fayette, South Shelby, Monroe City","tournament","https://www.mshsaa.org/MySchool/Schedule.aspx?s=294&alg=24","https://www.mshsaa.org/MySchool/Tournament.aspx?s=294&alg=24&tournament=572299","Salisbury, MO"
"80","Fulton High School","Tennis Girls","49","Varsity","9/2","","0 - 9","Hannibal","away","https://www.mshsaa.org/MySchool/Schedule.aspx?s=80&alg=49","https://www.mshsaa.org/MySchool/Matchup.aspx?s=80&alg=49&comp=2682009","4500 McMasters Ave, Hannibal, MO 63401-2299"
"302","Glasgow High School","Golf Girls","24","Varsity","9/2","","","Salisbury Match - Salisbury, Glasgow, Paris, Fayette, South Shelby, Monroe City","tournament","https://www.mshsaa.org/MySchool/Schedule.aspx?s=302&alg=24","https://www.mshsaa.org/MySchool/Tournament.aspx?s=302&alg=24&tournament=585050","Salisbury, MO"
"311","Hallsville High School","Softball Fall Season","38","Varsity","9/2","","0 - 7","Harrisburg","away","https://www.mshsaa.org/MySchool/Schedule.aspx?s=311&alg=38","https://www.mshsaa.org/MySchool/Matchup.aspx?s=311&alg=38&comp=2616926","801 S Harris St, Harrisburg, MO 65256-9542"
"313","Harrisburg High School","Softball Fall Season","38","Varsity","9/2","","7 - 0","Hallsville with Christian Fellowship Sr.","home","https://www.mshsaa.org/MySchool/Schedule.aspx?s=313&alg=38","https://www.mshsaa.org/MySchool/Matchup.aspx?s=313&alg=38&comp=2615652","801 S. Harris St., Harrisburg, MO 65256"
"522","Helias High School","Golf Girls","24","Varsity","9/2","","","Lady Laker Golf Invitational","tournament","https://www.mshsaa.org/MySchool/Schedule.aspx?s=522&alg=24","https://www.mshsaa.org/MySchool/Tournament.aspx?s=522&alg=24&tournament=547254",""
"522","Helias High School","Volleyball Girls","57","Varsity","9/2","","3 - 0","Rolla","home","https://www.mshsaa.org/MySchool/Schedule.aspx?s=522&alg=57","https://www.mshsaa.org/MySchool/Matchup.aspx?s=522&alg=57&comp=2657413","1305 Swifts Hwy, Jefferson City, MO 65109-2595"
"85","Hickman High School","Tennis Girls","49","Varsity","9/2","","7 - 2","Rolla","away","https://www.mshsaa.org/MySchool/Schedule.aspx?s=85&alg=49","https://www.mshsaa.org/MySchool/Matchup.aspx?s=85&alg=49&comp=2674536","900 Bulldog Run, Rolla, MO 65401-3399"
"84","Jefferson City High School","Softball Fall Season","38","Varsity","9/2","","6 - 18","Warrensburg","home","https://www.mshsaa.org/MySchool/Schedule.aspx?s=84&alg=38","https://www.mshsaa.org/MySchool/Matchup.aspx?s=84&alg=38&comp=2639938","609 Union St, Jefferson City, MO 65101-2898"
"360","Marshall High School","Softball Fall Season","38","Varsity","9/2","","0 - 11","Oak Grove","home","https://www.mshsaa.org/MySchool/Schedule.aspx?s=360&alg=38","https://www.mshsaa.org/MySchool/Matchup.aspx?s=360&alg=38&comp=2650335","805 S Miami, Marshall, MO 65340-2499"
"360","Marshall High School","Swimming and Diving Boys","44","Varsity","9/2","","","Ray Pec","tournament","https://www.mshsaa.org/MySchool/Schedule.aspx?s=360&alg=44","https://www.mshsaa.org/MySchool/Tournament.aspx?s=360&alg=44&tournament=592976",""
"360","Marshall High School","Tennis Girls","49","Varsity","9/2","","2 - 7","Moberly","home","https://www.mshsaa.org/MySchool/Schedule.aspx?s=360&alg=49","https://www.mshsaa.org/MySchool/Matchup.aspx?s=360&alg=49&comp=2661597","805 S Miami, Marshall, MO 65340-2499"
"128","Mexico High School","Softball Fall Season","38","Varsity","9/2","","15 - 4","Bowling Green","home","https://www.mshsaa.org/MySchool/Schedule.aspx?s=128&alg=38","https://www.mshsaa.org/MySchool/Matchup.aspx?s=128&alg=38&comp=2633659","639 N Wade, Mexico, MO 65265-1899"
"128","Mexico High School","Volleyball Girls","57","Varsity","9/2","","","Kirksville","home","https://www.mshsaa.org/MySchool/Schedule.aspx?s=128&alg=57","https://www.mshsaa.org/MySchool/Matchup.aspx?s=128&alg=57&comp=2754483","639 N Wade, Mexico, MO 65265-1899"
"132","Moberly High School","Golf Girls","24","Varsity","9/2","","","Lady Laker Golf Invitational","tournament","https://www.mshsaa.org/MySchool/Schedule.aspx?s=132&alg=24","https://www.mshsaa.org/MySchool/Tournament.aspx?s=132&alg=24&tournament=583615","Camdenton, MO"
"132","Moberly High School","Softball Fall Season","38","Varsity","9/2","","3 - 11","Salisbury","home","https://www.mshsaa.org/MySchool/Schedule.aspx?s=132&alg=38","https://www.mshsaa.org/MySchool/Matchup.aspx?s=132&alg=38&comp=2756837","1625 Gratz Brown Street, Moberly, MO 65270"
"132","Moberly High School","Tennis Girls","49","Varsity","9/2","","7 - 2","Marshall","away","https://www.mshsaa.org/MySchool/Schedule.aspx?s=132&alg=49","https://www.mshsaa.org/MySchool/Matchup.aspx?s=132&alg=49&comp=2766806","805 S Miami, Marshall, MO 65340-2499"
"152","Osage High School","Golf Girls","24","Varsity","9/2","","","Lady Laker Golf Invitational","tournament","https://www.mshsaa.org/MySchool/Schedule.aspx?s=152&alg=24","https://www.mshsaa.org/MySchool/Tournament.aspx?s=152&alg=24&tournament=581416","Camdenton, MO"
"578","Rock Bridge High School","Golf Girls","24","Varsity","9/2","","","Lady Laker Golf Invitational","tournament","https://www.mshsaa.org/MySchool/Schedule.aspx?s=578&alg=24","https://www.mshsaa.org/MySchool/Tournament.aspx?s=578&alg=24&tournament=581573","Camdenton, MO"
"578","Rock Bridge High School","Soccer Boys","33","Varsity","9/2","","4 - 0","Father Tolton","away","https://www.mshsaa.org/MySchool/Schedule.aspx?s=578&alg=33","https://www.mshsaa.org/MySchool/Matchup.aspx?s=578&alg=33&comp=2776032","3351 E Gans Road, Columbia, MO 65201"
"430","Russellville High School","Cross Country Boys","11","Varsity","9/2","","","Versailles Warm-UP","tournament","https://www.mshsaa.org/MySchool/Schedule.aspx?s=430&alg=11","https://www.mshsaa.org/MySchool/Tournament.aspx?s=430&alg=11&tournament=584783","Versailles, MO"
"430","Russellville High School","Cross Country Girls","12","Varsity","9/2","","","Versailles Warm-UP","tournament","https://www.mshsaa.org/MySchool/Schedule.aspx?s=430&alg=12","https://www.mshsaa.org/MySchool/Tournament.aspx?s=430&alg=12&tournament=596280","Versailles, MO"
"431","Salisbury High School","Softball Fall Season","38","Varsity","9/2","","11 - 3","Moberly","away","https://www.mshsaa.org/MySchool/Schedule.aspx?s=431&alg=38","https://www.mshsaa.org/MySchool/Matchup.aspx?s=431&alg=38&comp=2632144","1625 Gratz Brown, Moberly, MO 65270-1904"
"194","Smith-Cotton High School","Soccer Boys","33","Varsity","9/2","","10 - 9 (PK)","Raytown","away","https://www.mshsaa.org/MySchool/Schedule.aspx?s=194&alg=33","https://www.mshsaa.org/MySchool/Matchup.aspx?s=194&alg=33&comp=2663082","6019 Blue Ridge Blvd, Raytown, MO 64133-3998"
"197","South Callaway High School","Golf Girls","24","Varsity","9/2","","","Eugene Quad","tournament","https://www.mshsaa.org/MySchool/Schedule.aspx?s=197&alg=24","https://www.mshsaa.org/MySchool/Tournament.aspx?s=197&alg=24&tournament=573915","Eugene, MO"
"197","South Callaway High School","Softball Fall Season","38","Varsity","9/2","","0 - 11","Vienna","away","https://www.mshsaa.org/MySchool/Schedule.aspx?s=197&alg=38","https://www.mshsaa.org/MySchool/Matchup.aspx?s=197&alg=38&comp=2724554","100 Hwy 42 E, Vienna, MO 65582"
"474","Tipton High School","Cross Country Boys","11","Varsity","9/2","","","Versailles Warm-UP","tournament","https://www.mshsaa.org/MySchool/Schedule.aspx?s=474&alg=11","https://www.mshsaa.org/MySchool/Tournament.aspx?s=474&alg=11&tournament=583137","Versailles, MO"
"474","Tipton High School","Cross Country Girls","12","Varsity","9/2","","","Versailles Warm-UP","tournament","https://www.mshsaa.org/MySchool/Schedule.aspx?s=474&alg=12","https://www.mshsaa.org/MySchool/Tournament.aspx?s=474&alg=12&tournament=596302","Versailles, MO"
"474","Tipton High School","Volleyball Girls","57","Varsity","9/2","","3 - 0","Prairie Home","away","https://www.mshsaa.org/MySchool/Schedule.aspx?s=474&alg=57","https://www.mshsaa.org/MySchool/Matchup.aspx?s=474&alg=57&comp=2635290","301 Hwy. 87, Prairie Home, MO 65068"
"485","Versailles High School","Cross Country Boys","11","Varsity","9/2","4:00 pm","","Versailles Warm-UP","tournament","https://www.mshsaa.org/MySchool/Schedule.aspx?s=485&alg=11","https://www.mshsaa.org/MySchool/Tournament.aspx?s=485&alg=11&tournament=583089","Versailles, MO"
"485","Versailles High School","Cross Country Girls","12","Varsity","9/2","4:00 pm","","Versailles Warm-UP","tournament","https://www.mshsaa.org/MySchool/Schedule.aspx?s=485&alg=12","https://www.mshsaa.org/MySchool/Tournament.aspx?s=485&alg=12&tournament=585912","Versailles, MO"
"953","Battle High School","Soccer Boys","33","Varsity","9/3","","6 - 0","Sunnydale Adventist Acad HS","home","https://www.mshsaa.org/MySchool/Schedule.aspx?s=953&alg=33","https://www.mshsaa.org/MySchool/Matchup.aspx?s=953&alg=33&comp=2784981","7575 St. Charles Road, Columbia, MO 65202"
"953","Battle High School","Softball Fall Season","38","Varsity","9/3","","0 - 17","Centralia","away","https://www.mshsaa.org/MySchool/Schedule.aspx?s=953&alg=38","https://www.mshsaa.org/MySchool/Matchup.aspx?s=953&alg=38&comp=2762380","849 S Jefferson St, Centralia, MO 65240-1605"
"953","Battle High School","Tennis Girls","49","Varsity","9/3","","0 - 9","Smith-Cotton","away","https://www.mshsaa.org/MySchool/Schedule.aspx?s=953&alg=49","https://www.mshsaa.org/MySchool/Matchup.aspx?s=953&alg=49&comp=2766952","2010 Tiger Pride Blvd, Sedalia, MO 65301-8503"
"953","Battle High School","Volleyball Girls","57","Varsity","9/3","","","CMAC vs. OMC Crossover Tournament","tournament","https://www.mshsaa.org/MySchool/Schedule.aspx?s=953&alg=57","https://www.mshsaa.org/MySchool/Tournament.aspx?s=953&alg=57&tournament=589259","Bolivar, MO"
"953","Battle High School","Volleyball Girls","57","Varsity","⤷ 9/3","","2 - 0","Bolivar","tournament","https://www.mshsaa.org/MySchool/Schedule.aspx?s=953&alg=57","https://www.mshsaa.org/MySchool/Matchup.aspx?s=953&alg=57&comp=2794602","Bolivar, MO"
"953","Battle High School","Volleyball Girls","57","Varsity","⤷ 9/3","","2 - 0","Fair Grove","tournament","https://www.mshsaa.org/MySchool/Schedule.aspx?s=953&alg=57","https://www.mshsaa.org/MySchool/Matchup.aspx?s=953&alg=57&comp=2794603","Bolivar, MO"
"953","Battle High School","Volleyball Girls","57","Varsity","⤷ 9/3","","2 - 0","Carl Junction","tournament","https://www.mshsaa.org/MySchool/Schedule.aspx?s=953&alg=57","https://www.mshsaa.org/MySchool/Matchup.aspx?s=953&alg=57&comp=2794604","Bolivar, MO"
"217","Blair Oaks High School","Softball Fall Season","38","Varsity","9/3","","8 - 7","Eugene","away","https://www.mshsaa.org/MySchool/Schedule.aspx?s=217&alg=38","https://www.mshsaa.org/MySchool/Matchup.aspx?s=217&alg=38&comp=2632316","14803 Hwy 17, Eugene, MO 65032"
"217","Blair Oaks High School","Volleyball Girls","57","Varsity","9/3","","3 - 1","Osage","away","https://www.mshsaa.org/MySchool/Schedule.aspx?s=217&alg=57","https://www.mshsaa.org/MySchool/Matchup.aspx?s=217&alg=57&comp=2632333","636 Hwy 42, Osage Beach, MO 65065-5301"
"16","Boonville High School","Golf Girls","24","Varsity","9/3","","","Versailles","home","https://www.mshsaa.org/MySchool/Schedule.aspx?s=16&alg=24","https://www.mshsaa.org/MySchool/Matchup.aspx?s=16&alg=24&comp=2754010","1 Pirate Dr., Boonville, MO 65233-2740"
"16","Boonville High School","Soccer Boys","33","Varsity","9/3","","6 - 0","Smithton","home","https://www.mshsaa.org/MySchool/Schedule.aspx?s=16&alg=33","https://www.mshsaa.org/MySchool/Matchup.aspx?s=16&alg=33&comp=2641415","1 Pirate Dr., Boonville, MO 65233-2740"
"16","Boonville High School","Softball Fall Season","38","Varsity","9/3","","0 - 10","Hallsville with Christian Fellowship Sr.","away","https://www.mshsaa.org/MySchool/Schedule.aspx?s=16&alg=38","https://www.mshsaa.org/MySchool/Matchup.aspx?s=16&alg=38&comp=2633468","421 E Hwy 124, Hallsville, MO 65255-9346"
"16","Boonville High School","Tennis Girls","49","Varsity","9/3","","4 - 5","Osage","home","https://www.mshsaa.org/MySchool/Schedule.aspx?s=16&alg=49","https://www.mshsaa.org/MySchool/Matchup.aspx?s=16&alg=49&comp=2747914","1 Pirate Dr., Boonville, MO 65233-2740"
"16","Boonville High School","Volleyball Girls","57","Varsity","9/3","","1 - 3","California","home","https://www.mshsaa.org/MySchool/Schedule.aspx?s=16&alg=57","https://www.mshsaa.org/MySchool/Matchup.aspx?s=16&alg=57&comp=2642369","1 Pirate Dr., Boonville, MO 65233-2740"
"582","California High School","Golf Girls","24","Varsity","9/3","","","Eldon","away","https://www.mshsaa.org/MySchool/Schedule.aspx?s=582&alg=24","https://www.mshsaa.org/MySchool/Matchup.aspx?s=582&alg=24&comp=2777754","112 S Pine St, Eldon, MO 65026-1594"
"582","California High School","Softball Fall Season","38","Varsity","9/3","","3 - 10","St. Elizabeth","away","https://www.mshsaa.org/MySchool/Schedule.aspx?s=582&alg=38","https://www.mshsaa.org/MySchool/Matchup.aspx?s=582&alg=38&comp=2618134","240 Church, St. Elizabeth, MO 65075"
"582","California High School","Volleyball Girls","57","Varsity","9/3","","3 - 1","Boonville","away","https://www.mshsaa.org/MySchool/Schedule.aspx?s=582&alg=57","https://www.mshsaa.org/MySchool/Matchup.aspx?s=582&alg=57&comp=2618089","1 Pirate Dr., Boonville, MO 65233-2740"
"26","Camdenton High School","Soccer Boys","33","Varsity","9/3","","6 - 1","West Plains","home","https://www.mshsaa.org/MySchool/Schedule.aspx?s=26&alg=33","https://www.mshsaa.org/MySchool/Matchup.aspx?s=26&alg=33&comp=2715169","662 Laker Pride Road, Camdenton, MO 65020-1409"
"26","Camdenton High School","Softball Fall Season","38","Varsity","9/3","","5 - 15","Russellville","away","https://www.mshsaa.org/MySchool/Schedule.aspx?s=26&alg=38","https://www.mshsaa.org/MySchool/Matchup.aspx?s=26&alg=38&comp=2650262","13600 Rte C, Russellville, MO 65074"
"26","Camdenton High School","Volleyball Girls","57","Varsity","9/3","","","CMAC vs. OMC Crossover Tournament","tournament","https://www.mshsaa.org/MySchool/Schedule.aspx?s=26&alg=57","https://www.mshsaa.org/MySchool/Tournament.aspx?s=26&alg=57&tournament=578978","Springfield, MO"
"1540","Capital City High School","Soccer Boys","33","Varsity","9/3","","8 - 0","Paseo Academy","home","https://www.mshsaa.org/MySchool/Schedule.aspx?s=1540&alg=33","https://www.mshsaa.org/MySchool/Matchup.aspx?s=1540&alg=33&comp=2721205","2610 Mission Drive, Jefferson City, MO 65109"
"1540","Capital City High School","Volleyball Girls","57","Varsity","9/3","","","CMAC vs. OMC Crossover Tournament @ Columbia Fieldhouse","tournament","https://www.mshsaa.org/MySchool/Schedule.aspx?s=1540&alg=57","https://www.mshsaa.org/MySchool/Tournament.aspx?s=1540&alg=57&tournament=547989","Jefferson City, MO"
"1540","Capital City High School","Volleyball Girls","57","Varsity","⤷ 9/3","","","Hillcrest","tournament","https://www.mshsaa.org/MySchool/Schedule.aspx?s=1540&alg=57","https://www.mshsaa.org/MySchool/Matchup.aspx?s=1540&alg=57&comp=2794765","Jefferson City, MO"
"1540","Capital City High School","Volleyball Girls","57","Varsity","⤷ 9/3","","","West Plains","tournament","https://www.mshsaa.org/MySchool/Schedule.aspx?s=1540&alg=57","https://www.mshsaa.org/MySchool/Matchup.aspx?s=1540&alg=57&comp=2794766","Jefferson City, MO"
"1540","Capital City High School","Volleyball Girls","57","Varsity","⤷ 9/3","","","Bolivar","tournament","https://www.mshsaa.org/MySchool/Schedule.aspx?s=1540&alg=57","https://www.mshsaa.org/MySchool/Matchup.aspx?s=1540&alg=57&comp=2794768","Jefferson City, MO"
"53","Centralia High School","Golf Girls","24","Varsity","9/3","","","Westran: Cairo, Paris, Centralia, North Shelby","tournament","https://www.mshsaa.org/MySchool/Schedule.aspx?s=53&alg=24","https://www.mshsaa.org/MySchool/Tournament.aspx?s=53&alg=24&tournament=552251","Moberly, MO"
"53","Centralia High School","Softball Fall Season","38","Varsity","9/3","","17 - 0","Battle","home","https://www.mshsaa.org/MySchool/Schedule.aspx?s=53&alg=38","https://www.mshsaa.org/MySchool/Matchup.aspx?s=53&alg=38&comp=2655427","849 S Jefferson St, Centralia, MO 65240-1605"
"53","Centralia High School","Volleyball Girls","57","Varsity","9/3","","1 - 3","Eldon","away","https://www.mshsaa.org/MySchool/Schedule.aspx?s=53&alg=57","https://www.mshsaa.org/MySchool/Matchup.aspx?s=53&alg=57&comp=2655576","112 S Pine St, Eldon, MO 65026-1594"
"1099","Christian Fellowship","Soccer Boys","33","Varsity","9/3","","2 - 1","Wright City","away","https://www.mshsaa.org/MySchool/Schedule.aspx?s=1099&alg=33","https://www.mshsaa.org/MySchool/Matchup.aspx?s=1099&alg=33&comp=2673458","90 Bell Road, Wright City, MO 63390-3202"
"1099","Christian Fellowship","Softball Fall Season","38","Varsity","9/3","","10 - 0","Boonville","home","https://www.mshsaa.org/MySchool/Schedule.aspx?s=1099&alg=38","https://www.mshsaa.org/MySchool/Matchup.aspx?s=1099&alg=38&comp=2633017","421 E Hwy 124, Hallsville, MO 65255-9346"
"1099","Christian Fellowship","Volleyball Girls","57","Varsity","9/3","","0 - 3","Father Tolton","home","https://www.mshsaa.org/MySchool/Schedule.aspx?s=1099&alg=57","https://www.mshsaa.org/MySchool/Matchup.aspx?s=1099&alg=57&comp=2735873","4600 Christian Fellowship Rd, Columbia, MO 65203"
"566","Columbia Independent","Soccer Boys","33","Varsity","9/3","","6 - 0","Sunnydale Adventist Acad HS","home","https://www.mshsaa.org/MySchool/Schedule.aspx?s=566&alg=33","https://www.mshsaa.org/MySchool/Matchup.aspx?s=566&alg=33&comp=2784981","7575 St. Charles Road, Columbia, MO 65202"
"566","Columbia Independent","Volleyball Girls","57","Varsity","9/3","","3 - 0","Chamois","home","https://www.mshsaa.org/MySchool/Schedule.aspx?s=566&alg=57","https://www.mshsaa.org/MySchool/Matchup.aspx?s=566&alg=57&comp=2674303","1801 North Stadium Boulevard, Columbia, MO 65202"
"278","Eldon High School","Golf Girls","24","Varsity","9/3","","","California","home","https://www.mshsaa.org/MySchool/Schedule.aspx?s=278&alg=24","https://www.mshsaa.org/MySchool/Matchup.aspx?s=278&alg=24&comp=2779968","112 S Pine St, Eldon, MO 65026-1594"
"278","Eldon High School","Softball Fall Season","38","Varsity","9/3","","1 - 13","Southern Boone","home","https://www.mshsaa.org/MySchool/Schedule.aspx?s=278&alg=38","https://www.mshsaa.org/MySchool/Matchup.aspx?s=278&alg=38&comp=2628670","112 S Pine St, Eldon, MO 65026-1594"
"278","Eldon High School","Volleyball Girls","57","Varsity","9/3","","3 - 1","Centralia","home","https://www.mshsaa.org/MySchool/Schedule.aspx?s=278&alg=57","https://www.mshsaa.org/MySchool/Matchup.aspx?s=278&alg=57&comp=2623017","112 S Pine St, Eldon, MO 65026-1594"
"917","Father Tolton","Softball Fall Season","38","Varsity","9/3","","1 - 11","Harrisburg","away","https://www.mshsaa.org/MySchool/Schedule.aspx?s=917&alg=38","https://www.mshsaa.org/MySchool/Matchup.aspx?s=917&alg=38&comp=2666115","801 S Harris St, Harrisburg, MO 65256-9542"
"917","Father Tolton","Tennis Girls","49","Varsity","9/3-4","","","Bolivar Duals","tournament","https://www.mshsaa.org/MySchool/Schedule.aspx?s=917&alg=49","https://www.mshsaa.org/MySchool/Tournament.aspx?s=917&alg=49&tournament=588892","Bolivar, MO"
"917","Father Tolton","Tennis Girls","49","Varsity","⤷ 9/3","","5 - 4","Springfield Catholic","tournament","https://www.mshsaa.org/MySchool/Schedule.aspx?s=917&alg=49","https://www.mshsaa.org/MySchool/Matchup.aspx?s=917&alg=49&comp=2788202","Bolivar, MO"
"917","Father Tolton","Volleyball Girls","57","Varsity","9/3","","3 - 0","Christian Fellowship Sr.","away","https://www.mshsaa.org/MySchool/Schedule.aspx?s=917&alg=57","https://www.mshsaa.org/MySchool/Matchup.aspx?s=917&alg=57&comp=2748532","4600 Christian Fellowship Rd, Columbia, MO 65203"
"294","Fayette High School","Golf Girls","24","Varsity","9/3","","","Marceline Open","tournament","https://www.mshsaa.org/MySchool/Schedule.aspx?s=294&alg=24","https://www.mshsaa.org/MySchool/Tournament.aspx?s=294&alg=24&tournament=572300","Marceline, MO"
"294","Fayette High School","Softball Fall Season","38","Varsity","9/3","","15 - 2","Sturgeon","home","https://www.mshsaa.org/MySchool/Schedule.aspx?s=294&alg=38","https://www.mshsaa.org/MySchool/Matchup.aspx?s=294&alg=38&comp=2635044","510 N. Cleveland St., Fayette, MO 65248-1596"
"80","Fulton High School","Soccer Boys","33","Varsity","9/3","","2 - 1","Mexico","away","https://www.mshsaa.org/MySchool/Schedule.aspx?s=80&alg=33","https://www.mshsaa.org/MySchool/Matchup.aspx?s=80&alg=33&comp=2647563","639 N Wade, Mexico, MO 65265-1899"
"80","Fulton High School","Softball Fall Season","38","Varsity","9/3","","5 - 17","Osage","away","https://www.mshsaa.org/MySchool/Schedule.aspx?s=80&alg=38","https://www.mshsaa.org/MySchool/Matchup.aspx?s=80&alg=38&comp=2653045","636 Hwy 42, Osage Beach, MO 65065-5301"
"80","Fulton High School","Volleyball Girls","57","Varsity","9/3","","2 - 3","Marshall","away","https://www.mshsaa.org/MySchool/Schedule.aspx?s=80&alg=57","https://www.mshsaa.org/MySchool/Matchup.aspx?s=80&alg=57&comp=2642108","805 S Miami, Marshall, MO 65340-2499"
"302","Glasgow High School","Baseball Fall Season","66","Varsity","9/3","","6 - 11","Community","away","https://www.mshsaa.org/MySchool/Schedule.aspx?s=302&alg=66","https://www.mshsaa.org/MySchool/Matchup.aspx?s=302&alg=66&comp=2783057","35063 Hwy BB, Laddonia, MO 63352-3017"
"311","Hallsville High School","Soccer Boys","33","Varsity","9/3","","2 - 1","Wright City","away","https://www.mshsaa.org/MySchool/Schedule.aspx?s=311&alg=33","https://www.mshsaa.org/MySchool/Matchup.aspx?s=311&alg=33&comp=2673458","90 Bell Road, Wright City, MO 63390-3202"
"311","Hallsville High School","Softball Fall Season","38","Varsity","9/3","","10 - 0","Boonville","home","https://www.mshsaa.org/MySchool/Schedule.aspx?s=311&alg=38","https://www.mshsaa.org/MySchool/Matchup.aspx?s=311&alg=38&comp=2633017","421 E Hwy 124, Hallsville, MO 65255-9346"
"311","Hallsville High School","Volleyball Girls","57","Varsity","9/3","","3 - 0","Sunnydale Adventist Acad HS","home","https://www.mshsaa.org/MySchool/Schedule.aspx?s=311&alg=57","https://www.mshsaa.org/MySchool/Matchup.aspx?s=311&alg=57&comp=2638632","421 E Hwy 124, Hallsville, MO 65255-9346"
"313","Harrisburg High School","Softball Fall Season","38","Varsity","9/3","","11 - 1","Father Tolton","home","https://www.mshsaa.org/MySchool/Schedule.aspx?s=313&alg=38","https://www.mshsaa.org/MySchool/Matchup.aspx?s=313&alg=38&comp=2666031","801 S. Harris St., Harrisburg, MO 65256"
"522","Helias High School","Soccer Boys","33","Varsity","9/3","","1 - 0","Ozark","away","https://www.mshsaa.org/MySchool/Schedule.aspx?s=522&alg=33","https://www.mshsaa.org/MySchool/Matchup.aspx?s=522&alg=33&comp=2665468","1350 Bluff Dr, Ozark, MO 65721"
"522","Helias High School","Softball Fall Season","38","Varsity","9/3","","","Grain Valley","away","https://www.mshsaa.org/MySchool/Schedule.aspx?s=522&alg=38","https://www.mshsaa.org/MySchool/Matchup.aspx?s=522&alg=38&comp=2688081","551 SW Eagles Parkway, Grain Valley, MO 64029"
"522","Helias High School","Volleyball Girls","57","Varsity","9/3","","","CMAC VS OMC","tournament","https://www.mshsaa.org/MySchool/Schedule.aspx?s=522&alg=57","https://www.mshsaa.org/MySchool/Tournament.aspx?s=522&alg=57&tournament=556414","Columbia, MO"
"522","Helias High School","Volleyball Girls","57","Varsity","⤷ 9/3","","2 - 0","Logan-Rogersville","tournament","https://www.mshsaa.org/MySchool/Schedule.aspx?s=522&alg=57","https://www.mshsaa.org/MySchool/Matchup.aspx?s=522&alg=57&comp=2789022","Columbia, MO"
"522","Helias High School","Volleyball Girls","57","Varsity","⤷ 9/3","","2 - 0","West Plains","tournament","https://www.mshsaa.org/MySchool/Schedule.aspx?s=522&alg=57","https://www.mshsaa.org/MySchool/Matchup.aspx?s=522&alg=57&comp=2789024","Columbia, MO"
"522","Helias High School","Volleyball Girls","57","Varsity","⤷ 9/3","","2 - 0","Branson","tournament","https://www.mshsaa.org/MySchool/Schedule.aspx?s=522&alg=57","https://www.mshsaa.org/MySchool/Matchup.aspx?s=522&alg=57&comp=2794189","Columbia, MO"
"85","Hickman High School","Softball Fall Season","38","Varsity","9/3","","5 - 0","Rolla","away","https://www.mshsaa.org/MySchool/Schedule.aspx?s=85&alg=38","https://www.mshsaa.org/MySchool/Matchup.aspx?s=85&alg=38&comp=2712421","900 Bulldog Run, Rolla, MO 65401-3399"
"85","Hickman High School","Volleyball Girls","57","Varsity","9/3","","","CMAC vs. OMC Crossover Tournament","tournament","https://www.mshsaa.org/MySchool/Schedule.aspx?s=85&alg=57","https://www.mshsaa.org/MySchool/Tournament.aspx?s=85&alg=57&tournament=579353",""
"85","Hickman High School","Volleyball Girls","57","Varsity","⤷ 9/3","","2 - 1","Carl Junction","tournament","https://www.mshsaa.org/MySchool/Schedule.aspx?s=85&alg=57","https://www.mshsaa.org/MySchool/Matchup.aspx?s=85&alg=57&comp=2794181",""
"85","Hickman High School","Volleyball Girls","57","Varsity","⤷ 9/3","","2 - 0","Hillcrest","tournament","https://www.mshsaa.org/MySchool/Schedule.aspx?s=85&alg=57","https://www.mshsaa.org/MySchool/Matchup.aspx?s=85&alg=57&comp=2794182",""
"85","Hickman High School","Volleyball Girls","57","Varsity","⤷ 9/3","","2 - 0","Fair Grove","tournament","https://www.mshsaa.org/MySchool/Schedule.aspx?s=85&alg=57","https://www.mshsaa.org/MySchool/Matchup.aspx?s=85&alg=57&comp=2794183",""
"317","Higbee High School","Baseball Fall Season","66","Varsity","9/3","","10 - 5","La Plata","away","https://www.mshsaa.org/MySchool/Schedule.aspx?s=317&alg=66","https://www.mshsaa.org/MySchool/Matchup.aspx?s=317&alg=66&comp=2626881","201 W Moore St, Laplata, MO 63549-1191"
"317","Higbee High School","Softball Fall Season","38","Varsity","9/3","","7 - 8","La Plata","away","https://www.mshsaa.org/MySchool/Schedule.aspx?s=317&alg=38","https://www.mshsaa.org/MySchool/Matchup.aspx?s=317&alg=38&comp=2626899","201 W Moore St, Laplata, MO 63549-1191"
"84","Jefferson City High School","Soccer Boys","33","Varsity","9/3","","1 - 3","Central (Springfield)","home","https://www.mshsaa.org/MySchool/Schedule.aspx?s=84&alg=33","https://www.mshsaa.org/MySchool/Matchup.aspx?s=84&alg=33&comp=2756194","609 Union St, Jefferson City, MO 65101-2898"
"84","Jefferson City High School","Volleyball Girls","57","Varsity","9/3","","2 - 0","Marshfield","away","https://www.mshsaa.org/MySchool/Schedule.aspx?s=84&alg=57","https://www.mshsaa.org/MySchool/Matchup.aspx?s=84&alg=57&comp=2794925","Columbia, MO"
"84","Jefferson City High School","Volleyball Girls","57","Varsity","9/3","","1 - 2","Branson","away","https://www.mshsaa.org/MySchool/Schedule.aspx?s=84&alg=57","https://www.mshsaa.org/MySchool/Matchup.aspx?s=84&alg=57&comp=2794926","Columbia, MO"
"84","Jefferson City High School","Volleyball Girls","57","Varsity","9/3","","0 - 2","West Plains","away","https://www.mshsaa.org/MySchool/Schedule.aspx?s=84&alg=57","https://www.mshsaa.org/MySchool/Matchup.aspx?s=84&alg=57&comp=2794927","Columbia, MO"
"84","Jefferson City High School","Volleyball Girls","57","Varsity","9/3","","","CMAC vs. OMC Crossover Tournament","tournament","https://www.mshsaa.org/MySchool/Schedule.aspx?s=84&alg=57","https://www.mshsaa.org/MySchool/Tournament.aspx?s=84&alg=57&tournament=551664","Columbia, MO"
"360","Marshall High School","Golf Girls","24","Varsity","9/3","4:00 pm","","Marshall Quad","tournament","https://www.mshsaa.org/MySchool/Schedule.aspx?s=360&alg=24","https://www.mshsaa.org/MySchool/Tournament.aspx?s=360&alg=24&tournament=554356","Marshall, MO"
"360","Marshall High School","Golf Girls","24","Varsity","⤷ 9/3","","189 - 205","Smith-Cotton","tournament","https://www.mshsaa.org/MySchool/Schedule.aspx?s=360&alg=24","https://www.mshsaa.org/MySchool/Matchup.aspx?s=360&alg=24&comp=2792681","805 S Miami, Marshall, MO 65340-2499"
"360","Marshall High School","Golf Girls","24","Varsity","⤷ 9/3","","189 - 200","Moberly","tournament","https://www.mshsaa.org/MySchool/Schedule.aspx?s=360&alg=24","https://www.mshsaa.org/MySchool/Matchup.aspx?s=360&alg=24&comp=2792682","805 S Miami, Marshall, MO 65340-2499"
"360","Marshall High School","Golf Girls","24","Varsity","⤷ 9/3","","","Slater","tournament","https://www.mshsaa.org/MySchool/Schedule.aspx?s=360&alg=24","https://www.mshsaa.org/MySchool/Matchup.aspx?s=360&alg=24&comp=2792683","805 S Miami, Marshall, MO 65340-2499"
"360","Marshall High School","Soccer Boys","33","Varsity","9/3","","5 - 0","Chillicothe","away","https://www.mshsaa.org/MySchool/Schedule.aspx?s=360&alg=33","https://www.mshsaa.org/MySchool/Matchup.aspx?s=360&alg=33&comp=2661576","2801 Hornet Dr, Chillicothe, MO 64601-3625"
"360","Marshall High School","Tennis Girls","49","Varsity","9/3","","5 - 4","Kirksville","away","https://www.mshsaa.org/MySchool/Schedule.aspx?s=360&alg=49","https://www.mshsaa.org/MySchool/Matchup.aspx?s=360&alg=49&comp=2661598","1300 S Cottage Grove, Kirksville, MO 63501-3998"
"360","Marshall High School","Volleyball Girls","57","Varsity","9/3","","3 - 2","Fulton","home","https://www.mshsaa.org/MySchool/Schedule.aspx?s=360&alg=57","https://www.mshsaa.org/MySchool/Matchup.aspx?s=360&alg=57&comp=2661607","805 S Miami, Marshall, MO 65340-2499"
"128","Mexico High School","Golf Girls","24","Varsity","9/3","","","Mexico-Harrisburg-Palmyra-SoBoCo","tournament","https://www.mshsaa.org/MySchool/Schedule.aspx?s=128&alg=24","https://www.mshsaa.org/MySchool/Tournament.aspx?s=128&alg=24&tournament=586784","Mexico, MO"
"128","Mexico High School","Soccer Boys","33","Varsity","9/3","","1 - 2","Fulton","home","https://www.mshsaa.org/MySchool/Schedule.aspx?s=128&alg=33","https://www.mshsaa.org/MySchool/Matchup.aspx?s=128&alg=33&comp=2756448","639 N Wade, Mexico, MO 65265-1899"
"132","Moberly High School","Golf Girls","24","Varsity","9/3","","","Marshall Quad","tournament","https://www.mshsaa.org/MySchool/Schedule.aspx?s=132&alg=24","https://www.mshsaa.org/MySchool/Tournament.aspx?s=132&alg=24&tournament=586013","Marshall, MO"
"132","Moberly High School","Soccer Boys","33","Varsity","9/3","","8 - 0","Canton","away","https://www.mshsaa.org/MySchool/Schedule.aspx?s=132&alg=33","https://www.mshsaa.org/MySchool/Matchup.aspx?s=132&alg=33&comp=2718485","200 S 4th St, Canton, MO 63435-1510"
"132","Moberly High School","Softball Fall Season","38","Varsity","9/3","","","Kirksville","away","https://www.mshsaa.org/MySchool/Schedule.aspx?s=132&alg=38","https://www.mshsaa.org/MySchool/Matchup.aspx?s=132&alg=38&comp=2671684","1300 S Cottage Grove, Kirksville, MO 63501-3998"
"139","North Callaway High School","Softball Fall Season","38","Varsity","9/3","","12 - 2","Van-Far","away","https://www.mshsaa.org/MySchool/Schedule.aspx?s=139&alg=38","https://www.mshsaa.org/MySchool/Matchup.aspx?s=139&alg=38&comp=2614149","2200 W US Hwy 54, Vandalia, MO 63382-1199"
"139","North Callaway High School","Volleyball Girls","57","Varsity","9/3","","3 - 0","Montgomery County","home","https://www.mshsaa.org/MySchool/Schedule.aspx?s=139&alg=57","https://www.mshsaa.org/MySchool/Matchup.aspx?s=139&alg=57&comp=2615031","2700 Thunderbird Dr, Kingdom City, MO 65262-1817"
"152","Osage High School","Softball Fall Season","38","Varsity","9/3","","17 - 5","Fulton","home","https://www.mshsaa.org/MySchool/Schedule.aspx?s=152&alg=38","https://www.mshsaa.org/MySchool/Matchup.aspx?s=152&alg=38&comp=2652982","636 Hwy 42, Osage Beach, MO 65065-5301"
"152","Osage High School","Tennis Girls","49","Varsity","9/3","","5 - 4","Boonville","away","https://www.mshsaa.org/MySchool/Schedule.aspx?s=152&alg=49","https://www.mshsaa.org/MySchool/Matchup.aspx?s=152&alg=49&comp=2697348","1 Pirate Dr., Boonville, MO 65233-2740"
"152","Osage High School","Volleyball Girls","57","Varsity","9/3","","1 - 3","Blair Oaks","home","https://www.mshsaa.org/MySchool/Schedule.aspx?s=152&alg=57","https://www.mshsaa.org/MySchool/Matchup.aspx?s=152&alg=57&comp=2709003","636 Hwy 42, Osage Beach, MO 65065-5301"
"578","Rock Bridge High School","Softball Fall Season","38","Varsity","9/3","","","at Papio South Papillion, NE","away","https://www.mshsaa.org/MySchool/Schedule.aspx?s=578&alg=38","",""
"578","Rock Bridge High School","Volleyball Girls","57","Varsity","9/3","","","CMAC vs. OMC Crossover","tournament","https://www.mshsaa.org/MySchool/Schedule.aspx?s=578&alg=57","https://www.mshsaa.org/MySchool/Tournament.aspx?s=578&alg=57&tournament=579202","Columbia, MO"
"578","Rock Bridge High School","Volleyball Girls","57","Varsity","⤷ 9/3","","1 - 2","West Plains","tournament","https://www.mshsaa.org/MySchool/Schedule.aspx?s=578&alg=57","https://www.mshsaa.org/MySchool/Matchup.aspx?s=578&alg=57&comp=2786708","Columbia, MO"
"578","Rock Bridge High School","Volleyball Girls","57","Varsity","⤷ 9/3","","","Logan-Rogersville","tournament","https://www.mshsaa.org/MySchool/Schedule.aspx?s=578&alg=57","https://www.mshsaa.org/MySchool/Matchup.aspx?s=578&alg=57&comp=2786710","Columbia, MO"
"430","Russellville High School","Softball Fall Season","38","Varsity","9/3","","15 - 5","Camdenton","home","https://www.mshsaa.org/MySchool/Schedule.aspx?s=430&alg=38","https://www.mshsaa.org/MySchool/Matchup.aspx?s=430&alg=38&comp=2616298","13600 Rte C, Russellville, MO 65074"
"430","Russellville High School","Volleyball Girls","57","Varsity","9/3","","3 - 1","La Monte","away","https://www.mshsaa.org/MySchool/Schedule.aspx?s=430&alg=57","https://www.mshsaa.org/MySchool/Matchup.aspx?s=430&alg=57&comp=2612877","301 S Washington, La Monte, MO 65337-1183"
"431","Salisbury High School","Golf Girls","24","Varsity","9/3","","","Marceline Open","tournament","https://www.mshsaa.org/MySchool/Schedule.aspx?s=431&alg=24","https://www.mshsaa.org/MySchool/Tournament.aspx?s=431&alg=24&tournament=545809","Marceline, MO"
"194","Smith-Cotton High School","Golf Girls","24","Varsity","9/3","","","Marshall Quad","tournament","https://www.mshsaa.org/MySchool/Schedule.aspx?s=194&alg=24","https://www.mshsaa.org/MySchool/Tournament.aspx?s=194&alg=24&tournament=557511","Marshall, MO"
"194","Smith-Cotton High School","Tennis Girls","49","Varsity","9/3","","9 - 0","Battle","home","https://www.mshsaa.org/MySchool/Schedule.aspx?s=194&alg=49","https://www.mshsaa.org/MySchool/Matchup.aspx?s=194&alg=49&comp=2669518","2010 Tiger Pride Blvd, Sedalia, MO 65301-8503"
"194","Smith-Cotton High School","Volleyball Girls","57","Varsity","9/3","","","CMAC vs. OMC Crossover Tournament","tournament","https://www.mshsaa.org/MySchool/Schedule.aspx?s=194&alg=57","https://www.mshsaa.org/MySchool/Tournament.aspx?s=194&alg=57&tournament=548483","Columbia, MO"
"197","South Callaway High School","Softball Fall Season","38","Varsity","9/3","","6 - 4","St. James","home","https://www.mshsaa.org/MySchool/Schedule.aspx?s=197&alg=38","https://www.mshsaa.org/MySchool/Matchup.aspx?s=197&alg=38&comp=2732805","10135 State Rd C, Mokane, MO 65059-0038"
"2","Southern Boone High School","Golf Girls","24","Varsity","9/3","4:00 pm","","Mexico-Harrisburg-Palmyra-SoBoCo","tournament","https://www.mshsaa.org/MySchool/Schedule.aspx?s=2&alg=24","https://www.mshsaa.org/MySchool/Tournament.aspx?s=2&alg=24&tournament=564530","Mexico, MO"
"2","Southern Boone High School","Soccer Boys","33","Varsity","9/3","","5 - 0","Elsberry with Silex","away","https://www.mshsaa.org/MySchool/Schedule.aspx?s=2&alg=33","https://www.mshsaa.org/MySchool/Matchup.aspx?s=2&alg=33&comp=2703027","138 Tomahawk Dr, Elsberry, MO 63343-0106"
"2","Southern Boone High School","Softball Fall Season","38","Varsity","9/3","","13 - 1","Eldon","away","https://www.mshsaa.org/MySchool/Schedule.aspx?s=2&alg=38","https://www.mshsaa.org/MySchool/Matchup.aspx?s=2&alg=38&comp=2650862","112 S Pine St, Eldon, MO 65026-1594"
"2","Southern Boone High School","Volleyball Girls","57","Varsity","9/3","","","New Bloomfield","home","https://www.mshsaa.org/MySchool/Schedule.aspx?s=2&alg=57","https://www.mshsaa.org/MySchool/Matchup.aspx?s=2&alg=57&comp=2653880","14520 Crump Lane, Ashland, MO 65010-9464"
"474","Tipton High School","Volleyball Girls","57","Varsity","9/3","","0 - 3","Versailles","home","https://www.mshsaa.org/MySchool/Schedule.aspx?s=474&alg=57","https://www.mshsaa.org/MySchool/Matchup.aspx?s=474&alg=57&comp=2635291","334 US Hwy 50 West, Tipton, MO 65081-8606"
"485","Versailles High School","Golf Girls","24","Varsity","9/3","","","Boonville","away","https://www.mshsaa.org/MySchool/Schedule.aspx?s=485&alg=24","https://www.mshsaa.org/MySchool/Matchup.aspx?s=485&alg=24&comp=2629948","1 Pirate Dr., Boonville, MO 65233-2740"
"485","Versailles High School","Volleyball Girls","57","Varsity","9/3","","3 - 0","Tipton","away","https://www.mshsaa.org/MySchool/Schedule.aspx?s=485&alg=57","https://www.mshsaa.org/MySchool/Matchup.aspx?s=485&alg=57&comp=2643112","334 US Hwy 50 West, Tipton, MO 65081-8606"
"953","Battle High School","Football","19","Varsity","9/4","","0 - 38","Capital City","home","https://www.mshsaa.org/MySchool/Schedule.aspx?s=953&alg=19","https://www.mshsaa.org/MySchool/Matchup.aspx?s=953&alg=19&comp=2666891","7575 St. Charles Road, Columbia, MO 65202"
"953","Battle High School","Softball Fall Season","38","Varsity","9/4-5","","","Battle Round Robin","tournament","https://www.mshsaa.org/MySchool/Schedule.aspx?s=953&alg=38","https://www.mshsaa.org/MySchool/Tournament.aspx?s=953&alg=38&tournament=587103","Columbia, MO"
"953","Battle High School","Softball Fall Season","38","Varsity","⤷ 9/4","","4 - 7","Father Tolton","tournament","https://www.mshsaa.org/MySchool/Schedule.aspx?s=953&alg=38","https://www.mshsaa.org/MySchool/Matchup.aspx?s=953&alg=38&comp=2794779","Columbia, MO"
"953","Battle High School","Softball Fall Season","38","Varsity","⤷ 9/4","","16 - 6","Grandview","tournament","https://www.mshsaa.org/MySchool/Schedule.aspx?s=953&alg=38","https://www.mshsaa.org/MySchool/Matchup.aspx?s=953&alg=38&comp=2794781","Columbia, MO"
"953","Battle High School","Tennis Girls","49","Varsity","9/4","","","Mexico Dual Tennis Tournament","tournament","https://www.mshsaa.org/MySchool/Schedule.aspx?s=953&alg=49","https://www.mshsaa.org/MySchool/Tournament.aspx?s=953&alg=49&tournament=589101","Mexico, MO"
"953","Battle High School","Tennis Girls","49","Varsity","⤷ 9/4","","2 - 3","St. Charles West","tournament","https://www.mshsaa.org/MySchool/Schedule.aspx?s=953&alg=49","https://www.mshsaa.org/MySchool/Matchup.aspx?s=953&alg=49&comp=2794833","Mexico, MO"
"953","Battle High School","Tennis Girls","49","Varsity","⤷ 9/4","","1 - 4","Potosi","tournament","https://www.mshsaa.org/MySchool/Schedule.aspx?s=953&alg=49","https://www.mshsaa.org/MySchool/Matchup.aspx?s=953&alg=49&comp=2794834","Mexico, MO"
"953","Battle High School","Tennis Girls","49","Varsity","⤷ 9/4","","2 - 3","Fulton","tournament","https://www.mshsaa.org/MySchool/Schedule.aspx?s=953&alg=49","https://www.mshsaa.org/MySchool/Matchup.aspx?s=953&alg=49&comp=2794835","Mexico, MO"
"953","Battle High School","Tennis Girls","49","Varsity","⤷ 9/4","","3 - 2","Richmond","tournament","https://www.mshsaa.org/MySchool/Schedule.aspx?s=953&alg=49","https://www.mshsaa.org/MySchool/Matchup.aspx?s=953&alg=49&comp=2794836","Mexico, MO"
"217","Blair Oaks High School","Football","19","Varsity","9/4","","49 - 35","Lutheran North","away","https://www.mshsaa.org/MySchool/Schedule.aspx?s=217&alg=19","https://www.mshsaa.org/MySchool/Matchup.aspx?s=217&alg=19&comp=2627487","5401 Lucas Hunt, St. Louis, MO 63121-1599"
"16","Boonville High School","Football","19","Varsity","9/4","","62 - 20","Marshall","away","https://www.mshsaa.org/MySchool/Schedule.aspx?s=16&alg=19","https://www.mshsaa.org/MySchool/Matchup.aspx?s=16&alg=19&comp=2651113","805 S Miami, Marshall, MO 65340-2499"
"582","California High School","Football","19","Varsity","9/4","","33 - 6","Montgomery County","away","https://www.mshsaa.org/MySchool/Schedule.aspx?s=582&alg=19","https://www.mshsaa.org/MySchool/Matchup.aspx?s=582&alg=19&comp=2532062","394 N Hwy 19, Montgomery City, MO 63361-5216"
"26","Camdenton High School","Football","19","Varsity","9/4","","61 - 34","Jefferson City","away","https://www.mshsaa.org/MySchool/Schedule.aspx?s=26&alg=19","https://www.mshsaa.org/MySchool/Matchup.aspx?s=26&alg=19&comp=2696912","609 Union St, Jefferson City, MO 65101-2898"
"26","Camdenton High School","Swimming and Diving Boys","44","Varsity","9/4","","","Glendale","away","https://www.mshsaa.org/MySchool/Schedule.aspx?s=26&alg=44","https://www.mshsaa.org/MySchool/Matchup.aspx?s=26&alg=44&comp=2794029","2727 S Ingram Mill Rd, Springfield, MO 65804-4098"
"1540","Capital City High School","Football","19","Varsity","9/4","","38 - 0","Battle","away","https://www.mshsaa.org/MySchool/Schedule.aspx?s=1540&alg=19","https://www.mshsaa.org/MySchool/Matchup.aspx?s=1540&alg=19&comp=2622647","7575 St. Charles Road, Columbia, MO 65202"
"1540","Capital City High School","Softball Fall Season","38","Varsity","9/4","","2 - 12","Fatima","away","https://www.mshsaa.org/MySchool/Schedule.aspx?s=1540&alg=38","https://www.mshsaa.org/MySchool/Matchup.aspx?s=1540&alg=38&comp=2623138","143 E. Main, Westphalia, MO 65085"
"53","Centralia High School","Cross Country Boys","11","Varsity","9/4","","","Mexico Cross Country Invitational","tournament","https://www.mshsaa.org/MySchool/Schedule.aspx?s=53&alg=11","https://www.mshsaa.org/MySchool/Tournament.aspx?s=53&alg=11&tournament=589514","Mexico, MO"
"53","Centralia High School","Cross Country Girls","12","Varsity","9/4","","","Mexico Cross Country Invitational","tournament","https://www.mshsaa.org/MySchool/Schedule.aspx?s=53&alg=12","https://www.mshsaa.org/MySchool/Tournament.aspx?s=53&alg=12&tournament=589515","Mexico, MO"
"53","Centralia High School","Football","19","Varsity","9/4","","52 - 21","Hallsville","home","https://www.mshsaa.org/MySchool/Schedule.aspx?s=53&alg=19","https://www.mshsaa.org/MySchool/Matchup.aspx?s=53&alg=19&comp=2584442","849 S Jefferson St, Centralia, MO 65240-1605"
"1099","Christian Fellowship","Soccer Boys","33","Varsity","9/4","","3 - 2","Smithton","away","https://www.mshsaa.org/MySchool/Schedule.aspx?s=1099&alg=33","https://www.mshsaa.org/MySchool/Matchup.aspx?s=1099&alg=33&comp=2657233","505 S Myrtle Ave, Smithton, MO 65350-1038"
"278","Eldon High School","Football","19","Varsity","9/4","","0 - 28","Versailles","home","https://www.mshsaa.org/MySchool/Schedule.aspx?s=278&alg=19","https://www.mshsaa.org/MySchool/Matchup.aspx?s=278&alg=19&comp=2609436","112 S Pine St, Eldon, MO 65026-1594"
"917","Father Tolton","Football","19","Varsity","9/4","","26 - 40","St. Clair","home","https://www.mshsaa.org/MySchool/Schedule.aspx?s=917&alg=19","https://www.mshsaa.org/MySchool/Matchup.aspx?s=917&alg=19&comp=2571310","3351 E Gans Road, Columbia, MO 65201"
"917","Father Tolton","Softball Fall Season","38","Varsity","9/4-5","","","Battle Round Robin","tournament","https://www.mshsaa.org/MySchool/Schedule.aspx?s=917&alg=38","https://www.mshsaa.org/MySchool/Tournament.aspx?s=917&alg=38&tournament=582148","Columbia, MO"
"917","Father Tolton","Softball Fall Season","38","Varsity","⤷ 9/4","","7 - 4","Battle","tournament","https://www.mshsaa.org/MySchool/Schedule.aspx?s=917&alg=38","https://www.mshsaa.org/MySchool/Matchup.aspx?s=917&alg=38&comp=2786096","Columbia, MO"
"917","Father Tolton","Tennis Girls","49","Varsity","⤷ 9/4","","","Nixa","tournament","https://www.mshsaa.org/MySchool/Schedule.aspx?s=917&alg=49","https://www.mshsaa.org/MySchool/Matchup.aspx?s=917&alg=49&comp=2788203","Bolivar, MO"
"917","Father Tolton","Tennis Girls","49","Varsity","⤷ 9/4","","4 - 5","Bolivar","tournament","https://www.mshsaa.org/MySchool/Schedule.aspx?s=917&alg=49","https://www.mshsaa.org/MySchool/Matchup.aspx?s=917&alg=49&comp=2788204","Bolivar, MO"
"294","Fayette High School","Football","19","Varsity","9/4","","12 - 7","Trenton","home","https://www.mshsaa.org/MySchool/Schedule.aspx?s=294&alg=19","https://www.mshsaa.org/MySchool/Matchup.aspx?s=294&alg=19&comp=2645746","510 N. Cleveland St., Fayette, MO 65248-1596"
"80","Fulton High School","Football","19","Varsity","9/4","","19 - 26","Mexico","away","https://www.mshsaa.org/MySchool/Schedule.aspx?s=80&alg=19","https://www.mshsaa.org/MySchool/Matchup.aspx?s=80&alg=19&comp=2586573","639 N Wade, Mexico, MO 65265-1899"
"80","Fulton High School","Tennis Girls","49","Varsity","9/4","","","Mexico Dual Tennis Tournament","tournament","https://www.mshsaa.org/MySchool/Schedule.aspx?s=80&alg=49","https://www.mshsaa.org/MySchool/Tournament.aspx?s=80&alg=49&tournament=585819","Mexico, MO"
"80","Fulton High School","Tennis Girls","49","Varsity","⤷ 9/4","","0 - 5","Potosi","tournament","https://www.mshsaa.org/MySchool/Schedule.aspx?s=80&alg=49","https://www.mshsaa.org/MySchool/Matchup.aspx?s=80&alg=49&comp=2794921","Mexico, MO"
"80","Fulton High School","Tennis Girls","49","Varsity","⤷ 9/4","","1 - 4","St. Charles West","tournament","https://www.mshsaa.org/MySchool/Schedule.aspx?s=80&alg=49","https://www.mshsaa.org/MySchool/Matchup.aspx?s=80&alg=49&comp=2794922","Mexico, MO"
"80","Fulton High School","Tennis Girls","49","Varsity","⤷ 9/4","","3 - 2","Battle","tournament","https://www.mshsaa.org/MySchool/Schedule.aspx?s=80&alg=49","https://www.mshsaa.org/MySchool/Matchup.aspx?s=80&alg=49&comp=2794923","Mexico, MO"
"80","Fulton High School","Tennis Girls","49","Varsity","⤷ 9/4","","1 - 4","Mexico","tournament","https://www.mshsaa.org/MySchool/Schedule.aspx?s=80&alg=49","https://www.mshsaa.org/MySchool/Matchup.aspx?s=80&alg=49&comp=2794924","Mexico, MO"
"311","Hallsville High School","Football","19","Varsity","9/4","","21 - 52","Centralia","away","https://www.mshsaa.org/MySchool/Schedule.aspx?s=311&alg=19","https://www.mshsaa.org/MySchool/Matchup.aspx?s=311&alg=19&comp=2589253","849 S Jefferson St, Centralia, MO 65240-1605"
"311","Hallsville High School","Soccer Boys","33","Varsity","9/4","","3 - 2","Smithton","away","https://www.mshsaa.org/MySchool/Schedule.aspx?s=311&alg=33","https://www.mshsaa.org/MySchool/Matchup.aspx?s=311&alg=33&comp=2657233","505 S Myrtle Ave, Smithton, MO 65350-1038"
"313","Harrisburg High School","Football","19","Varsity","9/4","","0 - 37","Clark County","home","https://www.mshsaa.org/MySchool/Schedule.aspx?s=313&alg=19","https://www.mshsaa.org/MySchool/Matchup.aspx?s=313&alg=19&comp=2522971","801 S Harris St, Harrisburg, MO 65256-9542"
"313","Harrisburg High School","Softball Fall Season","38","Varsity","9/4","","","Clark County","home","https://www.mshsaa.org/MySchool/Schedule.aspx?s=313&alg=38","https://www.mshsaa.org/MySchool/Matchup.aspx?s=313&alg=38&comp=2615654","801 S. Harris St., Harrisburg, MO 65256"
"522","Helias High School","Cross Country Boys","11","Varsity","9/4","","","1st Capitol XC Meet","tournament","https://www.mshsaa.org/MySchool/Schedule.aspx?s=522&alg=11","https://www.mshsaa.org/MySchool/Tournament.aspx?s=522&alg=11&tournament=544806","St. Charles, MO"
"522","Helias High School","Cross Country Girls","12","Varsity","9/4","","","1st Capitol XC Meet","tournament","https://www.mshsaa.org/MySchool/Schedule.aspx?s=522&alg=12","https://www.mshsaa.org/MySchool/Tournament.aspx?s=522&alg=12&tournament=544819","St. Charles, MO"
"522","Helias High School","Football","19","Varsity","9/4","","31 - 13","Hickman","away","https://www.mshsaa.org/MySchool/Schedule.aspx?s=522&alg=19","https://www.mshsaa.org/MySchool/Matchup.aspx?s=522&alg=19&comp=2627938","1104 N Providence Rd, Columbia, MO 65203-4398"
"522","Helias High School","Softball Fall Season","38","Varsity","9/4-5","","","Kaiti Williams Softball Tournament","tournament","https://www.mshsaa.org/MySchool/Schedule.aspx?s=522&alg=38","https://www.mshsaa.org/MySchool/Tournament.aspx?s=522&alg=38&tournament=550671","Papillion, NE"
"522","Helias High School","Softball Fall Season","38","Varsity","⤷ 9/4","","0 - 5","⤷ Westview Omaha, NE","tournament","https://www.mshsaa.org/MySchool/Schedule.aspx?s=522&alg=38","",""
"522","Helias High School","Softball Fall Season","38","Varsity","⤷ 9/4","","0 - 2","⤷ Gretna Gretna, NE","tournament","https://www.mshsaa.org/MySchool/Schedule.aspx?s=522&alg=38","",""
"522","Helias High School","Volleyball Girls","57","Varsity","9/4","","2 - 1","Kickapoo","home","https://www.mshsaa.org/MySchool/Schedule.aspx?s=522&alg=57","https://www.mshsaa.org/MySchool/Matchup.aspx?s=522&alg=57&comp=2726904","1305 Swifts Hwy, Jefferson City, MO 65109-2595"
"522","Helias High School","Volleyball Girls","57","Varsity","9/4","","2 - 1","Nixa","home","https://www.mshsaa.org/MySchool/Schedule.aspx?s=522&alg=57","https://www.mshsaa.org/MySchool/Matchup.aspx?s=522&alg=57&comp=2726905","1305 Swifts Hwy, Jefferson City, MO 65109-2595"
"85","Hickman High School","Football","19","Varsity","9/4","","13 - 31","Helias Catholic","home","https://www.mshsaa.org/MySchool/Schedule.aspx?s=85&alg=19","https://www.mshsaa.org/MySchool/Matchup.aspx?s=85&alg=19&comp=2632780","1104 N Providence Rd, Columbia, MO 65203-4398"
"85","Hickman High School","Soccer Boys","33","Varsity","9/4","","3 - 2","Central (Springfield)","away","https://www.mshsaa.org/MySchool/Schedule.aspx?s=85&alg=33","https://www.mshsaa.org/MySchool/Matchup.aspx?s=85&alg=33&comp=2720967","423 E Central St, Springfield, MO 65802-3765"
"84","Jefferson City High School","Football","19","Varsity","9/4","","34 - 61","Camdenton","home","https://www.mshsaa.org/MySchool/Schedule.aspx?s=84&alg=19","https://www.mshsaa.org/MySchool/Matchup.aspx?s=84&alg=19&comp=2590044","610 Union St., Jefferson City, MO 65101"
"84","Jefferson City High School","Softball Fall Season","38","Varsity","9/4","","0 - 11","St. Elizabeth","home","https://www.mshsaa.org/MySchool/Schedule.aspx?s=84&alg=38","https://www.mshsaa.org/MySchool/Matchup.aspx?s=84&alg=38&comp=2639939","609 Union St, Jefferson City, MO 65101-2898"
"84","Jefferson City High School","Volleyball Girls","57","Varsity","9/4","","0 - 2","Kickapoo","home","https://www.mshsaa.org/MySchool/Schedule.aspx?s=84&alg=57","https://www.mshsaa.org/MySchool/Matchup.aspx?s=84&alg=57&comp=2751317","609 Union St., Jefferson City, MO 65101"
"84","Jefferson City High School","Volleyball Girls","57","Varsity","9/4","","0 - 2","Nixa","home","https://www.mshsaa.org/MySchool/Schedule.aspx?s=84&alg=57","https://www.mshsaa.org/MySchool/Matchup.aspx?s=84&alg=57&comp=2751318","609 Union St., Jefferson City, MO 65101"
"360","Marshall High School","Football","19","Varsity","9/4","","20 - 62","Boonville","home","https://www.mshsaa.org/MySchool/Schedule.aspx?s=360&alg=19","https://www.mshsaa.org/MySchool/Matchup.aspx?s=360&alg=19&comp=2450264","805 S Miami, Marshall, MO 65340-2499"
"128","Mexico High School","Cross Country Boys","11","Varsity","9/4","","","Mexico Cross Country Invitational","tournament","https://www.mshsaa.org/MySchool/Schedule.aspx?s=128&alg=11","https://www.mshsaa.org/MySchool/Tournament.aspx?s=128&alg=11&tournament=569370","Mexico, MO"
"128","Mexico High School","Cross Country Girls","12","Varsity","9/4","","","Mexico Cross Country Invitational","tournament","https://www.mshsaa.org/MySchool/Schedule.aspx?s=128&alg=12","https://www.mshsaa.org/MySchool/Tournament.aspx?s=128&alg=12&tournament=588293","Mexico, MO"
"128","Mexico High School","Football","19","Varsity","9/4","","26 - 19","Fulton","home","https://www.mshsaa.org/MySchool/Schedule.aspx?s=128&alg=19","https://www.mshsaa.org/MySchool/Matchup.aspx?s=128&alg=19&comp=2586282","639 N Wade, Mexico, MO 65265-1899"
"128","Mexico High School","Softball Fall Season","38","Varsity","9/4-5","","","Battle Round Robin","tournament","https://www.mshsaa.org/MySchool/Schedule.aspx?s=128&alg=38","https://www.mshsaa.org/MySchool/Tournament.aspx?s=128&alg=38&tournament=554937","Columbia, MO"
"128","Mexico High School","Tennis Girls","49","Varsity","9/4","","","Mexico Dual Tennis Tournament","tournament","https://www.mshsaa.org/MySchool/Schedule.aspx?s=128&alg=49","https://www.mshsaa.org/MySchool/Tournament.aspx?s=128&alg=49&tournament=585380","639 N. Wade St. Mexico, MO 65265"
"128","Mexico High School","Tennis Girls","49","Varsity","⤷ 9/4","","2 - 3","Richmond","tournament","https://www.mshsaa.org/MySchool/Schedule.aspx?s=128&alg=49","https://www.mshsaa.org/MySchool/Matchup.aspx?s=128&alg=49&comp=2794184","Mexico, MO"
"128","Mexico High School","Tennis Girls","49","Varsity","⤷ 9/4","","3 - 2","Knob Noster","tournament","https://www.mshsaa.org/MySchool/Schedule.aspx?s=128&alg=49","https://www.mshsaa.org/MySchool/Matchup.aspx?s=128&alg=49&comp=2794185","Mexico, MO"
"128","Mexico High School","Tennis Girls","49","Varsity","⤷ 9/4","","0 - 5","St. Charles","tournament","https://www.mshsaa.org/MySchool/Schedule.aspx?s=128&alg=49","https://www.mshsaa.org/MySchool/Matchup.aspx?s=128&alg=49&comp=2794187","Mexico, MO"
"128","Mexico High School","Tennis Girls","49","Varsity","⤷ 9/4","","4 - 1","Fulton","tournament","https://www.mshsaa.org/MySchool/Schedule.aspx?s=128&alg=49","https://www.mshsaa.org/MySchool/Matchup.aspx?s=128&alg=49&comp=2794796","Mexico, MO"
"569","Missouri Military Academy","Cross Country Boys","11","Varsity","9/4","","","Mexico Cross Country Invitational","tournament","https://www.mshsaa.org/MySchool/Schedule.aspx?s=569&alg=11","https://www.mshsaa.org/MySchool/Tournament.aspx?s=569&alg=11&tournament=588310","Mexico, MO"
"132","Moberly High School","Football","19","Varsity","9/4","","55 - 21","Osage","home","https://www.mshsaa.org/MySchool/Schedule.aspx?s=132&alg=19","https://www.mshsaa.org/MySchool/Matchup.aspx?s=132&alg=19&comp=2518200","1625 Gratz Brown Street, Moberly, MO 65270"
"139","North Callaway High School","Cross Country Boys","11","Varsity","9/4","","","Mexico Cross Country Invitational","tournament","https://www.mshsaa.org/MySchool/Schedule.aspx?s=139&alg=11","https://www.mshsaa.org/MySchool/Tournament.aspx?s=139&alg=11&tournament=589017","Mexico, MO"
"139","North Callaway High School","Cross Country Girls","12","Varsity","9/4","","","Mexico Cross Country Invitational","tournament","https://www.mshsaa.org/MySchool/Schedule.aspx?s=139&alg=12","https://www.mshsaa.org/MySchool/Tournament.aspx?s=139&alg=12&tournament=589018","Mexico, MO"
"139","North Callaway High School","Football","19","Varsity","9/4","","28 - 35","Macon","home","https://www.mshsaa.org/MySchool/Schedule.aspx?s=139&alg=19","https://www.mshsaa.org/MySchool/Matchup.aspx?s=139&alg=19&comp=2591214","2700 Thunderbird Dr, Kingdom City, MO 65262-1817"
"152","Osage High School","Football","19","Varsity","9/4","","21 - 55","Moberly","away","https://www.mshsaa.org/MySchool/Schedule.aspx?s=152&alg=19","https://www.mshsaa.org/MySchool/Matchup.aspx?s=152&alg=19&comp=2518993","1625 Gratz Brown, Moberly, MO 65270-1904"
"578","Rock Bridge High School","Cross Country Boys","11","Varsity","9/4","","","Augustana Twilight","tournament","https://www.mshsaa.org/MySchool/Schedule.aspx?s=578&alg=11","https://www.mshsaa.org/MySchool/Tournament.aspx?s=578&alg=11&tournament=596593","Sioux Falls, SD"
"578","Rock Bridge High School","Cross Country Girls","12","Varsity","9/4","","","Augustana Twilight","tournament","https://www.mshsaa.org/MySchool/Schedule.aspx?s=578&alg=12","https://www.mshsaa.org/MySchool/Tournament.aspx?s=578&alg=12&tournament=596600","Sioux Falls, SD"
"578","Rock Bridge High School","Football","19","Varsity","9/4","","31 - 21","Smith-Cotton","away","https://www.mshsaa.org/MySchool/Schedule.aspx?s=578&alg=19","https://www.mshsaa.org/MySchool/Matchup.aspx?s=578&alg=19&comp=2669329","2010 Tiger Pride Blvd, Sedalia, MO 65301-8503"
"578","Rock Bridge High School","Softball Fall Season","38","Varsity","9/4-5","","","Kaiti Williams Leadoff Classic","tournament","https://www.mshsaa.org/MySchool/Schedule.aspx?s=578&alg=38","https://www.mshsaa.org/MySchool/Tournament.aspx?s=578&alg=38&tournament=589497","Omaha, NE"
"578","Rock Bridge High School","Tennis Girls","49","Varsity","9/4","","","Mid-MO Duals","tournament","https://www.mshsaa.org/MySchool/Schedule.aspx?s=578&alg=49","https://www.mshsaa.org/MySchool/Tournament.aspx?s=578&alg=49&tournament=573146","4500 Bethel Street Columbia, MO 65203"
"578","Rock Bridge High School","Tennis Girls","49","Varsity","⤷ 9/4","","4 - 5","Ladue Horton Watkins","tournament","https://www.mshsaa.org/MySchool/Schedule.aspx?s=578&alg=49","https://www.mshsaa.org/MySchool/Matchup.aspx?s=578&alg=49&comp=2790596","Columbia, MO"
"578","Rock Bridge High School","Tennis Girls","49","Varsity","⤷ 9/4","","7 - 2","⤷ Bentonville Bentonville, AR","tournament","https://www.mshsaa.org/MySchool/Schedule.aspx?s=578&alg=49","",""
"430","Russellville High School","Football","19","Varsity","9/4","","47 - 6","Van-Far","home","https://www.mshsaa.org/MySchool/Schedule.aspx?s=430&alg=19","https://www.mshsaa.org/MySchool/Matchup.aspx?s=430&alg=19&comp=2523759","13600 Hwy C, Russellville, MO 65074"
"431","Salisbury High School","Football","19","Varsity","9/4","","26 - 13","Marceline","away","https://www.mshsaa.org/MySchool/Schedule.aspx?s=431&alg=19","https://www.mshsaa.org/MySchool/Matchup.aspx?s=431&alg=19&comp=2597957","314 E Santa Fe, Marceline, MO 64658-1453"
"194","Smith-Cotton High School","Football","19","Varsity","9/4","","21 - 31","Rock Bridge","home","https://www.mshsaa.org/MySchool/Schedule.aspx?s=194&alg=19","https://www.mshsaa.org/MySchool/Matchup.aspx?s=194&alg=19&comp=2669251","2010 Tiger Pride Blvd, Sedalia, MO 65301-8503"
"194","Smith-Cotton High School","Softball Fall Season","38","Varsity","9/4","","2 - 8","Republic","home","https://www.mshsaa.org/MySchool/Schedule.aspx?s=194&alg=38","https://www.mshsaa.org/MySchool/Matchup.aspx?s=194&alg=38&comp=2792128","2010 Tiger Pride Blvd, Sedalia, MO 65301-8503"
"194","Smith-Cotton High School","Tennis Girls","49","Varsity","9/4","","","Lee's Summit North Tournament","tournament","https://www.mshsaa.org/MySchool/Schedule.aspx?s=194&alg=49","https://www.mshsaa.org/MySchool/Tournament.aspx?s=194&alg=49&tournament=556732","Lee's Summit, MO"
"197","South Callaway High School","Football","19","Varsity","9/4","","47 - 0","Hermann","away","https://www.mshsaa.org/MySchool/Schedule.aspx?s=197&alg=19","https://www.mshsaa.org/MySchool/Matchup.aspx?s=197&alg=19&comp=2639303","176 Bearcat Xing, Hermann, MO 65041-4200"
"2","Southern Boone High School","Football","19","Varsity","9/4","","41 - 13","North County","home","https://www.mshsaa.org/MySchool/Schedule.aspx?s=2&alg=19","https://www.mshsaa.org/MySchool/Matchup.aspx?s=2&alg=19&comp=2626351","14520 Crump Lane, Ashland, MO 65010-9464"
"474","Tipton High School","Football","19","Varsity","9/4","","28 - 14","Pierce City","home","https://www.mshsaa.org/MySchool/Schedule.aspx?s=474&alg=19","https://www.mshsaa.org/MySchool/Matchup.aspx?s=474&alg=19&comp=2675196","334 US Hwy 50 West, Tipton, MO 65081-8606"
"485","Versailles High School","Football","19","Varsity","9/4","","28 - 0","Eldon","away","https://www.mshsaa.org/MySchool/Schedule.aspx?s=485&alg=19","https://www.mshsaa.org/MySchool/Matchup.aspx?s=485&alg=19&comp=2608913","112 S Pine St, Eldon, MO 65026-1594"
"953","Battle High School","Softball Fall Season","38","Varsity","⤷ 9/5","","6 - 17","Mexico","tournament","https://www.mshsaa.org/MySchool/Schedule.aspx?s=953&alg=38","https://www.mshsaa.org/MySchool/Matchup.aspx?s=953&alg=38&comp=2794780","Columbia, MO"
"217","Blair Oaks High School","Cross Country Boys","11","Varsity","9/5","8:00 am","","New Haven Invitational","tournament","https://www.mshsaa.org/MySchool/Schedule.aspx?s=217&alg=11","https://www.mshsaa.org/MySchool/Tournament.aspx?s=217&alg=11&tournament=589648","New Haven, MO"
"217","Blair Oaks High School","Cross Country Girls","12","Varsity","9/5","8:00 am","","New Haven Invitational","tournament","https://www.mshsaa.org/MySchool/Schedule.aspx?s=217&alg=12","https://www.mshsaa.org/MySchool/Tournament.aspx?s=217&alg=12&tournament=589650","New Haven, MO"
"26","Camdenton High School","Cross Country Boys","11","Varsity","9/5","","","SWCCCA Meet","tournament","https://www.mshsaa.org/MySchool/Schedule.aspx?s=26&alg=11","https://www.mshsaa.org/MySchool/Tournament.aspx?s=26&alg=11&tournament=578481","Bolivar, MO"
"26","Camdenton High School","Cross Country Girls","12","Varsity","9/5","","","SWCCCA Meet","tournament","https://www.mshsaa.org/MySchool/Schedule.aspx?s=26&alg=12","https://www.mshsaa.org/MySchool/Tournament.aspx?s=26&alg=12&tournament=578927","Bolivar, MO"
"26","Camdenton High School","Swimming and Diving Boys","44","Varsity","9/5","","","Ozarks Invitational","tournament","https://www.mshsaa.org/MySchool/Schedule.aspx?s=26&alg=44","https://www.mshsaa.org/MySchool/Tournament.aspx?s=26&alg=44&tournament=590443","Springfield, MO"
"1540","Capital City High School","Cross Country Boys","11","Varsity","9/5","9:00 am","","SWCCCA Meet","tournament","https://www.mshsaa.org/MySchool/Schedule.aspx?s=1540&alg=11","https://www.mshsaa.org/MySchool/Tournament.aspx?s=1540&alg=11&tournament=572809","Boliver, MO"
"1540","Capital City High School","Cross Country Girls","12","Varsity","9/5","9:00 am","","SWCCCA Meet","tournament","https://www.mshsaa.org/MySchool/Schedule.aspx?s=1540&alg=12","https://www.mshsaa.org/MySchool/Tournament.aspx?s=1540&alg=12&tournament=572817","Boliver, MO"
"53","Centralia High School","Softball Fall Season","38","Varsity","9/5","","","Centralia/Kirksville/Silex Tri","tournament","https://www.mshsaa.org/MySchool/Schedule.aspx?s=53&alg=38","https://www.mshsaa.org/MySchool/Tournament.aspx?s=53&alg=38&tournament=594794","Centralia, MO"
"278","Eldon High School","Softball Fall Season","38","Varsity","9/5","","","Lebanon","away","https://www.mshsaa.org/MySchool/Schedule.aspx?s=278&alg=38","https://www.mshsaa.org/MySchool/Matchup.aspx?s=278&alg=38&comp=2769082","777 Brice St, Lebanon, MO 65536-2451"
"917","Father Tolton","Cross Country Boys","11","Varsity","9/5","","","Tim Nixon Invitational","tournament","https://www.mshsaa.org/MySchool/Schedule.aspx?s=917&alg=11","https://www.mshsaa.org/MySchool/Tournament.aspx?s=917&alg=11&tournament=588190","Liberty, MO"
"917","Father Tolton","Cross Country Girls","12","Varsity","9/5","","","Tim Nixon Invitational","tournament","https://www.mshsaa.org/MySchool/Schedule.aspx?s=917&alg=12","https://www.mshsaa.org/MySchool/Tournament.aspx?s=917&alg=12&tournament=588191","Liberty, MO"
"917","Father Tolton","Softball Fall Season","38","Varsity","⤷ 9/5","","","Grandview","tournament","https://www.mshsaa.org/MySchool/Schedule.aspx?s=917&alg=38","https://www.mshsaa.org/MySchool/Matchup.aspx?s=917&alg=38&comp=2786097","Columbia, MO"
"917","Father Tolton","Softball Fall Season","38","Varsity","⤷ 9/5","","","Mexico","tournament","https://www.mshsaa.org/MySchool/Schedule.aspx?s=917&alg=38","https://www.mshsaa.org/MySchool/Matchup.aspx?s=917&alg=38&comp=2786098","Columbia, MO"
"80","Fulton High School","Cross Country Boys","11","Varsity","9/5","","","SWCCCA Meet","tournament","https://www.mshsaa.org/MySchool/Schedule.aspx?s=80&alg=11","https://www.mshsaa.org/MySchool/Tournament.aspx?s=80&alg=11&tournament=580264","Bolivar, MO"
"80","Fulton High School","Cross Country Girls","12","Varsity","9/5","","","SWCCCA Meet","tournament","https://www.mshsaa.org/MySchool/Schedule.aspx?s=80&alg=12","https://www.mshsaa.org/MySchool/Tournament.aspx?s=80&alg=12&tournament=594831","Bolivar, MO"
"522","Helias High School","Softball Fall Season","38","Varsity","⤷ 9/5","","7 - 2","⤷ Bellevue East Bellevue, NE","tournament","https://www.mshsaa.org/MySchool/Schedule.aspx?s=522&alg=38","",""
"85","Hickman High School","Cross Country Boys","11","Varsity","9/5","","","Tim Nixon Invitational","tournament","https://www.mshsaa.org/MySchool/Schedule.aspx?s=85&alg=11","https://www.mshsaa.org/MySchool/Tournament.aspx?s=85&alg=11&tournament=587516",""
"85","Hickman High School","Cross Country Girls","12","Varsity","9/5","","","Tim Nixon Invitational","tournament","https://www.mshsaa.org/MySchool/Schedule.aspx?s=85&alg=12","https://www.mshsaa.org/MySchool/Tournament.aspx?s=85&alg=12&tournament=587597",""
"85","Hickman High School","Soccer Boys","33","Varsity","9/5","","","Parkview","away","https://www.mshsaa.org/MySchool/Schedule.aspx?s=85&alg=33","https://www.mshsaa.org/MySchool/Matchup.aspx?s=85&alg=33&comp=2720961","516 W Meadowmere, Springfield, MO 65807-1494"
"85","Hickman High School","Tennis Girls","49","Varsity","9/5","","6 - 3","Hannibal","home","https://www.mshsaa.org/MySchool/Schedule.aspx?s=85&alg=49","https://www.mshsaa.org/MySchool/Matchup.aspx?s=85&alg=49&comp=2674541","1104 N Providence Rd, Columbia, MO 65203-4398"
"84","Jefferson City High School","Cross Country Boys","11","Varsity","9/5","","","Bolivar","away","https://www.mshsaa.org/MySchool/Schedule.aspx?s=84&alg=11","https://www.mshsaa.org/MySchool/Matchup.aspx?s=84&alg=11&comp=2608433","1401 N. Pomme De Terre Ave., Bolivar, MO 65613-8282"
"84","Jefferson City High School","Cross Country Girls","12","Varsity","9/5","","","Bolivar","away","https://www.mshsaa.org/MySchool/Schedule.aspx?s=84&alg=12","https://www.mshsaa.org/MySchool/Matchup.aspx?s=84&alg=12&comp=2608433","1401 N. Pomme De Terre Ave., Bolivar, MO 65613-8282"
"152","Osage High School","Cross Country Boys","11","Varsity","9/5","","","SWCCCA Meet","tournament","https://www.mshsaa.org/MySchool/Schedule.aspx?s=152&alg=11","https://www.mshsaa.org/MySchool/Tournament.aspx?s=152&alg=11&tournament=578475","Bolivar, MO"
"152","Osage High School","Cross Country Girls","12","Varsity","9/5","","","SWCCCA Meet","tournament","https://www.mshsaa.org/MySchool/Schedule.aspx?s=152&alg=12","https://www.mshsaa.org/MySchool/Tournament.aspx?s=152&alg=12&tournament=578944","Bolivar, MO"
"194","Smith-Cotton High School","Cross Country Boys","11","Varsity","9/5","","","Richard Clark Invite","tournament","https://www.mshsaa.org/MySchool/Schedule.aspx?s=194&alg=11","https://www.mshsaa.org/MySchool/Tournament.aspx?s=194&alg=11&tournament=593754","Bolivar, MO"
"194","Smith-Cotton High School","Cross Country Girls","12","Varsity","9/5","","","Richard Clark Invite","tournament","https://www.mshsaa.org/MySchool/Schedule.aspx?s=194&alg=12","https://www.mshsaa.org/MySchool/Tournament.aspx?s=194&alg=12&tournament=593755","Bolivar, MO"
"197","South Callaway High School","Cross Country Boys","11","Varsity","9/5","","","New Haven Invitational","tournament","https://www.mshsaa.org/MySchool/Schedule.aspx?s=197&alg=11","https://www.mshsaa.org/MySchool/Tournament.aspx?s=197&alg=11&tournament=573911","New Haven, MO"
"197","South Callaway High School","Cross Country Girls","12","Varsity","9/5","","","New Haven Invitational","tournament","https://www.mshsaa.org/MySchool/Schedule.aspx?s=197&alg=12","https://www.mshsaa.org/MySchool/Tournament.aspx?s=197&alg=12&tournament=573912","New Haven, MO"
"26","Camdenton High School","Tennis Girls","49","Varsity","9/7","4:00 pm","","Jefferson City","home","https://www.mshsaa.org/MySchool/Schedule.aspx?s=26&alg=49","https://www.mshsaa.org/MySchool/Matchup.aspx?s=26&alg=49&comp=2775267","662 Laker Pride Road, Camdenton, MO 65020-1409"
"1099","Christian Fellowship","Softball Fall Season","38","Varsity","9/7","5:00 pm","","Mexico","home","https://www.mshsaa.org/MySchool/Schedule.aspx?s=1099&alg=38","https://www.mshsaa.org/MySchool/Matchup.aspx?s=1099&alg=38&comp=2633018","421 E Hwy 124, Hallsville, MO 65255-9346"
"311","Hallsville High School","Softball Fall Season","38","Varsity","9/7","5:00 pm","","Mexico","home","https://www.mshsaa.org/MySchool/Schedule.aspx?s=311&alg=38","https://www.mshsaa.org/MySchool/Matchup.aspx?s=311&alg=38&comp=2633018","421 E Hwy 124, Hallsville, MO 65255-9346"
"85","Hickman High School","Softball Fall Season","38","Varsity","9/7","5:00 pm","","Jefferson City","home","https://www.mshsaa.org/MySchool/Schedule.aspx?s=85&alg=38","https://www.mshsaa.org/MySchool/Matchup.aspx?s=85&alg=38&comp=2744123","1104 N Providence Rd, Columbia, MO 65203-4398"
"84","Jefferson City High School","Softball Fall Season","38","Varsity","9/7","5:00 pm","","Hickman","away","https://www.mshsaa.org/MySchool/Schedule.aspx?s=84&alg=38","https://www.mshsaa.org/MySchool/Matchup.aspx?s=84&alg=38&comp=2639940","1104 N Providence Rd, Columbia, MO 65203-4398"
"84","Jefferson City High School","Swimming and Diving Boys","44","Varsity","9/7","5:00 pm","","Hickman","home","https://www.mshsaa.org/MySchool/Schedule.aspx?s=84&alg=44","https://www.mshsaa.org/MySchool/Matchup.aspx?s=84&alg=44&comp=2774475","609 Union St, Jefferson City, MO 65101-2898"
"360","Marshall High School","Volleyball Girls","57","Varsity","9/7","6:00 pm","","Brookfield","away","https://www.mshsaa.org/MySchool/Schedule.aspx?s=360&alg=57","https://www.mshsaa.org/MySchool/Matchup.aspx?s=360&alg=57&comp=2661608","124 Pershing Rd, Brookfield, MO 64628-2731"
"128","Mexico High School","Softball Fall Season","38","Varsity","9/7","5:00 pm","","Hallsville with Christian Fellowship Sr.","away","https://www.mshsaa.org/MySchool/Schedule.aspx?s=128&alg=38","https://www.mshsaa.org/MySchool/Matchup.aspx?s=128&alg=38&comp=2633656","421 E Hwy 124, Hallsville, MO 65255-9346"
"953","Battle High School","Soccer Boys","33","Varsity","9/8","7:15 pm","","Rock Bridge","away","https://www.mshsaa.org/MySchool/Schedule.aspx?s=953&alg=33","https://www.mshsaa.org/MySchool/Matchup.aspx?s=953&alg=33&comp=2667382","4303 S Providence Rd, Columbia, MO 65203-7198"
"953","Battle High School","Softball Fall Season","38","Varsity","9/8","5:00 pm","","Rock Bridge","away","https://www.mshsaa.org/MySchool/Schedule.aspx?s=953&alg=38","https://www.mshsaa.org/MySchool/Matchup.aspx?s=953&alg=38&comp=2762431","4303 S Providence Rd, Columbia, MO 65203-7198"
"217","Blair Oaks High School","Softball Fall Season","38","Varsity","9/8","5:00 pm","","Capital City","home","https://www.mshsaa.org/MySchool/Schedule.aspx?s=217&alg=38","https://www.mshsaa.org/MySchool/Matchup.aspx?s=217&alg=38&comp=2632318","6124 Falcon Ln, Jefferson City, MO 65101-9751"
"217","Blair Oaks High School","Volleyball Girls","57","Varsity","9/8","7:00 pm","","Hermann","home","https://www.mshsaa.org/MySchool/Schedule.aspx?s=217&alg=57","https://www.mshsaa.org/MySchool/Matchup.aspx?s=217&alg=57&comp=2632295","6124 Falcon Ln, Jefferson City, MO 65101-9751"
"16","Boonville High School","Cross Country Boys","11","Varsity","9/8","","","MMA Cross Country Invite","tournament","https://www.mshsaa.org/MySchool/Schedule.aspx?s=16&alg=11","https://www.mshsaa.org/MySchool/Tournament.aspx?s=16&alg=11&tournament=573401","Mexico, MO"
"16","Boonville High School","Cross Country Girls","12","Varsity","9/8","","","MMA Cross Country Invite","tournament","https://www.mshsaa.org/MySchool/Schedule.aspx?s=16&alg=12","https://www.mshsaa.org/MySchool/Tournament.aspx?s=16&alg=12&tournament=590542","Mexico, MO"
"16","Boonville High School","Soccer Boys","33","Varsity","9/8","5:00 pm","","Fulton","home","https://www.mshsaa.org/MySchool/Schedule.aspx?s=16&alg=33","https://www.mshsaa.org/MySchool/Matchup.aspx?s=16&alg=33&comp=2747917","1 Pirate Dr., Boonville, MO 65233-2740"
"16","Boonville High School","Softball Fall Season","38","Varsity","9/8","5:00 pm","","Osage","home","https://www.mshsaa.org/MySchool/Schedule.aspx?s=16&alg=38","https://www.mshsaa.org/MySchool/Matchup.aspx?s=16&alg=38&comp=2656418","1 Pirate Dr., Boonville, MO 65233-2740"
"16","Boonville High School","Volleyball Girls","57","Varsity","9/8","6:00 pm","","Centralia","away","https://www.mshsaa.org/MySchool/Schedule.aspx?s=16&alg=57","https://www.mshsaa.org/MySchool/Matchup.aspx?s=16&alg=57&comp=2679932","849 S Jefferson St, Centralia, MO 65240-1605"
"582","California High School","Golf Girls","24","Varsity","9/8","","","Fulton Quad","tournament","https://www.mshsaa.org/MySchool/Schedule.aspx?s=582&alg=24","https://www.mshsaa.org/MySchool/Tournament.aspx?s=582&alg=24&tournament=588962","Fulton, MO"
"582","California High School","Softball Fall Season","38","Varsity","9/8","5:00 pm","","Eldon","home","https://www.mshsaa.org/MySchool/Schedule.aspx?s=582&alg=38","https://www.mshsaa.org/MySchool/Matchup.aspx?s=582&alg=38&comp=2618135","1501 W Buchanan, California, MO 65018-1279"
"582","California High School","Volleyball Girls","57","Varsity","9/8","7:00 pm","","Smith-Cotton","away","https://www.mshsaa.org/MySchool/Schedule.aspx?s=582&alg=57","https://www.mshsaa.org/MySchool/Matchup.aspx?s=582&alg=57&comp=2618091","2010 Tiger Pride Blvd, Sedalia, MO 65301-8503"
"26","Camdenton High School","Soccer Boys","33","Varsity","9/8","6:45 pm","","Capital City","away","https://www.mshsaa.org/MySchool/Schedule.aspx?s=26&alg=33","https://www.mshsaa.org/MySchool/Matchup.aspx?s=26&alg=33&comp=2768771","1650 Cavalier Drive, Jefferson City, MO 65109"
"26","Camdenton High School","Softball Fall Season","38","Varsity","9/8","5:00 pm","","St. Elizabeth","away","https://www.mshsaa.org/MySchool/Schedule.aspx?s=26&alg=38","https://www.mshsaa.org/MySchool/Matchup.aspx?s=26&alg=38&comp=2650263","240 Church, St. Elizabeth, MO 65075"
"26","Camdenton High School","Swimming and Diving Boys","44","Varsity","9/8","","","Carthage Duals","tournament","https://www.mshsaa.org/MySchool/Schedule.aspx?s=26&alg=44","https://www.mshsaa.org/MySchool/Tournament.aspx?s=26&alg=44&tournament=590444","Carthage, MO"
"26","Camdenton High School","Volleyball Girls","57","Varsity","9/8","7:30 pm","","West Plains","home","https://www.mshsaa.org/MySchool/Schedule.aspx?s=26&alg=57","https://www.mshsaa.org/MySchool/Matchup.aspx?s=26&alg=57&comp=2670322","662 Laker Pride Road, Camdenton, MO 65020-1409"
"1540","Capital City High School","Soccer Boys","33","Varsity","9/8","6:45 pm","","Camdenton","home","https://www.mshsaa.org/MySchool/Schedule.aspx?s=1540&alg=33","https://www.mshsaa.org/MySchool/Matchup.aspx?s=1540&alg=33&comp=2662530","2610 Mission Drive, Jefferson City, MO 65109"
"1540","Capital City High School","Softball Fall Season","38","Varsity","9/8","5:00 pm","","Blair Oaks","away","https://www.mshsaa.org/MySchool/Schedule.aspx?s=1540&alg=38","https://www.mshsaa.org/MySchool/Matchup.aspx?s=1540&alg=38&comp=2623139","6124 Falcon Ln, Jefferson City, MO 65101-9751"
"53","Centralia High School","Softball Fall Season","38","Varsity","9/8","5:00 pm","","Highland","home","https://www.mshsaa.org/MySchool/Schedule.aspx?s=53&alg=38","https://www.mshsaa.org/MySchool/Matchup.aspx?s=53&alg=38&comp=2655428","849 S Jefferson St, Centralia, MO 65240-1605"
"53","Centralia High School","Volleyball Girls","57","Varsity","9/8","7:00 pm","","Boonville","home","https://www.mshsaa.org/MySchool/Schedule.aspx?s=53&alg=57","https://www.mshsaa.org/MySchool/Matchup.aspx?s=53&alg=57&comp=2655578","849 S Jefferson St, Centralia, MO 65240-1605"
"1099","Christian Fellowship","Soccer Boys","33","Varsity","9/8","6:00 pm","","Calvary Lutheran","away","https://www.mshsaa.org/MySchool/Schedule.aspx?s=1099&alg=33","https://www.mshsaa.org/MySchool/Matchup.aspx?s=1099&alg=33&comp=2722566","2525 Route B, Jefferson City, MO 65101-8902"
"1099","Christian Fellowship","Softball Fall Season","38","Varsity","9/8","5:00 pm","","Salisbury","away","https://www.mshsaa.org/MySchool/Schedule.aspx?s=1099&alg=38","https://www.mshsaa.org/MySchool/Matchup.aspx?s=1099&alg=38&comp=2632454","1000 S Maple Ave, Salisbury, MO 65281"
"1099","Christian Fellowship","Swimming and Diving Boys","44","Varsity","9/8","4:00 pm","","Hannibal","away","https://www.mshsaa.org/MySchool/Schedule.aspx?s=1099&alg=44","https://www.mshsaa.org/MySchool/Matchup.aspx?s=1099&alg=44&comp=2776177","4500 McMasters Ave, Hannibal, MO 63401-2299"
"1099","Christian Fellowship","Swimming and Diving Boys","44","Varsity","9/8","","","MMA/Marshall","tournament","https://www.mshsaa.org/MySchool/Schedule.aspx?s=1099&alg=44","https://www.mshsaa.org/MySchool/Tournament.aspx?s=1099&alg=44&tournament=564678","Hannibal, MO"
"1099","Christian Fellowship","Volleyball Girls","57","Varsity","9/8","6:00 pm","","Green Ridge","away","https://www.mshsaa.org/MySchool/Schedule.aspx?s=1099&alg=57","https://www.mshsaa.org/MySchool/Matchup.aspx?s=1099&alg=57&comp=2655595","401 W. Pettis, Green Ridge, MO 65332"
"566","Columbia Independent","Soccer Boys","33","Varsity","9/8","7:15 pm","","Rock Bridge","away","https://www.mshsaa.org/MySchool/Schedule.aspx?s=566&alg=33","https://www.mshsaa.org/MySchool/Matchup.aspx?s=566&alg=33&comp=2667382","4303 S Providence Rd, Columbia, MO 65203-7198"
"566","Columbia Independent","Swimming and Diving Boys","44","Varsity","9/8","4:00 pm","","Hannibal","away","https://www.mshsaa.org/MySchool/Schedule.aspx?s=566&alg=44","https://www.mshsaa.org/MySchool/Matchup.aspx?s=566&alg=44&comp=2776177","4500 McMasters Ave, Hannibal, MO 63401-2299"
"566","Columbia Independent","Swimming and Diving Boys","44","Varsity","9/8","","","MMA/Marshall","tournament","https://www.mshsaa.org/MySchool/Schedule.aspx?s=566&alg=44","https://www.mshsaa.org/MySchool/Tournament.aspx?s=566&alg=44&tournament=564678","Hannibal, MO"
"566","Columbia Independent","Volleyball Girls","57","Varsity","9/8","7:30 pm","","La Monte","home","https://www.mshsaa.org/MySchool/Schedule.aspx?s=566&alg=57","https://www.mshsaa.org/MySchool/Matchup.aspx?s=566&alg=57&comp=2632450","1801 North Stadium Boulevard, Columbia, MO 65202"
"278","Eldon High School","Softball Fall Season","38","Varsity","9/8","5:00 pm","","California","away","https://www.mshsaa.org/MySchool/Schedule.aspx?s=278&alg=38","https://www.mshsaa.org/MySchool/Matchup.aspx?s=278&alg=38&comp=2628671","1501 W Buchanan, California, MO 65018-1279"
"278","Eldon High School","Volleyball Girls","57","Varsity","9/8","6:30 pm","","Eugene","home","https://www.mshsaa.org/MySchool/Schedule.aspx?s=278&alg=57","https://www.mshsaa.org/MySchool/Matchup.aspx?s=278&alg=57&comp=2623020","112 S Pine St, Eldon, MO 65026-1594"
"917","Father Tolton","Golf Girls","24","Varsity","9/8","","","Harrisburg Match","tournament","https://www.mshsaa.org/MySchool/Schedule.aspx?s=917&alg=24","https://www.mshsaa.org/MySchool/Tournament.aspx?s=917&alg=24&tournament=590114","Harrisburg, MO"
"917","Father Tolton","Soccer Boys","33","Varsity","9/8","6:30 pm","","Sacred Heart","home","https://www.mshsaa.org/MySchool/Schedule.aspx?s=917&alg=33","https://www.mshsaa.org/MySchool/Matchup.aspx?s=917&alg=33&comp=2665262","3351 E Gans Road, Columbia, MO 65201"
"917","Father Tolton","Tennis Girls","49","Varsity","9/8","4:30 pm","","Kirksville","home","https://www.mshsaa.org/MySchool/Schedule.aspx?s=917&alg=49","https://www.mshsaa.org/MySchool/Matchup.aspx?s=917&alg=49&comp=2759081","3351 E Gans Road, Columbia, MO 65201"
"917","Father Tolton","Volleyball Girls","57","Varsity","9/8","7:30 pm","","Osage","home","https://www.mshsaa.org/MySchool/Schedule.aspx?s=917&alg=57","https://www.mshsaa.org/MySchool/Matchup.aspx?s=917&alg=57&comp=2713680","3351 E Gans Road, Columbia, MO 65201"
"294","Fayette High School","Softball Fall Season","38","Varsity","9/8","5:00 pm","","New Bloomfield","home","https://www.mshsaa.org/MySchool/Schedule.aspx?s=294&alg=38","https://www.mshsaa.org/MySchool/Matchup.aspx?s=294&alg=38&comp=2635046","510 N. Cleveland St., Fayette, MO 65248-1596"
"80","Fulton High School","Golf Girls","24","Varsity","9/8","4:00 pm","","Fulton Quad","tournament","https://www.mshsaa.org/MySchool/Schedule.aspx?s=80&alg=24","https://www.mshsaa.org/MySchool/Tournament.aspx?s=80&alg=24&tournament=579520","Fulton, MO"
"80","Fulton High School","Soccer Boys","33","Varsity","9/8","5:00 pm","","Boonville","away","https://www.mshsaa.org/MySchool/Schedule.aspx?s=80&alg=33","https://www.mshsaa.org/MySchool/Matchup.aspx?s=80&alg=33&comp=2647565","1 Pirate Dr., Boonville, MO 65233-2740"
"80","Fulton High School","Softball Fall Season","38","Varsity","9/8","5:00 pm","","Eugene","home","https://www.mshsaa.org/MySchool/Schedule.aspx?s=80&alg=38","https://www.mshsaa.org/MySchool/Matchup.aspx?s=80&alg=38&comp=2635707","#1 Hornet Drive, Fulton, MO 65251-2729"
"80","Fulton High School","Volleyball Girls","57","Varsity","9/8","6:00 pm","","North Callaway","home","https://www.mshsaa.org/MySchool/Schedule.aspx?s=80&alg=57","https://www.mshsaa.org/MySchool/Matchup.aspx?s=80&alg=57&comp=2642110","#1 Hornet Drive, Fulton, MO 65251-2729"
"302","Glasgow High School","Baseball Fall Season","66","Varsity","9/8","5:00 pm","","Jamestown (JV)","home","https://www.mshsaa.org/MySchool/Schedule.aspx?s=302&alg=66","https://www.mshsaa.org/MySchool/Matchup.aspx?s=302&alg=66&comp=2727927","860 Randolph St, Glasgow, MO 65254-1299"
"311","Hallsville High School","Golf Girls","24","Varsity","9/8","","","Harrisburg Match","tournament","https://www.mshsaa.org/MySchool/Schedule.aspx?s=311&alg=24","https://www.mshsaa.org/MySchool/Tournament.aspx?s=311&alg=24&tournament=543960","Harrisburg, MO"
"311","Hallsville High School","Soccer Boys","33","Varsity","9/8","6:00 pm","","Calvary Lutheran","away","https://www.mshsaa.org/MySchool/Schedule.aspx?s=311&alg=33","https://www.mshsaa.org/MySchool/Matchup.aspx?s=311&alg=33&comp=2722566","2525 Route B, Jefferson City, MO 65101-8902"
"311","Hallsville High School","Softball Fall Season","38","Varsity","9/8","5:00 pm","","Salisbury","away","https://www.mshsaa.org/MySchool/Schedule.aspx?s=311&alg=38","https://www.mshsaa.org/MySchool/Matchup.aspx?s=311&alg=38&comp=2632454","1000 S Maple Ave, Salisbury, MO 65281"
"311","Hallsville High School","Volleyball Girls","57","Varsity","9/8","7:00 pm","","Mexico","away","https://www.mshsaa.org/MySchool/Schedule.aspx?s=311&alg=57","https://www.mshsaa.org/MySchool/Matchup.aspx?s=311&alg=57&comp=2656160","639 N Wade, Mexico, MO 65265-1899"
"313","Harrisburg High School","Cross Country Boys","11","Varsity","9/8","5:00 pm","","Highland","away","https://www.mshsaa.org/MySchool/Schedule.aspx?s=313&alg=11","https://www.mshsaa.org/MySchool/Matchup.aspx?s=313&alg=11&comp=2748765","Canton, MO"
"313","Harrisburg High School","Cross Country Boys","11","Varsity","9/8","","","2026 Highland Cougar Charge","tournament","https://www.mshsaa.org/MySchool/Schedule.aspx?s=313&alg=11","https://www.mshsaa.org/MySchool/Tournament.aspx?s=313&alg=11&tournament=599867","Lewistown, MO"
"313","Harrisburg High School","Cross Country Girls","12","Varsity","9/8","5:00 pm","","Highland","away","https://www.mshsaa.org/MySchool/Schedule.aspx?s=313&alg=12","https://www.mshsaa.org/MySchool/Matchup.aspx?s=313&alg=12&comp=2748769","Canton, MO"
"313","Harrisburg High School","Cross Country Girls","12","Varsity","9/8","","","2026 Highland Cougar Charge","tournament","https://www.mshsaa.org/MySchool/Schedule.aspx?s=313&alg=12","https://www.mshsaa.org/MySchool/Tournament.aspx?s=313&alg=12&tournament=599868","Lewistown, MO"
"313","Harrisburg High School","Golf Girls","24","Varsity","9/8","4:00 pm","","Harrisburg Match","tournament","https://www.mshsaa.org/MySchool/Schedule.aspx?s=313&alg=24","https://www.mshsaa.org/MySchool/Tournament.aspx?s=313&alg=24&tournament=543824","Harrisburg, MO"
"522","Helias High School","Soccer Boys","33","Varsity","9/8","7:00 pm","","Hickman","away","https://www.mshsaa.org/MySchool/Schedule.aspx?s=522&alg=33","https://www.mshsaa.org/MySchool/Matchup.aspx?s=522&alg=33&comp=2666696","1104 N Providence Rd, Columbia, MO 65203-4398"
"522","Helias High School","Tennis Girls","49","Varsity","9/8","2:00 pm","","Helias Invitational","tournament","https://www.mshsaa.org/MySchool/Schedule.aspx?s=522&alg=49","https://www.mshsaa.org/MySchool/Tournament.aspx?s=522&alg=49&tournament=544829","Jefferson City, MO"
"85","Hickman High School","Soccer Boys","33","Varsity","9/8","7:00 pm","","Helias Catholic","home","https://www.mshsaa.org/MySchool/Schedule.aspx?s=85&alg=33","https://www.mshsaa.org/MySchool/Matchup.aspx?s=85&alg=33&comp=2675495","1104 N Providence Rd, Columbia, MO 65203-4398"
"85","Hickman High School","Softball Fall Season","38","Varsity","9/8","6:00 pm","","Southern Boone","away","https://www.mshsaa.org/MySchool/Schedule.aspx?s=85&alg=38","https://www.mshsaa.org/MySchool/Matchup.aspx?s=85&alg=38&comp=2712423","14520 Crump Lane, Ashland, MO 65010-9464"
"317","Higbee High School","Softball Fall Season","38","Varsity","9/8","5:30 pm","","Norborne with Hardin-Central","away","https://www.mshsaa.org/MySchool/Schedule.aspx?s=317&alg=38","https://www.mshsaa.org/MySchool/Matchup.aspx?s=317&alg=38&comp=2626901","405 Pirate Ln, Norborne, MO 64668"
"84","Jefferson City High School","Golf Girls","24","Varsity","9/8","4:00 pm","","Fulton","away","https://www.mshsaa.org/MySchool/Schedule.aspx?s=84&alg=24","https://www.mshsaa.org/MySchool/Matchup.aspx?s=84&alg=24&comp=2768552","#1 Hornet Drive, Fulton, MO 65251-2729"
"84","Jefferson City High School","Soccer Boys","33","Varsity","9/8","6:30 pm","","Smith-Cotton","home","https://www.mshsaa.org/MySchool/Schedule.aspx?s=84&alg=33","https://www.mshsaa.org/MySchool/Matchup.aspx?s=84&alg=33&comp=2660239","609 Union St, Jefferson City, MO 65101-2898"
"360","Marshall High School","Soccer Boys","33","Varsity","9/8","6:30 pm","","Mexico","home","https://www.mshsaa.org/MySchool/Schedule.aspx?s=360&alg=33","https://www.mshsaa.org/MySchool/Matchup.aspx?s=360&alg=33&comp=2661577","805 S Miami, Marshall, MO 65340-2499"
"360","Marshall High School","Tennis Girls","49","Varsity","9/8","5:00 pm","","Sacred Heart","away","https://www.mshsaa.org/MySchool/Schedule.aspx?s=360&alg=49","https://www.mshsaa.org/MySchool/Matchup.aspx?s=360&alg=49&comp=2769714","416 W 3rd St, Sedalia, MO 65301-4398"
"360","Marshall High School","Volleyball Girls","57","Varsity","9/8","6:30 pm","","Warrensburg","home","https://www.mshsaa.org/MySchool/Schedule.aspx?s=360&alg=57","https://www.mshsaa.org/MySchool/Matchup.aspx?s=360&alg=57&comp=2661609","805 S Miami, Marshall, MO 65340-2499"
"128","Mexico High School","Soccer Boys","33","Varsity","9/8","6:30 pm","","Marshall","away","https://www.mshsaa.org/MySchool/Schedule.aspx?s=128&alg=33","https://www.mshsaa.org/MySchool/Matchup.aspx?s=128&alg=33&comp=2681812","805 S Miami, Marshall, MO 65340-2499"
"128","Mexico High School","Softball Fall Season","38","Varsity","9/8","5:00 pm","","Kirksville","away","https://www.mshsaa.org/MySchool/Schedule.aspx?s=128&alg=38","https://www.mshsaa.org/MySchool/Matchup.aspx?s=128&alg=38&comp=2663196","1300 S Cottage Grove, Kirksville, MO 63501-3998"
"128","Mexico High School","Tennis Girls","49","Varsity","9/8","4:00 pm","","Hannibal","home","https://www.mshsaa.org/MySchool/Schedule.aspx?s=128&alg=49","https://www.mshsaa.org/MySchool/Matchup.aspx?s=128&alg=49&comp=2681818","639 N Wade, Mexico, MO 65265-1899"
"128","Mexico High School","Volleyball Girls","57","Varsity","9/8","7:00 pm","","Hallsville","home","https://www.mshsaa.org/MySchool/Schedule.aspx?s=128&alg=57","https://www.mshsaa.org/MySchool/Matchup.aspx?s=128&alg=57&comp=2652128","639 N Wade, Mexico, MO 65265-1899"
"569","Missouri Military Academy","Cross Country Boys","11","Varsity","9/8","","","MMA Cross Country Invite","tournament","https://www.mshsaa.org/MySchool/Schedule.aspx?s=569&alg=11","https://www.mshsaa.org/MySchool/Tournament.aspx?s=569&alg=11&tournament=573167","Mexico, MO"
"569","Missouri Military Academy","Soccer Boys","33","Varsity","9/8","5:00 pm","","Eugene","away","https://www.mshsaa.org/MySchool/Schedule.aspx?s=569&alg=33","https://www.mshsaa.org/MySchool/Matchup.aspx?s=569&alg=33&comp=2576712","14803 Hwy 17, Eugene, MO 65032"
"132","Moberly High School","Soccer Boys","33","Varsity","9/8","6:45 pm","","Southern Boone","away","https://www.mshsaa.org/MySchool/Schedule.aspx?s=132&alg=33","https://www.mshsaa.org/MySchool/Matchup.aspx?s=132&alg=33&comp=2638608","14520 Crump Lane, Ashland, MO 65010-9464"
"132","Moberly High School","Softball Fall Season","38","Varsity","9/8","5:00 pm","","Hannibal","home","https://www.mshsaa.org/MySchool/Schedule.aspx?s=132&alg=38","https://www.mshsaa.org/MySchool/Matchup.aspx?s=132&alg=38&comp=2671686","1625 Gratz Brown, Moberly, MO 65270-1904"
"139","North Callaway High School","Softball Fall Season","38","Varsity","9/8","4:30 pm","","Wright City","home","https://www.mshsaa.org/MySchool/Schedule.aspx?s=139&alg=38","https://www.mshsaa.org/MySchool/Matchup.aspx?s=139&alg=38&comp=2614151","2700 Thunderbird Dr, Kingdom City, MO 65262-1817"
"139","North Callaway High School","Volleyball Girls","57","Varsity","9/8","6:00 pm","","Fulton","away","https://www.mshsaa.org/MySchool/Schedule.aspx?s=139&alg=57","https://www.mshsaa.org/MySchool/Matchup.aspx?s=139&alg=57&comp=2615033","#1 Hornet Drive, Fulton, MO 65251-2729"
"152","Osage High School","Soccer Boys","33","Varsity","9/8","6:45 pm","","Sullivan","home","https://www.mshsaa.org/MySchool/Schedule.aspx?s=152&alg=33","https://www.mshsaa.org/MySchool/Matchup.aspx?s=152&alg=33&comp=2674884","636 Hwy 42, Osage Beach, MO 65065-5301"
"152","Osage High School","Softball Fall Season","38","Varsity","9/8","5:00 pm","","Boonville","away","https://www.mshsaa.org/MySchool/Schedule.aspx?s=152&alg=38","https://www.mshsaa.org/MySchool/Matchup.aspx?s=152&alg=38&comp=2656322","1 Pirate Dr., Boonville, MO 65233-2740"
"152","Osage High School","Tennis Girls","49","Varsity","9/8","4:00 pm","","Knob Noster","away","https://www.mshsaa.org/MySchool/Schedule.aspx?s=152&alg=49","https://www.mshsaa.org/MySchool/Matchup.aspx?s=152&alg=49&comp=2697350","504 S Washington Ave, Knob Noster, MO 65336-1599"
"152","Osage High School","Volleyball Girls","57","Varsity","9/8","7:30 pm","","Father Tolton","away","https://www.mshsaa.org/MySchool/Schedule.aspx?s=152&alg=57","https://www.mshsaa.org/MySchool/Matchup.aspx?s=152&alg=57&comp=2709005","3351 E Gans Road, Columbia, MO 65201"
"578","Rock Bridge High School","Golf Girls","24","Varsity","9/8","","","Lady Jaguar Invitational","tournament","https://www.mshsaa.org/MySchool/Schedule.aspx?s=578&alg=24","https://www.mshsaa.org/MySchool/Tournament.aspx?s=578&alg=24&tournament=582835","Blue Springs, MO"
"578","Rock Bridge High School","Soccer Boys","33","Varsity","9/8","7:15 pm","","Battle with Columbia Independent","home","https://www.mshsaa.org/MySchool/Schedule.aspx?s=578&alg=33","https://www.mshsaa.org/MySchool/Matchup.aspx?s=578&alg=33&comp=2660326","4303 South Providence Road, Columbia, MO 65203"
"578","Rock Bridge High School","Softball Fall Season","38","Varsity","9/8","5:00 pm","","Battle","home","https://www.mshsaa.org/MySchool/Schedule.aspx?s=578&alg=38","https://www.mshsaa.org/MySchool/Matchup.aspx?s=578&alg=38&comp=2763954","4303 S Providence Rd, Columbia, MO 65203-7198"
"430","Russellville High School","Golf Girls","24","Varsity","9/8","","","Fulton Quad","tournament","https://www.mshsaa.org/MySchool/Schedule.aspx?s=430&alg=24","https://www.mshsaa.org/MySchool/Tournament.aspx?s=430&alg=24&tournament=586876","Fulton, MO"
"430","Russellville High School","Softball Fall Season","38","Varsity","9/8","5:00 pm","","Vienna","home","https://www.mshsaa.org/MySchool/Schedule.aspx?s=430&alg=38","https://www.mshsaa.org/MySchool/Matchup.aspx?s=430&alg=38&comp=2616300","13600 Rte C, Russellville, MO 65074"
"430","Russellville High School","Volleyball Girls","57","Varsity","9/8","6:30 pm","","Cole Camp","away","https://www.mshsaa.org/MySchool/Schedule.aspx?s=430&alg=57","https://www.mshsaa.org/MySchool/Matchup.aspx?s=430&alg=57&comp=2612879","500 S Keeney, Cole Camp, MO 65325-1059"
"431","Salisbury High School","Cross Country Boys","11","Varsity","9/8","4:30 pm","","Highland","away","https://www.mshsaa.org/MySchool/Schedule.aspx?s=431&alg=11","https://www.mshsaa.org/MySchool/Matchup.aspx?s=431&alg=11&comp=2632440","21504 State Hwy 6, Lewistown, MO 63452"
"431","Salisbury High School","Cross Country Girls","12","Varsity","9/8","4:30 pm","","Highland","away","https://www.mshsaa.org/MySchool/Schedule.aspx?s=431&alg=12","https://www.mshsaa.org/MySchool/Matchup.aspx?s=431&alg=12&comp=2632440","21504 State Hwy 6, Lewistown, MO 63452"
"431","Salisbury High School","Golf Girls","24","Varsity","9/8","","","Harrisburg Match","tournament","https://www.mshsaa.org/MySchool/Schedule.aspx?s=431&alg=24","https://www.mshsaa.org/MySchool/Tournament.aspx?s=431&alg=24&tournament=545810","Harrisburg, MO"
"431","Salisbury High School","Softball Fall Season","38","Varsity","9/8","5:00 pm","","Hallsville with Christian Fellowship Sr.","home","https://www.mshsaa.org/MySchool/Schedule.aspx?s=431&alg=38","https://www.mshsaa.org/MySchool/Matchup.aspx?s=431&alg=38&comp=2632145","1000 S Maple Ave, Salisbury, MO 65281"
"194","Smith-Cotton High School","Soccer Boys","33","Varsity","9/8","6:30 pm","","Jefferson City","away","https://www.mshsaa.org/MySchool/Schedule.aspx?s=194&alg=33","https://www.mshsaa.org/MySchool/Matchup.aspx?s=194&alg=33&comp=2677005","609 Union St, Jefferson City, MO 65101-2898"
"194","Smith-Cotton High School","Swimming and Diving Boys","44","Varsity","9/8","","","Lee's Summit Duals","tournament","https://www.mshsaa.org/MySchool/Schedule.aspx?s=194&alg=44","https://www.mshsaa.org/MySchool/Tournament.aspx?s=194&alg=44&tournament=575863","Lee's Summit, MO"
"194","Smith-Cotton High School","Volleyball Girls","57","Varsity","9/8","7:00 pm","","California","home","https://www.mshsaa.org/MySchool/Schedule.aspx?s=194&alg=57","https://www.mshsaa.org/MySchool/Matchup.aspx?s=194&alg=57&comp=2643398","2010 Tiger Pride Blvd, Sedalia, MO 65301-8503"
"197","South Callaway High School","Softball Fall Season","38","Varsity","9/8","5:00 pm","","Van-Far","home","https://www.mshsaa.org/MySchool/Schedule.aspx?s=197&alg=38","https://www.mshsaa.org/MySchool/Matchup.aspx?s=197&alg=38&comp=2726186","10135 State Rd C, Mokane, MO 65059-0038"
"2","Southern Boone High School","Soccer Boys","33","Varsity","9/8","6:30 pm","","Moberly","home","https://www.mshsaa.org/MySchool/Schedule.aspx?s=2&alg=33","https://www.mshsaa.org/MySchool/Matchup.aspx?s=2&alg=33&comp=2637953","14520 Crump Lane, Ashland, MO 65010-9464"
"2","Southern Boone High School","Softball Fall Season","38","Varsity","9/8","5:30 pm","","Hickman","home","https://www.mshsaa.org/MySchool/Schedule.aspx?s=2&alg=38","https://www.mshsaa.org/MySchool/Matchup.aspx?s=2&alg=38&comp=2650863","14520 Crump Lane, Ashland, MO 65010-9464"
"474","Tipton High School","Volleyball Girls","57","Varsity","9/8","7:00 pm","","Skyline","away","https://www.mshsaa.org/MySchool/Schedule.aspx?s=474&alg=57","https://www.mshsaa.org/MySchool/Matchup.aspx?s=474&alg=57&comp=2635294","20663 US Highway 65, Urbana, MO 65767-8602"
"485","Versailles High School","Golf Girls","24","Varsity","9/8-9","","","Clinton Tournament","tournament","https://www.mshsaa.org/MySchool/Schedule.aspx?s=485&alg=24","https://www.mshsaa.org/MySchool/Tournament.aspx?s=485&alg=24&tournament=583085","Clinton, MO"
"485","Versailles High School","Volleyball Girls","57","Varsity","9/8","7:00 pm","","Clinton","away","https://www.mshsaa.org/MySchool/Schedule.aspx?s=485&alg=57","https://www.mshsaa.org/MySchool/Matchup.aspx?s=485&alg=57&comp=2643114","1106 S. 2nd, Clinton, MO 64735-2826"
"953","Battle High School","Golf Girls","24","Varsity","9/9","","","Helias Invitational","tournament","https://www.mshsaa.org/MySchool/Schedule.aspx?s=953&alg=24","https://www.mshsaa.org/MySchool/Tournament.aspx?s=953&alg=24&tournament=589041","Jefferson City, MO"
"953","Battle High School","Softball Fall Season","38","Varsity","9/9","4:30 pm","","Rolla","away","https://www.mshsaa.org/MySchool/Schedule.aspx?s=953&alg=38","https://www.mshsaa.org/MySchool/Matchup.aspx?s=953&alg=38&comp=2762381","900 Bulldog Run, Rolla, MO 65401-3399"
"953","Battle High School","Swimming and Diving Boys","44","Varsity","9/9","","","Sedalia Duals","tournament","https://www.mshsaa.org/MySchool/Schedule.aspx?s=953&alg=44","https://www.mshsaa.org/MySchool/Tournament.aspx?s=953&alg=44&tournament=589114","Sedalia, MO"
"953","Battle High School","Tennis Girls","49","Varsity","9/9","4:30 pm","","Mexico","home","https://www.mshsaa.org/MySchool/Schedule.aspx?s=953&alg=49","https://www.mshsaa.org/MySchool/Matchup.aspx?s=953&alg=49&comp=2766285","7575 St. Charles Road, Columbia, MO 65202"
"217","Blair Oaks High School","Golf Girls","24","Varsity","9/9","","","Helias Invitational","tournament","https://www.mshsaa.org/MySchool/Schedule.aspx?s=217&alg=24","https://www.mshsaa.org/MySchool/Tournament.aspx?s=217&alg=24&tournament=547260","Jefferson City, MO"
"217","Blair Oaks High School","Softball Fall Season","38","Varsity","9/9","5:00 pm","","Hallsville with Christian Fellowship Sr.","home","https://www.mshsaa.org/MySchool/Schedule.aspx?s=217&alg=38","https://www.mshsaa.org/MySchool/Matchup.aspx?s=217&alg=38&comp=2632319","6124 Falcon Ln, Jefferson City, MO 65101-9751"
"582","California High School","Cross Country Boys","11","Varsity","9/9","","","Vienna Eagle Cross Country Invitational","tournament","https://www.mshsaa.org/MySchool/Schedule.aspx?s=582&alg=11","https://www.mshsaa.org/MySchool/Tournament.aspx?s=582&alg=11&tournament=544404","Vienna, MO"
"582","California High School","Golf Girls","24","Varsity","9/9","","","Helias Invitational","tournament","https://www.mshsaa.org/MySchool/Schedule.aspx?s=582&alg=24","https://www.mshsaa.org/MySchool/Tournament.aspx?s=582&alg=24&tournament=547319","Jefferson City, MO"
"26","Camdenton High School","Golf Girls","24","Varsity","9/9","","","Helias Invitational","tournament","https://www.mshsaa.org/MySchool/Schedule.aspx?s=26&alg=24","https://www.mshsaa.org/MySchool/Tournament.aspx?s=26&alg=24&tournament=568361","Jefferson City, MO"
"26","Camdenton High School","Softball Fall Season","38","Varsity","9/9","4:30 pm","","Dixon","home","https://www.mshsaa.org/MySchool/Schedule.aspx?s=26&alg=38","https://www.mshsaa.org/MySchool/Matchup.aspx?s=26&alg=38&comp=2794475","662 Laker Pride Road, Camdenton, MO 65020-1409"
"26","Camdenton High School","Volleyball Girls","57","Varsity","9/9","7:30 pm","","Southern Boone","home","https://www.mshsaa.org/MySchool/Schedule.aspx?s=26&alg=57","https://www.mshsaa.org/MySchool/Matchup.aspx?s=26&alg=57&comp=2727913","662 Laker Pride Road, Camdenton, MO 65020-1409"
"1540","Capital City High School","Golf Girls","24","Varsity","9/9","","","Helias Invitational","tournament","https://www.mshsaa.org/MySchool/Schedule.aspx?s=1540&alg=24","https://www.mshsaa.org/MySchool/Tournament.aspx?s=1540&alg=24&tournament=563802","Jefferson City, MO"
"1540","Capital City High School","Swimming and Diving Boys","44","Varsity","9/9","","","Sedalia Duals","tournament","https://www.mshsaa.org/MySchool/Schedule.aspx?s=1540&alg=44","https://www.mshsaa.org/MySchool/Tournament.aspx?s=1540&alg=44&tournament=563824","Sedalia, MO"
"1540","Capital City High School","Tennis Girls","49","Varsity","9/9","","","Springfield Invitational Tennis Tournament (SIT)","tournament","https://www.mshsaa.org/MySchool/Schedule.aspx?s=1540&alg=49","https://www.mshsaa.org/MySchool/Tournament.aspx?s=1540&alg=49&tournament=543533","Springfield, MO"
"53","Centralia High School","Golf Girls","24","Varsity","9/9","","","Paris Invitational","tournament","https://www.mshsaa.org/MySchool/Schedule.aspx?s=53&alg=24","https://www.mshsaa.org/MySchool/Tournament.aspx?s=53&alg=24&tournament=552252","Paris, MO"
"53","Centralia High School","Softball Fall Season","38","Varsity","9/9","5:00 pm","","Moberly","away","https://www.mshsaa.org/MySchool/Schedule.aspx?s=53&alg=38","https://www.mshsaa.org/MySchool/Matchup.aspx?s=53&alg=38&comp=2655429","1625 Gratz Brown, Moberly, MO 65270-1904"
"1099","Christian Fellowship","Softball Fall Season","38","Varsity","9/9","5:00 pm","","Blair Oaks","away","https://www.mshsaa.org/MySchool/Schedule.aspx?s=1099&alg=38","https://www.mshsaa.org/MySchool/Matchup.aspx?s=1099&alg=38&comp=2721767","6124 Falcon Ln, Jefferson City, MO 65101-9751"
"1099","Christian Fellowship","Swimming and Diving Boys","44","Varsity","9/9","TBD","","Smith-Cotton","away","https://www.mshsaa.org/MySchool/Schedule.aspx?s=1099&alg=44","https://www.mshsaa.org/MySchool/Matchup.aspx?s=1099&alg=44&comp=2776178","2010 Tiger Pride Blvd, Sedalia, MO 65301-8503"
"566","Columbia Independent","Swimming and Diving Boys","44","Varsity","9/9","TBD","","Smith-Cotton","away","https://www.mshsaa.org/MySchool/Schedule.aspx?s=566&alg=44","https://www.mshsaa.org/MySchool/Matchup.aspx?s=566&alg=44&comp=2776178","2010 Tiger Pride Blvd, Sedalia, MO 65301-8503"
"566","Columbia Independent","Volleyball Girls","57","Varsity","9/9","6:00 pm","","Prairie Home","home","https://www.mshsaa.org/MySchool/Schedule.aspx?s=566&alg=57","https://www.mshsaa.org/MySchool/Matchup.aspx?s=566&alg=57&comp=2696502","1801 North Stadium Boulevard, Columbia, MO 65202"
"278","Eldon High School","Golf Girls","24","Varsity","9/9","","","Helias Invitational","tournament","https://www.mshsaa.org/MySchool/Schedule.aspx?s=278&alg=24","https://www.mshsaa.org/MySchool/Tournament.aspx?s=278&alg=24&tournament=545000","Jefferson City, MO"
"917","Father Tolton","Golf Girls","24","Varsity","9/9","","","Helias Invitational","tournament","https://www.mshsaa.org/MySchool/Schedule.aspx?s=917&alg=24","https://www.mshsaa.org/MySchool/Tournament.aspx?s=917&alg=24&tournament=570526","Jefferson City, MO"
"917","Father Tolton","Swimming and Diving Boys","44","Varsity","9/9","","","Sedalia Duals","tournament","https://www.mshsaa.org/MySchool/Schedule.aspx?s=917&alg=44","https://www.mshsaa.org/MySchool/Tournament.aspx?s=917&alg=44&tournament=589114","Sedalia, MO"
"917","Father Tolton","Tennis Girls","49","Varsity","9/9","TBD","","Hickman","away","https://www.mshsaa.org/MySchool/Schedule.aspx?s=917&alg=49","https://www.mshsaa.org/MySchool/Matchup.aspx?s=917&alg=49&comp=2791442","1104 N Providence Rd, Columbia, MO 65203-4398"
"294","Fayette High School","Golf Girls","24","Varsity","9/9","","","Paris Invitational","tournament","https://www.mshsaa.org/MySchool/Schedule.aspx?s=294&alg=24","https://www.mshsaa.org/MySchool/Tournament.aspx?s=294&alg=24&tournament=572301","Paris, MO"
"80","Fulton High School","Softball Fall Season","38","Varsity","9/9","5:00 pm","","Marshall","home","https://www.mshsaa.org/MySchool/Schedule.aspx?s=80&alg=38","https://www.mshsaa.org/MySchool/Matchup.aspx?s=80&alg=38&comp=2763155","#1 Hornet Drive, Fulton, MO 65251-2729"
"302","Glasgow High School","Golf Girls","24","Varsity","9/9","","","Paris Invitational","tournament","https://www.mshsaa.org/MySchool/Schedule.aspx?s=302&alg=24","https://www.mshsaa.org/MySchool/Tournament.aspx?s=302&alg=24&tournament=584916","Paris, MO"
"302","Glasgow High School","Softball Fall Season","38","Varsity","9/9","5:00 pm","","Harrisburg","home","https://www.mshsaa.org/MySchool/Schedule.aspx?s=302&alg=38","https://www.mshsaa.org/MySchool/Matchup.aspx?s=302&alg=38&comp=2654621","860 Randolph St, Glasgow, MO 65254-1299"
"311","Hallsville High School","Softball Fall Season","38","Varsity","9/9","5:00 pm","","Blair Oaks","away","https://www.mshsaa.org/MySchool/Schedule.aspx?s=311&alg=38","https://www.mshsaa.org/MySchool/Matchup.aspx?s=311&alg=38&comp=2721767","6124 Falcon Ln, Jefferson City, MO 65101-9751"
"313","Harrisburg High School","Softball Fall Season","38","Varsity","9/9","5:00 pm","","Glasgow","away","https://www.mshsaa.org/MySchool/Schedule.aspx?s=313&alg=38","https://www.mshsaa.org/MySchool/Matchup.aspx?s=313&alg=38&comp=2649303","860 Randolph St, Glasgow, MO 65254-1299"
"522","Helias High School","Golf Girls","24","Varsity","9/9","8:00 am","","Helias Invitational","tournament","https://www.mshsaa.org/MySchool/Schedule.aspx?s=522&alg=24","https://www.mshsaa.org/MySchool/Tournament.aspx?s=522&alg=24&tournament=547255","Jefferson City, MO"
"522","Helias High School","Softball Fall Season","38","Varsity","9/9","5:00 pm","","Jefferson City","away","https://www.mshsaa.org/MySchool/Schedule.aspx?s=522&alg=38","https://www.mshsaa.org/MySchool/Matchup.aspx?s=522&alg=38&comp=2641005","609 Union St, Jefferson City, MO 65101-2898"
"85","Hickman High School","Cross Country Boys","11","Varsity","9/9","","","Blair Oaks Relay 5K","tournament","https://www.mshsaa.org/MySchool/Schedule.aspx?s=85&alg=11","https://www.mshsaa.org/MySchool/Tournament.aspx?s=85&alg=11&tournament=592813",""
"85","Hickman High School","Cross Country Girls","12","Varsity","9/9","","","Blair Oaks Relay 5K","tournament","https://www.mshsaa.org/MySchool/Schedule.aspx?s=85&alg=12","https://www.mshsaa.org/MySchool/Tournament.aspx?s=85&alg=12&tournament=592814",""
"85","Hickman High School","Golf Girls","24","Varsity","9/9","","","Helias Invitational","tournament","https://www.mshsaa.org/MySchool/Schedule.aspx?s=85&alg=24","https://www.mshsaa.org/MySchool/Tournament.aspx?s=85&alg=24&tournament=550417","Jefferson City, MO"
"85","Hickman High School","Swimming and Diving Boys","44","Varsity","9/9","5:00 pm","","Smith-Cotton","away","https://www.mshsaa.org/MySchool/Schedule.aspx?s=85&alg=44","https://www.mshsaa.org/MySchool/Matchup.aspx?s=85&alg=44&comp=2773616","2010 Tiger Pride Blvd, Sedalia, MO 65301-8503"
"85","Hickman High School","Tennis Girls","49","Varsity","9/9","4:30 pm","","Father Tolton","home","https://www.mshsaa.org/MySchool/Schedule.aspx?s=85&alg=49","https://www.mshsaa.org/MySchool/Matchup.aspx?s=85&alg=49&comp=2791425","1104 N Providence Rd, Columbia, MO 65203-4398"
"85","Hickman High School","Volleyball Girls","57","Varsity","9/9","7:00 pm","","Jefferson City","away","https://www.mshsaa.org/MySchool/Schedule.aspx?s=85&alg=57","https://www.mshsaa.org/MySchool/Matchup.aspx?s=85&alg=57&comp=2744135","609 Union St, Jefferson City, MO 65101-2898"
"84","Jefferson City High School","Golf Girls","24","Varsity","9/9","9:00 am","","Helias Invitational","tournament","https://www.mshsaa.org/MySchool/Schedule.aspx?s=84&alg=24","https://www.mshsaa.org/MySchool/Tournament.aspx?s=84&alg=24&tournament=576802","Jefferson City, MO"
"84","Jefferson City High School","Softball Fall Season","38","Varsity","9/9","5:00 pm","","Helias Catholic","home","https://www.mshsaa.org/MySchool/Schedule.aspx?s=84&alg=38","https://www.mshsaa.org/MySchool/Matchup.aspx?s=84&alg=38&comp=2639941","609 Union St, Jefferson City, MO 65101-2898"
"84","Jefferson City High School","Swimming and Diving Boys","44","Varsity","9/9","","","Sedalia Duals","tournament","https://www.mshsaa.org/MySchool/Schedule.aspx?s=84&alg=44","https://www.mshsaa.org/MySchool/Tournament.aspx?s=84&alg=44&tournament=591475","Sedalia, MO"
"84","Jefferson City High School","Tennis Girls","49","Varsity","9/9","","","Springfield Invitational","tournament","https://www.mshsaa.org/MySchool/Schedule.aspx?s=84&alg=49","https://www.mshsaa.org/MySchool/Tournament.aspx?s=84&alg=49&tournament=584580","Springfield, MO"
"84","Jefferson City High School","Volleyball Girls","57","Varsity","9/9","7:00 pm","","Hickman","home","https://www.mshsaa.org/MySchool/Schedule.aspx?s=84&alg=57","https://www.mshsaa.org/MySchool/Matchup.aspx?s=84&alg=57&comp=2737747","609 Union St, Jefferson City, MO 65101-2898"
"360","Marshall High School","Golf Girls","24","Varsity","9/9","4:00 pm","","Marshall Tri","tournament","https://www.mshsaa.org/MySchool/Schedule.aspx?s=360&alg=24","https://www.mshsaa.org/MySchool/Tournament.aspx?s=360&alg=24&tournament=554357","Marshall, MO"
"360","Marshall High School","Golf Girls","24","Varsity","⤷ 9/9","TBD","","Norborne","tournament","https://www.mshsaa.org/MySchool/Schedule.aspx?s=360&alg=24","https://www.mshsaa.org/MySchool/Matchup.aspx?s=360&alg=24&comp=2792685","805 S Miami, Marshall, MO 65340-2499"
"360","Marshall High School","Golf Girls","24","Varsity","⤷ 9/9","TBD","","Tipton","tournament","https://www.mshsaa.org/MySchool/Schedule.aspx?s=360&alg=24","https://www.mshsaa.org/MySchool/Matchup.aspx?s=360&alg=24&comp=2792686","805 S Miami, Marshall, MO 65340-2499"
"360","Marshall High School","Golf Girls","24","Varsity","⤷ 9/9","TBD","","Sacred Heart","tournament","https://www.mshsaa.org/MySchool/Schedule.aspx?s=360&alg=24","https://www.mshsaa.org/MySchool/Matchup.aspx?s=360&alg=24&comp=2792687","805 S Miami, Marshall, MO 65340-2499"
"360","Marshall High School","Softball Fall Season","38","Varsity","9/9","5:00 pm","","Fulton","away","https://www.mshsaa.org/MySchool/Schedule.aspx?s=360&alg=38","https://www.mshsaa.org/MySchool/Matchup.aspx?s=360&alg=38&comp=2764600","#1 Hornet Drive, Fulton, MO 65251-2729"
"360","Marshall High School","Swimming and Diving Boys","44","Varsity","9/9","","","Sedalia Duals","tournament","https://www.mshsaa.org/MySchool/Schedule.aspx?s=360&alg=44","https://www.mshsaa.org/MySchool/Tournament.aspx?s=360&alg=44&tournament=575919","Sedalia, MO"
"128","Mexico High School","Tennis Girls","49","Varsity","9/9","4:30 pm","","Battle","away","https://www.mshsaa.org/MySchool/Schedule.aspx?s=128&alg=49","https://www.mshsaa.org/MySchool/Matchup.aspx?s=128&alg=49&comp=2758451","7575 St. Charles Road, Columbia, MO 65202"
"128","Mexico High School","Volleyball Girls","57","Varsity","9/9","6:00 pm","","North Callaway","away","https://www.mshsaa.org/MySchool/Schedule.aspx?s=128&alg=57","https://www.mshsaa.org/MySchool/Matchup.aspx?s=128&alg=57&comp=2652129","2700 Thunderbird Dr, Kingdom City, MO 65262-1817"
"569","Missouri Military Academy","Swimming and Diving Boys","44","Varsity","9/9","","","Sedalia Duals","tournament","https://www.mshsaa.org/MySchool/Schedule.aspx?s=569&alg=44","https://www.mshsaa.org/MySchool/Tournament.aspx?s=569&alg=44&tournament=576033","Sedalia, MO"
"132","Moberly High School","Golf Girls","24","Varsity","9/9","","","Paris Invitational","tournament","https://www.mshsaa.org/MySchool/Schedule.aspx?s=132&alg=24","https://www.mshsaa.org/MySchool/Tournament.aspx?s=132&alg=24&tournament=584667","Paris, MO"
"132","Moberly High School","Softball Fall Season","38","Varsity","9/9","5:00 pm","","Centralia","home","https://www.mshsaa.org/MySchool/Schedule.aspx?s=132&alg=38","https://www.mshsaa.org/MySchool/Matchup.aspx?s=132&alg=38&comp=2661291","1625 Gratz Brown, Moberly, MO 65270-1904"
"132","Moberly High School","Tennis Girls","49","Varsity","9/9","4:00 pm","","Hannibal","home","https://www.mshsaa.org/MySchool/Schedule.aspx?s=132&alg=49","https://www.mshsaa.org/MySchool/Matchup.aspx?s=132&alg=49&comp=2775035","1625 Gratz Brown, Moberly, MO 65270-1904"
"139","North Callaway High School","Volleyball Girls","57","Varsity","9/9","6:00 pm","","Mexico","home","https://www.mshsaa.org/MySchool/Schedule.aspx?s=139&alg=57","https://www.mshsaa.org/MySchool/Matchup.aspx?s=139&alg=57&comp=2615034","2700 Thunderbird Dr, Kingdom City, MO 65262-1817"
"152","Osage High School","Golf Girls","24","Varsity","9/9","","","Helias Invitational","tournament","https://www.mshsaa.org/MySchool/Schedule.aspx?s=152&alg=24","https://www.mshsaa.org/MySchool/Tournament.aspx?s=152&alg=24&tournament=567308","Jefferson City, MO"
"578","Rock Bridge High School","Golf Girls","24","Varsity","9/9","","","Helias Invitational","tournament","https://www.mshsaa.org/MySchool/Schedule.aspx?s=578&alg=24","https://www.mshsaa.org/MySchool/Tournament.aspx?s=578&alg=24&tournament=582836","Jefferson City, MO"
"578","Rock Bridge High School","Swimming and Diving Boys","44","Varsity","9/9","","","Sedalia Duals","tournament","https://www.mshsaa.org/MySchool/Schedule.aspx?s=578&alg=44","https://www.mshsaa.org/MySchool/Tournament.aspx?s=578&alg=44&tournament=575874","Sedalia, MO"
"578","Rock Bridge High School","Tennis Girls","49","Varsity","9/9","4:30 pm","","Liberty North","home","https://www.mshsaa.org/MySchool/Schedule.aspx?s=578&alg=49","https://www.mshsaa.org/MySchool/Matchup.aspx?s=578&alg=49&comp=2722092","4500 Bethel Street, Columbia, MO 65203"
"430","Russellville High School","Cross Country Boys","11","Varsity","9/9","","","Vienna Eagle Cross Country Invitational","tournament","https://www.mshsaa.org/MySchool/Schedule.aspx?s=430&alg=11","https://www.mshsaa.org/MySchool/Tournament.aspx?s=430&alg=11&tournament=581331","Vienna, MO"
"430","Russellville High School","Cross Country Girls","12","Varsity","9/9","","","Vienna Eagle Cross Country Invitational","tournament","https://www.mshsaa.org/MySchool/Schedule.aspx?s=430&alg=12","https://www.mshsaa.org/MySchool/Tournament.aspx?s=430&alg=12&tournament=581333","Vienna, MO"
"430","Russellville High School","Golf Girls","24","Varsity","9/9","","","Eugene Quad","tournament","https://www.mshsaa.org/MySchool/Schedule.aspx?s=430&alg=24","https://www.mshsaa.org/MySchool/Tournament.aspx?s=430&alg=24&tournament=555418","Eugene, MO"
"430","Russellville High School","Softball Fall Season","38","Varsity","9/9","5:00 pm","","Jamestown","away","https://www.mshsaa.org/MySchool/Schedule.aspx?s=430&alg=38","https://www.mshsaa.org/MySchool/Matchup.aspx?s=430&alg=38&comp=2725730","222 School St, Jamestown, MO 65046-0200"
"431","Salisbury High School","Golf Girls","24","Varsity","9/9","","","Paris Invitational","tournament","https://www.mshsaa.org/MySchool/Schedule.aspx?s=431&alg=24","https://www.mshsaa.org/MySchool/Tournament.aspx?s=431&alg=24&tournament=545811","Paris, MO"
"194","Smith-Cotton High School","Golf Girls","24","Varsity","9/9","","","Helias Invitational","tournament","https://www.mshsaa.org/MySchool/Schedule.aspx?s=194&alg=24","https://www.mshsaa.org/MySchool/Tournament.aspx?s=194&alg=24&tournament=547500","Jefferson City, MO"
"194","Smith-Cotton High School","Softball Fall Season","38","Varsity","9/9","5:00 pm","","Fort Osage","away","https://www.mshsaa.org/MySchool/Schedule.aspx?s=194&alg=38","https://www.mshsaa.org/MySchool/Matchup.aspx?s=194&alg=38&comp=2657345","25102 East US Hwy 24, Independence, MO 64056"
"194","Smith-Cotton High School","Swimming and Diving Boys","44","Varsity","9/9","","","Sedalia Duals","tournament","https://www.mshsaa.org/MySchool/Schedule.aspx?s=194&alg=44","https://www.mshsaa.org/MySchool/Tournament.aspx?s=194&alg=44&tournament=575864","Sedalia, MO"
"197","South Callaway High School","Golf Girls","24","Varsity","9/9","","","New Franklin Tri - South Callaway, Sacred Heart","tournament","https://www.mshsaa.org/MySchool/Schedule.aspx?s=197&alg=24","https://www.mshsaa.org/MySchool/Tournament.aspx?s=197&alg=24&tournament=573949","New Franklin, MO"
"2","Southern Boone High School","Golf Girls","24","Varsity","9/9","","","Helias Invitational","tournament","https://www.mshsaa.org/MySchool/Schedule.aspx?s=2&alg=24","https://www.mshsaa.org/MySchool/Tournament.aspx?s=2&alg=24&tournament=564531","Jefferson City, MO"
"2","Southern Boone High School","Softball Fall Season","38","Varsity","9/9","5:00 pm","","Macon","away","https://www.mshsaa.org/MySchool/Schedule.aspx?s=2&alg=38","https://www.mshsaa.org/MySchool/Matchup.aspx?s=2&alg=38&comp=2777985","702 N Missouri St, Macon, MO 63552-2082"
"2","Southern Boone High School","Volleyball Girls","57","Varsity","9/9","7:30 pm","","Camdenton","away","https://www.mshsaa.org/MySchool/Schedule.aspx?s=2&alg=57","https://www.mshsaa.org/MySchool/Matchup.aspx?s=2&alg=57&comp=2653881","662 Laker Pride Road, Camdenton, MO 65020-1409"
"474","Tipton High School","Golf Girls","24","Varsity","9/9","","","Marshall Tri","tournament","https://www.mshsaa.org/MySchool/Schedule.aspx?s=474&alg=24","https://www.mshsaa.org/MySchool/Tournament.aspx?s=474&alg=24&tournament=600800","Marshall, MO"
"953","Battle High School","Tennis Girls","49","Varsity","9/10","4:30 pm","","Columbia Independent","home","https://www.mshsaa.org/MySchool/Schedule.aspx?s=953&alg=49","https://www.mshsaa.org/MySchool/Matchup.aspx?s=953&alg=49&comp=2766286","7575 St. Charles Road, Columbia, MO 65202"
"953","Battle High School","Volleyball Girls","57","Varsity","9/10","6:30 pm","","Hallsville","away","https://www.mshsaa.org/MySchool/Schedule.aspx?s=953&alg=57","https://www.mshsaa.org/MySchool/Matchup.aspx?s=953&alg=57&comp=2722354","421 E Hwy 124, Hallsville, MO 65255-9346"
"217","Blair Oaks High School","Softball Fall Season","38","Varsity","9/10","5:00 pm","","Eldon","home","https://www.mshsaa.org/MySchool/Schedule.aspx?s=217&alg=38","https://www.mshsaa.org/MySchool/Matchup.aspx?s=217&alg=38&comp=2632320","6124 Falcon Ln, Jefferson City, MO 65101-9751"
"217","Blair Oaks High School","Volleyball Girls","57","Varsity","9/10","6:00 pm","","Boonville","home","https://www.mshsaa.org/MySchool/Schedule.aspx?s=217&alg=57","https://www.mshsaa.org/MySchool/Matchup.aspx?s=217&alg=57&comp=2632334","6124 Falcon Ln, Jefferson City, MO 65101-9751"
"16","Boonville High School","Golf Girls","24","Varsity","9/10","","","California/Sacred Heart/Boonville Tri","tournament","https://www.mshsaa.org/MySchool/Schedule.aspx?s=16&alg=24","https://www.mshsaa.org/MySchool/Tournament.aspx?s=16&alg=24&tournament=553423","California, MO"
"16","Boonville High School","Soccer Boys","33","Varsity","9/10","6:30 pm","","Mexico","away","https://www.mshsaa.org/MySchool/Schedule.aspx?s=16&alg=33","https://www.mshsaa.org/MySchool/Matchup.aspx?s=16&alg=33&comp=2762589","639 N Wade, Mexico, MO 65265-1899"
"16","Boonville High School","Softball Fall Season","38","Varsity","9/10","5:00 pm","","Salisbury","away","https://www.mshsaa.org/MySchool/Schedule.aspx?s=16&alg=38","https://www.mshsaa.org/MySchool/Matchup.aspx?s=16&alg=38&comp=2632178","1000 S Maple Ave, Salisbury, MO 65281"
"16","Boonville High School","Tennis Girls","49","Varsity","9/10","4:30 pm","","Marshall","home","https://www.mshsaa.org/MySchool/Schedule.aspx?s=16&alg=49","https://www.mshsaa.org/MySchool/Matchup.aspx?s=16&alg=49&comp=2761477","1 Pirate Dr., Boonville, MO 65233-2740"
"16","Boonville High School","Volleyball Girls","57","Varsity","9/10","6:00 pm","","Blair Oaks","away","https://www.mshsaa.org/MySchool/Schedule.aspx?s=16&alg=57","https://www.mshsaa.org/MySchool/Matchup.aspx?s=16&alg=57&comp=2652445","6124 Falcon Ln, Jefferson City, MO 65101-9751"
"582","California High School","Golf Girls","24","Varsity","9/10","","","California/Sacred Heart/Boonville Tri","tournament","https://www.mshsaa.org/MySchool/Schedule.aspx?s=582&alg=24","https://www.mshsaa.org/MySchool/Tournament.aspx?s=582&alg=24&tournament=547320","California, MO"
"582","California High School","Golf Girls","24","Varsity","⤷ 9/10","TBD","","Boonville","tournament","https://www.mshsaa.org/MySchool/Schedule.aspx?s=582&alg=24","https://www.mshsaa.org/MySchool/Matchup.aspx?s=582&alg=24&comp=2654865","1501 W Buchanan, California, MO 65018-1279"
"582","California High School","Golf Girls","24","Varsity","⤷ 9/10","TBD","","Sacred Heart","tournament","https://www.mshsaa.org/MySchool/Schedule.aspx?s=582&alg=24","https://www.mshsaa.org/MySchool/Matchup.aspx?s=582&alg=24&comp=2654866","1501 W Buchanan, California, MO 65018-1279"
"582","California High School","Volleyball Girls","57","Varsity","9/10","7:00 pm","","Eldon","home","https://www.mshsaa.org/MySchool/Schedule.aspx?s=582&alg=57","https://www.mshsaa.org/MySchool/Matchup.aspx?s=582&alg=57&comp=2618092","1501 W Buchanan, California, MO 65018-1279"
"26","Camdenton High School","Golf Girls","24","Varsity","9/10","","","Marshfield Invitational","tournament","https://www.mshsaa.org/MySchool/Schedule.aspx?s=26&alg=24","https://www.mshsaa.org/MySchool/Tournament.aspx?s=26&alg=24&tournament=568362","Marshfield, MO"
"26","Camdenton High School","Soccer Boys","33","Varsity","9/10-12","","","Viking Showdown","tournament","https://www.mshsaa.org/MySchool/Schedule.aspx?s=26&alg=33","https://www.mshsaa.org/MySchool/Tournament.aspx?s=26&alg=33&tournament=585768","Springfield, MO"
"26","Camdenton High School","Tennis Girls","49","Varsity","9/10","4:00 pm","","Waynesville","home","https://www.mshsaa.org/MySchool/Schedule.aspx?s=26&alg=49","https://www.mshsaa.org/MySchool/Matchup.aspx?s=26&alg=49&comp=2742701","662 Laker Pride Road, Camdenton, MO 65020-1409"
"26","Camdenton High School","Tennis Girls","49","Varsity","9/10","12:30 pm","","West Plains","home","https://www.mshsaa.org/MySchool/Schedule.aspx?s=26&alg=49","https://www.mshsaa.org/MySchool/Matchup.aspx?s=26&alg=49&comp=2742709","662 Laker Pride Dr, Camdenton, MO 65020"
"1540","Capital City High School","Golf Girls","24","Varsity","9/10","","","California/Sacred Heart/Boonville Tri","tournament","https://www.mshsaa.org/MySchool/Schedule.aspx?s=1540&alg=24","https://www.mshsaa.org/MySchool/Tournament.aspx?s=1540&alg=24&tournament=600914","California, MO"
"1540","Capital City High School","Golf Girls","24","Varsity","⤷ 9/10","TBD","","California","tournament","https://www.mshsaa.org/MySchool/Schedule.aspx?s=1540&alg=24","https://www.mshsaa.org/MySchool/Matchup.aspx?s=1540&alg=24&comp=2792823","1650 Cavalier Drive, Jefferson City, MO 65109"
"1540","Capital City High School","Golf Girls","24","Varsity","⤷ 9/10","TBD","","Boonville","tournament","https://www.mshsaa.org/MySchool/Schedule.aspx?s=1540&alg=24","https://www.mshsaa.org/MySchool/Matchup.aspx?s=1540&alg=24&comp=2792824","1650 Cavalier Drive, Jefferson City, MO 65109"
"1540","Capital City High School","Golf Girls","24","Varsity","⤷ 9/10","TBD","","Sacred Heart","tournament","https://www.mshsaa.org/MySchool/Schedule.aspx?s=1540&alg=24","https://www.mshsaa.org/MySchool/Matchup.aspx?s=1540&alg=24&comp=2792825","1650 Cavalier Drive, Jefferson City, MO 65109"
"1540","Capital City High School","Soccer Boys","33","Varsity","9/10","6:45 pm","","Ft. Zumwalt North","away","https://www.mshsaa.org/MySchool/Schedule.aspx?s=1540&alg=33","https://www.mshsaa.org/MySchool/Matchup.aspx?s=1540&alg=33&comp=2765050","1230 Tom Ginnever Ave, O'fallon, MO 63366-4499"
"1540","Capital City High School","Volleyball Girls","57","Varsity","9/10","6:30 pm","","Rolla","away","https://www.mshsaa.org/MySchool/Schedule.aspx?s=1540&alg=57","https://www.mshsaa.org/MySchool/Matchup.aspx?s=1540&alg=57&comp=2641594","900 Bulldog Run, Rolla, MO 65401-3399"
"53","Centralia High School","Golf Girls","24","Varsity","9/10","4:00 pm","","Southern Boone/New Bloomfield/Glasgow/Mexico","tournament","https://www.mshsaa.org/MySchool/Schedule.aspx?s=53&alg=24","https://www.mshsaa.org/MySchool/Tournament.aspx?s=53&alg=24&tournament=552253",""
"53","Centralia High School","Volleyball Girls","57","Varsity","9/10","7:00 pm","","Father Tolton","home","https://www.mshsaa.org/MySchool/Schedule.aspx?s=53&alg=57","https://www.mshsaa.org/MySchool/Matchup.aspx?s=53&alg=57&comp=2655579","849 S Jefferson St, Centralia, MO 65240-1605"
"1099","Christian Fellowship","Soccer Boys","33","Varsity","9/10","5:00 pm","","Sacred Heart","away","https://www.mshsaa.org/MySchool/Schedule.aspx?s=1099&alg=33","https://www.mshsaa.org/MySchool/Matchup.aspx?s=1099&alg=33&comp=2640925","416 W 3rd St, Sedalia, MO 65301-4398"
"1099","Christian Fellowship","Volleyball Girls","57","Varsity","9/10","6:00 pm","","Chamois","home","https://www.mshsaa.org/MySchool/Schedule.aspx?s=1099&alg=57","https://www.mshsaa.org/MySchool/Matchup.aspx?s=1099&alg=57&comp=2667297","4600 Christian Fellowship Rd, Columbia, MO 65203"
"566","Columbia Independent","Tennis Girls","49","Varsity","9/10","4:30 pm","","Battle","away","https://www.mshsaa.org/MySchool/Schedule.aspx?s=566&alg=49","https://www.mshsaa.org/MySchool/Matchup.aspx?s=566&alg=49&comp=2721141","7575 St. Charles Road, Columbia, MO 65202"
"278","Eldon High School","Softball Fall Season","38","Varsity","9/10","5:00 pm","","Blair Oaks","away","https://www.mshsaa.org/MySchool/Schedule.aspx?s=278&alg=38","https://www.mshsaa.org/MySchool/Matchup.aspx?s=278&alg=38&comp=2628672","6124 Falcon Ln, Jefferson City, MO 65101-9751"
"278","Eldon High School","Volleyball Girls","57","Varsity","9/10","7:00 pm","","California","away","https://www.mshsaa.org/MySchool/Schedule.aspx?s=278&alg=57","https://www.mshsaa.org/MySchool/Matchup.aspx?s=278&alg=57&comp=2623021","1501 W Buchanan, California, MO 65018-1279"
"917","Father Tolton","Soccer Boys","33","Varsity","9/10","7:00 pm","","Helias Catholic","home","https://www.mshsaa.org/MySchool/Schedule.aspx?s=917&alg=33","https://www.mshsaa.org/MySchool/Matchup.aspx?s=917&alg=33&comp=2665263","3351 E Gans Road, Columbia, MO 65201"
"917","Father Tolton","Tennis Girls","49","Varsity","9/10","4:30 pm","","Smith-Cotton","away","https://www.mshsaa.org/MySchool/Schedule.aspx?s=917&alg=49","https://www.mshsaa.org/MySchool/Matchup.aspx?s=917&alg=49&comp=2771303","2010 Tiger Pride Blvd, Sedalia, MO 65301-8503"
"917","Father Tolton","Volleyball Girls","57","Varsity","9/10","7:00 pm","","Centralia","away","https://www.mshsaa.org/MySchool/Schedule.aspx?s=917&alg=57","https://www.mshsaa.org/MySchool/Matchup.aspx?s=917&alg=57&comp=2695469","849 S Jefferson St, Centralia, MO 65240-1605"
"294","Fayette High School","Cross Country Boys","11","Varsity","9/10","","","Marshall Invitational","tournament","https://www.mshsaa.org/MySchool/Schedule.aspx?s=294&alg=11","https://www.mshsaa.org/MySchool/Tournament.aspx?s=294&alg=11&tournament=579178","Marshall, MO"
"80","Fulton High School","Soccer Boys","33","Varsity","9/10","5:00 pm","","Missouri Military Academy","home","https://www.mshsaa.org/MySchool/Schedule.aspx?s=80&alg=33","https://www.mshsaa.org/MySchool/Matchup.aspx?s=80&alg=33&comp=2745048","#1 Hornet Drive, Fulton, MO 65251-2729"
"80","Fulton High School","Volleyball Girls","57","Varsity","9/10","6:30 pm","","Eugene","away","https://www.mshsaa.org/MySchool/Schedule.aspx?s=80&alg=57","https://www.mshsaa.org/MySchool/Matchup.aspx?s=80&alg=57&comp=2642111","14803 Hwy 17, Eugene, MO 65032"
"302","Glasgow High School","Baseball Fall Season","66","Varsity","9/10","7:00 pm","","Pilot Grove","home","https://www.mshsaa.org/MySchool/Schedule.aspx?s=302&alg=66","https://www.mshsaa.org/MySchool/Matchup.aspx?s=302&alg=66&comp=2770036","860 Randolph St, Glasgow, MO 65254-1299"
"302","Glasgow High School","Cross Country Boys","11","Varsity","9/10","","","Marshall Invitational","tournament","https://www.mshsaa.org/MySchool/Schedule.aspx?s=302&alg=11","https://www.mshsaa.org/MySchool/Tournament.aspx?s=302&alg=11&tournament=578591","Marshall, MO"
"302","Glasgow High School","Golf Girls","24","Varsity","9/10","","","Southern Boone/New Bloomfield/Glasgow","tournament","https://www.mshsaa.org/MySchool/Schedule.aspx?s=302&alg=24","https://www.mshsaa.org/MySchool/Tournament.aspx?s=302&alg=24&tournament=578590","Ashland, MO"
"302","Glasgow High School","Softball Fall Season","38","Varsity","9/10","5:00 pm","","Pilot Grove","home","https://www.mshsaa.org/MySchool/Schedule.aspx?s=302&alg=38","https://www.mshsaa.org/MySchool/Matchup.aspx?s=302&alg=38&comp=2737352","860 Randolph St, Glasgow, MO 65254-1299"
"311","Hallsville High School","Soccer Boys","33","Varsity","9/10","5:00 pm","","Sacred Heart","away","https://www.mshsaa.org/MySchool/Schedule.aspx?s=311&alg=33","https://www.mshsaa.org/MySchool/Matchup.aspx?s=311&alg=33&comp=2640925","416 W 3rd St, Sedalia, MO 65301-4398"
"311","Hallsville High School","Volleyball Girls","57","Varsity","9/10","6:30 pm","","Battle","home","https://www.mshsaa.org/MySchool/Schedule.aspx?s=311&alg=57","https://www.mshsaa.org/MySchool/Matchup.aspx?s=311&alg=57&comp=2638633","421 E Hwy 124, Hallsville, MO 65255-9346"
"313","Harrisburg High School","Softball Fall Season","38","Varsity","9/10","5:00 pm","","Eugene","home","https://www.mshsaa.org/MySchool/Schedule.aspx?s=313&alg=38","https://www.mshsaa.org/MySchool/Matchup.aspx?s=313&alg=38&comp=2649304","801 S Harris St, Harrisburg, MO 65256-9542"
"522","Helias High School","Golf Girls","24","Varsity","9/10","4:00 pm","","Rock Bridge","away","https://www.mshsaa.org/MySchool/Schedule.aspx?s=522&alg=24","https://www.mshsaa.org/MySchool/Matchup.aspx?s=522&alg=24&comp=2753481","4303 S Providence Rd, Columbia, MO 65203-7198"
"522","Helias High School","Soccer Boys","33","Varsity","9/10","7:00 pm","","Father Tolton","away","https://www.mshsaa.org/MySchool/Schedule.aspx?s=522&alg=33","https://www.mshsaa.org/MySchool/Matchup.aspx?s=522&alg=33&comp=2637687","3351 E Gans Road, Columbia, MO 65201"
"522","Helias High School","Volleyball Girls","57","Varsity","9/10","6:30 pm","","Hickman","home","https://www.mshsaa.org/MySchool/Schedule.aspx?s=522&alg=57","https://www.mshsaa.org/MySchool/Matchup.aspx?s=522&alg=57&comp=2640976","1305 Swifts Hwy, Jefferson City, MO 65109-2595"
"85","Hickman High School","Volleyball Girls","57","Varsity","9/10","6:30 pm","","Helias Catholic","away","https://www.mshsaa.org/MySchool/Schedule.aspx?s=85&alg=57","https://www.mshsaa.org/MySchool/Matchup.aspx?s=85&alg=57&comp=2710743","1305 Swifts Hwy, Jefferson City, MO 65109-2595"
"317","Higbee High School","Baseball Fall Season","66","Varsity","9/10","6:30 pm","","Madison","home","https://www.mshsaa.org/MySchool/Schedule.aspx?s=317&alg=66","https://www.mshsaa.org/MySchool/Matchup.aspx?s=317&alg=66&comp=2626883","101 Evans, Higbee, MO 65257"
"317","Higbee High School","Softball Fall Season","38","Varsity","9/10","5:00 pm","","Madison","home","https://www.mshsaa.org/MySchool/Schedule.aspx?s=317&alg=38","https://www.mshsaa.org/MySchool/Matchup.aspx?s=317&alg=38&comp=2626902","101 Evans, Higbee, MO 65257"
"84","Jefferson City High School","Soccer Boys","33","Varsity","9/10","6:00 pm","","Fatima","home","https://www.mshsaa.org/MySchool/Schedule.aspx?s=84&alg=33","https://www.mshsaa.org/MySchool/Matchup.aspx?s=84&alg=33&comp=2756196","609 Union St, Jefferson City, MO 65101-2898"
"84","Jefferson City High School","Softball Fall Season","38","Varsity","9/10","5:00 pm","","Fatima","home","https://www.mshsaa.org/MySchool/Schedule.aspx?s=84&alg=38","https://www.mshsaa.org/MySchool/Matchup.aspx?s=84&alg=38&comp=2639942","609 Union St, Jefferson City, MO 65101-2898"
"84","Jefferson City High School","Tennis Girls","49","Varsity","9/10","TBD","","Capital City","away","https://www.mshsaa.org/MySchool/Schedule.aspx?s=84&alg=49","https://www.mshsaa.org/MySchool/Matchup.aspx?s=84&alg=49&comp=2794140","1650 Cavalier Drive, Jefferson City, MO 65109"
"360","Marshall High School","Cross Country Boys","11","Varsity","9/10","4:00 pm","","Marshall Invitational","tournament","https://www.mshsaa.org/MySchool/Schedule.aspx?s=360&alg=11","https://www.mshsaa.org/MySchool/Tournament.aspx?s=360&alg=11&tournament=563991","Marshall, MO"
"360","Marshall High School","Cross Country Girls","12","Varsity","9/10","4:00 pm","","Marshall Invitational","tournament","https://www.mshsaa.org/MySchool/Schedule.aspx?s=360&alg=12","https://www.mshsaa.org/MySchool/Tournament.aspx?s=360&alg=12&tournament=584469","Marshall, MO"
"360","Marshall High School","Tennis Girls","49","Varsity","9/10","4:30 pm","","Boonville","away","https://www.mshsaa.org/MySchool/Schedule.aspx?s=360&alg=49","https://www.mshsaa.org/MySchool/Matchup.aspx?s=360&alg=49&comp=2661599","1 Pirate Dr., Boonville, MO 65233-2740"
"360","Marshall High School","Volleyball Girls","57","Varsity","9/10","7:00 pm","","Mexico","away","https://www.mshsaa.org/MySchool/Schedule.aspx?s=360&alg=57","https://www.mshsaa.org/MySchool/Matchup.aspx?s=360&alg=57&comp=2661610","639 N Wade, Mexico, MO 65265-1899"
"128","Mexico High School","Golf Girls","24","Varsity","9/10","","","Southern Boone/New Bloomfield/Glasgow","tournament","https://www.mshsaa.org/MySchool/Schedule.aspx?s=128&alg=24","https://www.mshsaa.org/MySchool/Tournament.aspx?s=128&alg=24&tournament=596140","Ashland, MO"
"128","Mexico High School","Soccer Boys","33","Varsity","9/10","6:30 pm","","Boonville","home","https://www.mshsaa.org/MySchool/Schedule.aspx?s=128&alg=33","https://www.mshsaa.org/MySchool/Matchup.aspx?s=128&alg=33&comp=2643188","639 N Wade, Mexico, MO 65265-1899"
"128","Mexico High School","Softball Fall Season","38","Varsity","9/10","5:00 pm","","Hannibal","home","https://www.mshsaa.org/MySchool/Schedule.aspx?s=128&alg=38","https://www.mshsaa.org/MySchool/Matchup.aspx?s=128&alg=38&comp=2663197","639 N Wade, Mexico, MO 65265-1899"
"128","Mexico High School","Tennis Girls","49","Varsity","9/10","4:00 pm","","Kirksville","away","https://www.mshsaa.org/MySchool/Schedule.aspx?s=128&alg=49","https://www.mshsaa.org/MySchool/Matchup.aspx?s=128&alg=49&comp=2710345","1300 S Cottage Grove, Kirksville, MO 63501-3998"
"128","Mexico High School","Volleyball Girls","57","Varsity","9/10","7:00 pm","","Marshall","home","https://www.mshsaa.org/MySchool/Schedule.aspx?s=128&alg=57","https://www.mshsaa.org/MySchool/Matchup.aspx?s=128&alg=57&comp=2652130","639 N Wade, Mexico, MO 65265-1899"
"569","Missouri Military Academy","Soccer Boys","33","Varsity","9/10","5:00 pm","","Fulton","away","https://www.mshsaa.org/MySchool/Schedule.aspx?s=569&alg=33","https://www.mshsaa.org/MySchool/Matchup.aspx?s=569&alg=33&comp=2746654","#1 Hornet Drive, Fulton, MO 65251-2729"
"132","Moberly High School","Soccer Boys","33","Varsity","9/10","6:45 pm","","Kirksville","home","https://www.mshsaa.org/MySchool/Schedule.aspx?s=132&alg=33","https://www.mshsaa.org/MySchool/Matchup.aspx?s=132&alg=33&comp=2685472","1625 Gratz Brown, Moberly, MO 65270-1904"
"132","Moberly High School","Softball Fall Season","38","Varsity","9/10","5:00 pm","","Macon","home","https://www.mshsaa.org/MySchool/Schedule.aspx?s=132&alg=38","https://www.mshsaa.org/MySchool/Matchup.aspx?s=132&alg=38&comp=2756839","1625 Gratz Brown Street, Moberly, MO 65270"
"139","North Callaway High School","Softball Fall Season","38","Varsity","9/10","5:00 pm","","Wellsville-Middletown","away","https://www.mshsaa.org/MySchool/Schedule.aspx?s=139&alg=38","https://www.mshsaa.org/MySchool/Matchup.aspx?s=139&alg=38&comp=2614152","900 Burlington Rd, Wellsville, MO 63384-1114"
"152","Osage High School","Soccer Boys","33","Varsity","9/10","6:00 pm","","Bolivar","away","https://www.mshsaa.org/MySchool/Schedule.aspx?s=152&alg=33","https://www.mshsaa.org/MySchool/Matchup.aspx?s=152&alg=33&comp=2704207","1401 N. Pomme De Terre Ave., Bolivar, MO 65613-8282"
"152","Osage High School","Softball Fall Season","38","Varsity","9/10","5:00 pm","","South Callaway","home","https://www.mshsaa.org/MySchool/Schedule.aspx?s=152&alg=38","https://www.mshsaa.org/MySchool/Matchup.aspx?s=152&alg=38&comp=2656323","636 Hwy 42, Osage Beach, MO 65065-5301"
"152","Osage High School","Tennis Girls","49","Varsity","9/10","4:00 pm","","Sacred Heart","home","https://www.mshsaa.org/MySchool/Schedule.aspx?s=152&alg=49","https://www.mshsaa.org/MySchool/Matchup.aspx?s=152&alg=49&comp=2768402","636 Hwy 42, Osage Beach, MO 65065-5301"
"152","Osage High School","Volleyball Girls","57","Varsity","9/10","7:30 pm","","Versailles","home","https://www.mshsaa.org/MySchool/Schedule.aspx?s=152&alg=57","https://www.mshsaa.org/MySchool/Matchup.aspx?s=152&alg=57&comp=2654120","636 Hwy 42, Osage Beach, MO 65065-5301"
"578","Rock Bridge High School","Golf Girls","24","Varsity","9/10","4:00 pm","","Helias Catholic","home","https://www.mshsaa.org/MySchool/Schedule.aspx?s=578&alg=24","https://www.mshsaa.org/MySchool/Matchup.aspx?s=578&alg=24&comp=2753452","1800 Parkside Dr., Columbia, MO 65202"
"430","Russellville High School","Softball Fall Season","38","Varsity","9/10","5:00 pm","","Linn","away","https://www.mshsaa.org/MySchool/Schedule.aspx?s=430&alg=38","https://www.mshsaa.org/MySchool/Matchup.aspx?s=430&alg=38&comp=2616301","141 Wildcat Drive, Linn, MO 65051"
"430","Russellville High School","Volleyball Girls","57","Varsity","9/10","6:30 pm","","Stover","home","https://www.mshsaa.org/MySchool/Schedule.aspx?s=430&alg=57","https://www.mshsaa.org/MySchool/Matchup.aspx?s=430&alg=57&comp=2612880","13600 Rte C, Russellville, MO 65074"
"431","Salisbury High School","Golf Girls","24","Varsity","9/10","","","Westran Quad: Salisbury, Paris, Cairo","tournament","https://www.mshsaa.org/MySchool/Schedule.aspx?s=431&alg=24","https://www.mshsaa.org/MySchool/Tournament.aspx?s=431&alg=24&tournament=545812","Huntsville, MO"
"431","Salisbury High School","Softball Fall Season","38","Varsity","9/10","5:00 pm","","Boonville","home","https://www.mshsaa.org/MySchool/Schedule.aspx?s=431&alg=38","https://www.mshsaa.org/MySchool/Matchup.aspx?s=431&alg=38&comp=2632146","1000 S Maple Ave, Salisbury, MO 65281"
"194","Smith-Cotton High School","Cross Country Boys","11","Varsity","9/10","","","Marshall Invitational","tournament","https://www.mshsaa.org/MySchool/Schedule.aspx?s=194&alg=11","https://www.mshsaa.org/MySchool/Tournament.aspx?s=194&alg=11&tournament=556793","Marshall, MO"
"194","Smith-Cotton High School","Cross Country Girls","12","Varsity","9/10","","","Marshall Invitational","tournament","https://www.mshsaa.org/MySchool/Schedule.aspx?s=194&alg=12","https://www.mshsaa.org/MySchool/Tournament.aspx?s=194&alg=12&tournament=558624","Marshall, MO"
"194","Smith-Cotton High School","Soccer Boys","33","Varsity","9/10","6:30 pm","","Blue Springs South","away","https://www.mshsaa.org/MySchool/Schedule.aspx?s=194&alg=33","https://www.mshsaa.org/MySchool/Matchup.aspx?s=194&alg=33&comp=2663083","1200 SE Adams Dairy Pkwy, Blue Springs, MO 64014-3450"
"194","Smith-Cotton High School","Tennis Girls","49","Varsity","9/10","4:30 pm","","Father Tolton","home","https://www.mshsaa.org/MySchool/Schedule.aspx?s=194&alg=49","https://www.mshsaa.org/MySchool/Matchup.aspx?s=194&alg=49&comp=2771770","2010 Tiger Pride Blvd, Sedalia, MO 65301-8503"
"194","Smith-Cotton High School","Volleyball Girls","57","Varsity","9/10","7:00 pm","","Clinton","away","https://www.mshsaa.org/MySchool/Schedule.aspx?s=194&alg=57","https://www.mshsaa.org/MySchool/Matchup.aspx?s=194&alg=57&comp=2643399","1106 S. 2nd, Clinton, MO 64735-2826"
"197","South Callaway High School","Softball Fall Season","38","Varsity","9/10","5:00 pm","","Osage","away","https://www.mshsaa.org/MySchool/Schedule.aspx?s=197&alg=38","https://www.mshsaa.org/MySchool/Matchup.aspx?s=197&alg=38&comp=2724555","636 Hwy 42, Osage Beach, MO 65065-5301"
"2","Southern Boone High School","Golf Girls","24","Varsity","9/10","","","Southern Boone/New Bloomfield/Glasgow/Mexico","tournament","https://www.mshsaa.org/MySchool/Schedule.aspx?s=2&alg=24","https://www.mshsaa.org/MySchool/Tournament.aspx?s=2&alg=24&tournament=564532","Ashland, MO"
"2","Southern Boone High School","Golf Girls","24","Varsity","⤷ 9/10","TBD","","Mexico","tournament","https://www.mshsaa.org/MySchool/Schedule.aspx?s=2&alg=24","https://www.mshsaa.org/MySchool/Matchup.aspx?s=2&alg=24&comp=2780111","14520 Crump Lane, Ashland, MO 65010-9464"
"2","Southern Boone High School","Golf Girls","24","Varsity","⤷ 9/10","TBD","","New Bloomfield","tournament","https://www.mshsaa.org/MySchool/Schedule.aspx?s=2&alg=24","https://www.mshsaa.org/MySchool/Matchup.aspx?s=2&alg=24&comp=2780112","14520 Crump Lane, Ashland, MO 65010-9464"
"2","Southern Boone High School","Golf Girls","24","Varsity","⤷ 9/10","TBD","","Glasgow","tournament","https://www.mshsaa.org/MySchool/Schedule.aspx?s=2&alg=24","https://www.mshsaa.org/MySchool/Matchup.aspx?s=2&alg=24&comp=2780113","14520 Crump Lane, Ashland, MO 65010-9464"
"2","Southern Boone High School","Soccer Boys","33","Varsity","9/10","5:00 pm","","Eugene","home","https://www.mshsaa.org/MySchool/Schedule.aspx?s=2&alg=33","https://www.mshsaa.org/MySchool/Matchup.aspx?s=2&alg=33&comp=2632889","14520 Crump Lane, Ashland, MO 65010-9464"
"2","Southern Boone High School","Volleyball Girls","57","Varsity","9/10","7:00 pm","","Linn","home","https://www.mshsaa.org/MySchool/Schedule.aspx?s=2&alg=57","https://www.mshsaa.org/MySchool/Matchup.aspx?s=2&alg=57&comp=2653882","14520 Crump Lane, Ashland, MO 65010-9464"
"474","Tipton High School","Cross Country Boys","11","Varsity","9/10","","","Marshall Invitational","tournament","https://www.mshsaa.org/MySchool/Schedule.aspx?s=474&alg=11","https://www.mshsaa.org/MySchool/Tournament.aspx?s=474&alg=11&tournament=578394","Marshall, MO"
"474","Tipton High School","Volleyball Girls","57","Varsity","9/10","6:00 pm","","Sacred Heart","away","https://www.mshsaa.org/MySchool/Schedule.aspx?s=474&alg=57","https://www.mshsaa.org/MySchool/Matchup.aspx?s=474&alg=57&comp=2633242","416 W 3rd St, Sedalia, MO 65301-4398"
"485","Versailles High School","Volleyball Girls","57","Varsity","9/10","7:30 pm","","Osage","away","https://www.mshsaa.org/MySchool/Schedule.aspx?s=485&alg=57","https://www.mshsaa.org/MySchool/Matchup.aspx?s=485&alg=57&comp=2643115","636 Hwy 42, Osage Beach, MO 65065-5301"
"953","Battle High School","Football","19","Varsity","9/11","7:00 pm","","Helias Catholic","away","https://www.mshsaa.org/MySchool/Schedule.aspx?s=953&alg=19","https://www.mshsaa.org/MySchool/Matchup.aspx?s=953&alg=19&comp=2666892","1305 Swifts Hwy, Jefferson City, MO 65109-2595"
"953","Battle High School","Softball Fall Season","38","Varsity","9/11-12","","","LOZ Tournament at Ball Parks National","tournament","https://www.mshsaa.org/MySchool/Schedule.aspx?s=953&alg=38","https://www.mshsaa.org/MySchool/Tournament.aspx?s=953&alg=38&tournament=568157","Camdenton, MO"
"953","Battle High School","Tennis Girls","49","Varsity","9/11","4:30 pm","","Capital City","home","https://www.mshsaa.org/MySchool/Schedule.aspx?s=953&alg=49","https://www.mshsaa.org/MySchool/Matchup.aspx?s=953&alg=49&comp=2766953","7575 St. Charles Road, Columbia, MO 65202"
"217","Blair Oaks High School","Football","19","Varsity","9/11","7:00 pm","","Southern Boone","away","https://www.mshsaa.org/MySchool/Schedule.aspx?s=217&alg=19","https://www.mshsaa.org/MySchool/Matchup.aspx?s=217&alg=19&comp=2627471","14520 Crump Lane, Ashland, MO 65010-9464"
"16","Boonville High School","Football","19","Varsity","9/11","7:00 pm","","Eldon","home","https://www.mshsaa.org/MySchool/Schedule.aspx?s=16&alg=19","https://www.mshsaa.org/MySchool/Matchup.aspx?s=16&alg=19&comp=2712350","1 Pirate Dr., Boonville, MO 65233-2740"
"16","Boonville High School","Softball Fall Season","38","Varsity","9/11-12","","","Warrensburg Varsity Tournament","tournament","https://www.mshsaa.org/MySchool/Schedule.aspx?s=16&alg=38","https://www.mshsaa.org/MySchool/Tournament.aspx?s=16&alg=38&tournament=586657","Warrensburg, MO"
"582","California High School","Football","19","Varsity","9/11","7:00 pm","","Hallsville","home","https://www.mshsaa.org/MySchool/Schedule.aspx?s=582&alg=19","https://www.mshsaa.org/MySchool/Matchup.aspx?s=582&alg=19&comp=2519680","1501 West Buchanan Street, California, MO 65018"
"582","California High School","Softball Fall Season","38","Varsity","9/11-12","","","LOZ Tournament at Ball Parks National","tournament","https://www.mshsaa.org/MySchool/Schedule.aspx?s=582&alg=38","https://www.mshsaa.org/MySchool/Tournament.aspx?s=582&alg=38&tournament=542706","Camdenton, MO"
"26","Camdenton High School","Cross Country Boys","11","Varsity","9/11","","","QUEEN CITY AFTER DARK","tournament","https://www.mshsaa.org/MySchool/Schedule.aspx?s=26&alg=11","https://www.mshsaa.org/MySchool/Tournament.aspx?s=26&alg=11&tournament=578488","Springfield, MO"
"26","Camdenton High School","Cross Country Girls","12","Varsity","9/11","","","QUEEN CITY AFTER DARK","tournament","https://www.mshsaa.org/MySchool/Schedule.aspx?s=26&alg=12","https://www.mshsaa.org/MySchool/Tournament.aspx?s=26&alg=12&tournament=578928","Springfield, MO"
"26","Camdenton High School","Football","19","Varsity","9/11","7:00 pm","","Smith-Cotton","home","https://www.mshsaa.org/MySchool/Schedule.aspx?s=26&alg=19","https://www.mshsaa.org/MySchool/Matchup.aspx?s=26&alg=19&comp=2674413","662 Laker Pride Road, Camdenton, MO 65020-1409"
"26","Camdenton High School","Soccer Boys","33","Varsity","⤷ 9/11","10:30 am","","Parkview","tournament","https://www.mshsaa.org/MySchool/Schedule.aspx?s=26&alg=33","https://www.mshsaa.org/MySchool/Matchup.aspx?s=26&alg=33&comp=2781178","Springfield, MO"
"26","Camdenton High School","Softball Fall Season","38","Varsity","9/11-12","","","Vivian Jo Memorial Take the Lake High School Tournament","tournament","https://www.mshsaa.org/MySchool/Schedule.aspx?s=26&alg=38","https://www.mshsaa.org/MySchool/Tournament.aspx?s=26&alg=38&tournament=550492","Camdenton, MO"
"26","Camdenton High School","Swimming and Diving Boys","44","Varsity","9/11","4:30 pm","","Kickapoo","away","https://www.mshsaa.org/MySchool/Schedule.aspx?s=26&alg=44","https://www.mshsaa.org/MySchool/Matchup.aspx?s=26&alg=44&comp=2788292","3710 S Jefferson Ave, Springfield, MO 65807-5298"
"1540","Capital City High School","Football","19","Varsity","9/11","7:00 pm","","Hickman","home","https://www.mshsaa.org/MySchool/Schedule.aspx?s=1540&alg=19","https://www.mshsaa.org/MySchool/Matchup.aspx?s=1540&alg=19&comp=2622650","1650 Cavalier Drive, Jefferson City, MO 65109"
"1540","Capital City High School","Softball Fall Season","38","Varsity","9/11-12","","","LOZ Tournament at Ball Parks National","tournament","https://www.mshsaa.org/MySchool/Schedule.aspx?s=1540&alg=38","https://www.mshsaa.org/MySchool/Tournament.aspx?s=1540&alg=38&tournament=557093",""
"1540","Capital City High School","Softball Fall Season","38","Varsity","⤷ 9/11","3:15 pm","","Lee's Summit","tournament","https://www.mshsaa.org/MySchool/Schedule.aspx?s=1540&alg=38","https://www.mshsaa.org/MySchool/Matchup.aspx?s=1540&alg=38&comp=2785359",""
"1540","Capital City High School","Softball Fall Season","38","Varsity","⤷ 9/11","5:00 pm","","Kirkwood","tournament","https://www.mshsaa.org/MySchool/Schedule.aspx?s=1540&alg=38","https://www.mshsaa.org/MySchool/Matchup.aspx?s=1540&alg=38&comp=2785360",""
"1540","Capital City High School","Tennis Girls","49","Varsity","9/11","4:30 pm","","Battle","away","https://www.mshsaa.org/MySchool/Schedule.aspx?s=1540&alg=49","https://www.mshsaa.org/MySchool/Matchup.aspx?s=1540&alg=49&comp=2621720","7575 St. Charles Road, Columbia, MO 65202"
"53","Centralia High School","Football","19","Varsity","9/11","7:00 pm","","Highland","home","https://www.mshsaa.org/MySchool/Schedule.aspx?s=53&alg=19","https://www.mshsaa.org/MySchool/Matchup.aspx?s=53&alg=19&comp=2584464","849 South Jefferson Street, Centralia, MO 65240"
"53","Centralia High School","Softball Fall Season","38","Varsity","9/11","","","DH Centralia/Odessa","tournament","https://www.mshsaa.org/MySchool/Schedule.aspx?s=53&alg=38","https://www.mshsaa.org/MySchool/Tournament.aspx?s=53&alg=38&tournament=570018","Jefferson City, MO"
"278","Eldon High School","Football","19","Varsity","9/11","7:00 pm","","Boonville","away","https://www.mshsaa.org/MySchool/Schedule.aspx?s=278&alg=19","https://www.mshsaa.org/MySchool/Matchup.aspx?s=278&alg=19&comp=2628609","1 Pirate Dr., Boonville, MO 65233-2740"
"278","Eldon High School","Softball Fall Season","38","Varsity","9/11-12","","","LOZ Tournament at Ball Parks National","tournament","https://www.mshsaa.org/MySchool/Schedule.aspx?s=278&alg=38","https://www.mshsaa.org/MySchool/Tournament.aspx?s=278&alg=38&tournament=552344","Camdenton, MO"
"917","Father Tolton","Tennis Girls","49","Varsity","9/11","4:30 pm","","Lutheran St. Charles","home","https://www.mshsaa.org/MySchool/Schedule.aspx?s=917&alg=49","https://www.mshsaa.org/MySchool/Matchup.aspx?s=917&alg=49&comp=2768430","3351 E Gans Road, Columbia, MO 65201"
"294","Fayette High School","Football","19","Varsity","9/11","7:00 pm","","Salisbury","away","https://www.mshsaa.org/MySchool/Schedule.aspx?s=294&alg=19","https://www.mshsaa.org/MySchool/Matchup.aspx?s=294&alg=19&comp=2643031","1000 S Maple Ave, Salisbury, MO 65281"
"80","Fulton High School","Football","19","Varsity","9/11","7:00 pm","","Osage","home","https://www.mshsaa.org/MySchool/Schedule.aspx?s=80&alg=19","https://www.mshsaa.org/MySchool/Matchup.aspx?s=80&alg=19&comp=2519101","#1 Hornet Drive, Fulton, MO 65251-2729"
"302","Glasgow High School","Softball Fall Season","38","Varsity","9/11","4:30 pm","","Salisbury","home","https://www.mshsaa.org/MySchool/Schedule.aspx?s=302&alg=38","https://www.mshsaa.org/MySchool/Matchup.aspx?s=302&alg=38&comp=2737353","860 Randolph St, Glasgow, MO 65254-1299"
"311","Hallsville High School","Football","19","Varsity","9/11","7:00 pm","","California","away","https://www.mshsaa.org/MySchool/Schedule.aspx?s=311&alg=19","https://www.mshsaa.org/MySchool/Matchup.aspx?s=311&alg=19&comp=2589269","1501 W Buchanan, California, MO 65018-1279"
"313","Harrisburg High School","Football","19","Varsity","9/11","7:00 pm","","Westran","away","https://www.mshsaa.org/MySchool/Schedule.aspx?s=313&alg=19","https://www.mshsaa.org/MySchool/Matchup.aspx?s=313&alg=19&comp=2586723","601 Hornet Ln, Huntsville, MO 65259-9685"
"522","Helias High School","Football","19","Varsity","9/11","7:00 pm","","Battle","home","https://www.mshsaa.org/MySchool/Schedule.aspx?s=522&alg=19","https://www.mshsaa.org/MySchool/Matchup.aspx?s=522&alg=19&comp=2627939","1305 Swifts Hwy, Jefferson City, MO 65109-2595"
"522","Helias High School","Softball Fall Season","38","Varsity","9/11","","","DH Centralia/Odessa","tournament","https://www.mshsaa.org/MySchool/Schedule.aspx?s=522&alg=38","https://www.mshsaa.org/MySchool/Tournament.aspx?s=522&alg=38&tournament=567763","Jefferson City, MO"
"85","Hickman High School","Football","19","Varsity","9/11","7:00 pm","","Capital City","away","https://www.mshsaa.org/MySchool/Schedule.aspx?s=85&alg=19","https://www.mshsaa.org/MySchool/Matchup.aspx?s=85&alg=19&comp=2646523","1650 Cavalier Drive, Jefferson City, MO 65109"
"85","Hickman High School","Softball Fall Season","38","Varsity","9/11","5:30 pm","","Fatima","home","https://www.mshsaa.org/MySchool/Schedule.aspx?s=85&alg=38","https://www.mshsaa.org/MySchool/Matchup.aspx?s=85&alg=38&comp=2744119","1104 N Providence Rd, Columbia, MO 65203-4398"
"85","Hickman High School","Tennis Girls","49","Varsity","9/11","4:30 pm","","Columbia Independent","home","https://www.mshsaa.org/MySchool/Schedule.aspx?s=85&alg=49","https://www.mshsaa.org/MySchool/Matchup.aspx?s=85&alg=49&comp=2765030","1104 N Providence Rd, Columbia, MO 65203-4398"
"84","Jefferson City High School","Football","19","Varsity","9/11","7:00 pm","","Rock Bridge","away","https://www.mshsaa.org/MySchool/Schedule.aspx?s=84&alg=19","https://www.mshsaa.org/MySchool/Matchup.aspx?s=84&alg=19&comp=2560877","4303 S Providence Rd, Columbia, MO 65203-7198"
"84","Jefferson City High School","Volleyball Girls","57","Varsity","9/11-12","","","Rockwood Invitational","tournament","https://www.mshsaa.org/MySchool/Schedule.aspx?s=84&alg=57","https://www.mshsaa.org/MySchool/Tournament.aspx?s=84&alg=57&tournament=551666","Eureka, MO"
"360","Marshall High School","Football","19","Varsity","9/11","7:00 pm","","Richmond","home","https://www.mshsaa.org/MySchool/Schedule.aspx?s=360&alg=19","https://www.mshsaa.org/MySchool/Matchup.aspx?s=360&alg=19&comp=2772427","805 South Miami, Marshall, MO 65340"
"360","Marshall High School","Soccer Boys","33","Varsity","9/11","","","Southern Boone Shootout","tournament","https://www.mshsaa.org/MySchool/Schedule.aspx?s=360&alg=33","https://www.mshsaa.org/MySchool/Tournament.aspx?s=360&alg=33&tournament=554352","Ashland, MO"
"360","Marshall High School","Soccer Boys","33","Varsity","⤷ 9/11","TBD","","Perryville","tournament","https://www.mshsaa.org/MySchool/Schedule.aspx?s=360&alg=33","https://www.mshsaa.org/MySchool/Matchup.aspx?s=360&alg=33&comp=2791083","Ashland, MO"
"360","Marshall High School","Soccer Boys","33","Varsity","⤷ 9/11","TBD","","Southern Boone","tournament","https://www.mshsaa.org/MySchool/Schedule.aspx?s=360&alg=33","https://www.mshsaa.org/MySchool/Matchup.aspx?s=360&alg=33&comp=2791084","Ashland, MO"
"360","Marshall High School","Softball Fall Season","38","Varsity","9/11-12","","","LOZ Tournament at Ball Parks National","tournament","https://www.mshsaa.org/MySchool/Schedule.aspx?s=360&alg=38","https://www.mshsaa.org/MySchool/Tournament.aspx?s=360&alg=38&tournament=550527","Camdenton, MO"
"360","Marshall High School","Tennis Girls","49","Varsity","9/11","","","Barstow Tournament","tournament","https://www.mshsaa.org/MySchool/Schedule.aspx?s=360&alg=49","https://www.mshsaa.org/MySchool/Tournament.aspx?s=360&alg=49&tournament=554362","Kansas City, MO"
"128","Mexico High School","Football","19","Varsity","9/11","7:00 pm","","Monroe City","away","https://www.mshsaa.org/MySchool/Schedule.aspx?s=128&alg=19","https://www.mshsaa.org/MySchool/Matchup.aspx?s=128&alg=19&comp=2520602","401 Business Hwy 36, Monroe City, MO 63456-1398"
"569","Missouri Military Academy","Football","19","Varsity","9/11","7:00 pm","","Veritas Christian Academy","home","https://www.mshsaa.org/MySchool/Schedule.aspx?s=569&alg=19","https://www.mshsaa.org/MySchool/Matchup.aspx?s=569&alg=19&comp=2616293","204 N Grand St, Mexico, MO 65265-3090"
"132","Moberly High School","Football","19","Varsity","9/11","7:00 pm","","Lighthouse Sr. High","away","https://www.mshsaa.org/MySchool/Schedule.aspx?s=132&alg=19","https://www.mshsaa.org/MySchool/Matchup.aspx?s=132&alg=19&comp=2785844","Blair Oaks, MO"
"132","Moberly High School","Tennis Girls","49","Varsity","9/11","4:00 pm","","Triad Troy, IL","home","https://www.mshsaa.org/MySchool/Schedule.aspx?s=132&alg=49","",""
"139","North Callaway High School","Football","19","Varsity","9/11","7:00 pm","","Montgomery County","home","https://www.mshsaa.org/MySchool/Schedule.aspx?s=139&alg=19","https://www.mshsaa.org/MySchool/Matchup.aspx?s=139&alg=19&comp=2591215","2700 Thunderbird Dr, Kingdom City, MO 65262-1817"
"152","Osage High School","Football","19","Varsity","9/11","7:00 pm","","Fulton","away","https://www.mshsaa.org/MySchool/Schedule.aspx?s=152&alg=19","https://www.mshsaa.org/MySchool/Matchup.aspx?s=152&alg=19&comp=2518995","#1 Hornet Drive, Fulton, MO 65251-2729"
"578","Rock Bridge High School","Football","19","Varsity","9/11","7:00 pm","","Jefferson City","home","https://www.mshsaa.org/MySchool/Schedule.aspx?s=578&alg=19","https://www.mshsaa.org/MySchool/Matchup.aspx?s=578&alg=19&comp=2683318","4303 South Providence Road, Columbia, MO 65203"
"578","Rock Bridge High School","Softball Fall Season","38","Varsity","9/11","4:00 pm","","Troy Buchanan","away","https://www.mshsaa.org/MySchool/Schedule.aspx?s=578&alg=38","https://www.mshsaa.org/MySchool/Matchup.aspx?s=578&alg=38&comp=2786444","1190 Old Cap Au Gris Rd, Troy, MO 63379-2300"
"578","Rock Bridge High School","Softball Fall Season","38","Varsity","9/11","1:00 pm","","Francis Howell","away","https://www.mshsaa.org/MySchool/Schedule.aspx?s=578&alg=38","https://www.mshsaa.org/MySchool/Matchup.aspx?s=578&alg=38&comp=2792145","7001 Hwy 94 South, St. Charles, MO 63304-2201"
"578","Rock Bridge High School","Tennis Girls","49","Varsity","9/11-12","","","MO-AR Duals","tournament","https://www.mshsaa.org/MySchool/Schedule.aspx?s=578&alg=49","https://www.mshsaa.org/MySchool/Tournament.aspx?s=578&alg=49&tournament=573147","Edwardsville, IL"
"578","Rock Bridge High School","Volleyball Girls","57","Varsity","9/11-12","","","Rockwood Summit Tournament","tournament","https://www.mshsaa.org/MySchool/Schedule.aspx?s=578&alg=57","https://www.mshsaa.org/MySchool/Tournament.aspx?s=578&alg=57&tournament=579204","St. Louis, MO"
"578","Rock Bridge High School","Volleyball Girls","57","Varsity","⤷ 9/11","TBD","","Lutheran St. Charles","tournament","https://www.mshsaa.org/MySchool/Schedule.aspx?s=578&alg=57","https://www.mshsaa.org/MySchool/Matchup.aspx?s=578&alg=57&comp=2784570","St. Louis, MO"
"578","Rock Bridge High School","Volleyball Girls","57","Varsity","⤷ 9/11","TBD","","Republic","tournament","https://www.mshsaa.org/MySchool/Schedule.aspx?s=578&alg=57","https://www.mshsaa.org/MySchool/Matchup.aspx?s=578&alg=57&comp=2784571","St. Louis, MO"
"430","Russellville High School","Football","19","Varsity","9/11","7:00 pm","","Owensville","away","https://www.mshsaa.org/MySchool/Schedule.aspx?s=430&alg=19","https://www.mshsaa.org/MySchool/Matchup.aspx?s=430&alg=19&comp=2483468","3336 Hwy 19, Owensville, MO 65066"
"431","Salisbury High School","Football","19","Varsity","9/11","7:00 pm","","Fayette","home","https://www.mshsaa.org/MySchool/Schedule.aspx?s=431&alg=19","https://www.mshsaa.org/MySchool/Matchup.aspx?s=431&alg=19&comp=2597959","309 W 11th St, Salisbury, MO 65281"
"431","Salisbury High School","Softball Fall Season","38","Varsity","9/11","4:30 pm","","Glasgow","away","https://www.mshsaa.org/MySchool/Schedule.aspx?s=431&alg=38","https://www.mshsaa.org/MySchool/Matchup.aspx?s=431&alg=38&comp=2632147","860 Randolph St, Glasgow, MO 65254-1299"
"194","Smith-Cotton High School","Football","19","Varsity","9/11","7:00 pm","","Camdenton","away","https://www.mshsaa.org/MySchool/Schedule.aspx?s=194&alg=19","https://www.mshsaa.org/MySchool/Matchup.aspx?s=194&alg=19&comp=2669253","662 Laker Pride Road, Camdenton, MO 65020-1409"
"194","Smith-Cotton High School","Softball Fall Season","38","Varsity","9/11-12","","","LOZ Tournament at Ball Parks National","tournament","https://www.mshsaa.org/MySchool/Schedule.aspx?s=194&alg=38","https://www.mshsaa.org/MySchool/Tournament.aspx?s=194&alg=38&tournament=551146","Camdenton, MO"
"194","Smith-Cotton High School","Softball Fall Season","38","Varsity","⤷ 9/11","TBD","","Poplar Bluff","tournament","https://www.mshsaa.org/MySchool/Schedule.aspx?s=194&alg=38","https://www.mshsaa.org/MySchool/Matchup.aspx?s=194&alg=38&comp=2774967","Camdenton, MO"
"194","Smith-Cotton High School","Softball Fall Season","38","Varsity","⤷ 9/11","TBD","","Park Hill","tournament","https://www.mshsaa.org/MySchool/Schedule.aspx?s=194&alg=38","https://www.mshsaa.org/MySchool/Matchup.aspx?s=194&alg=38&comp=2774968","Camdenton, MO"
"194","Smith-Cotton High School","Swimming and Diving Boys","44","Varsity","9/11-12","","","Belton Invitational","tournament","https://www.mshsaa.org/MySchool/Schedule.aspx?s=194&alg=44","https://www.mshsaa.org/MySchool/Tournament.aspx?s=194&alg=44&tournament=575865","Belton, MO"
"194","Smith-Cotton High School","Tennis Girls","49","Varsity","9/11","","","Warrensburg Varsity Tournament","tournament","https://www.mshsaa.org/MySchool/Schedule.aspx?s=194&alg=49","https://www.mshsaa.org/MySchool/Tournament.aspx?s=194&alg=49&tournament=577172","Warrensburg, MO"
"197","South Callaway High School","Football","19","Varsity","9/11","7:00 pm","","Scotland County","home","https://www.mshsaa.org/MySchool/Schedule.aspx?s=197&alg=19","https://www.mshsaa.org/MySchool/Matchup.aspx?s=197&alg=19&comp=2647557","10135 State Rd C, Mokane, MO 65059-0038"
"2","Southern Boone High School","Football","19","Varsity","9/11","7:00 pm","","Blair Oaks","home","https://www.mshsaa.org/MySchool/Schedule.aspx?s=2&alg=19","https://www.mshsaa.org/MySchool/Matchup.aspx?s=2&alg=19&comp=2599038","14520 Crump Lane, Ashland, MO 65010-9464"
"2","Southern Boone High School","Soccer Boys","33","Varsity","9/11","","","Southern Boone Shootout","tournament","https://www.mshsaa.org/MySchool/Schedule.aspx?s=2&alg=33","https://www.mshsaa.org/MySchool/Tournament.aspx?s=2&alg=33&tournament=545981","Ashland, MO"
"2","Southern Boone High School","Soccer Boys","33","Varsity","⤷ 9/11","TBD","","Perryville","tournament","https://www.mshsaa.org/MySchool/Schedule.aspx?s=2&alg=33","https://www.mshsaa.org/MySchool/Matchup.aspx?s=2&alg=33&comp=2767250","Ashland, MO"
"2","Southern Boone High School","Soccer Boys","33","Varsity","⤷ 9/11","TBD","","Marshall","tournament","https://www.mshsaa.org/MySchool/Schedule.aspx?s=2&alg=33","https://www.mshsaa.org/MySchool/Matchup.aspx?s=2&alg=33&comp=2767251","Ashland, MO"
"2","Southern Boone High School","Softball Fall Season","38","Varsity","9/11-12","","","LOZ Tournament at Ball Parks National","tournament","https://www.mshsaa.org/MySchool/Schedule.aspx?s=2&alg=38","https://www.mshsaa.org/MySchool/Tournament.aspx?s=2&alg=38&tournament=550729","Camdenton, MO"
"474","Tipton High School","Football","19","Varsity","9/11","7:00 pm","","East Newton","home","https://www.mshsaa.org/MySchool/Schedule.aspx?s=474&alg=19","https://www.mshsaa.org/MySchool/Matchup.aspx?s=474&alg=19&comp=2778047","334 US Hwy 50 West, Tipton, MO 65081-8606"
"485","Versailles High School","Football","19","Varsity","9/11","7:00 pm","","Lexington","home","https://www.mshsaa.org/MySchool/Schedule.aspx?s=485&alg=19","https://www.mshsaa.org/MySchool/Matchup.aspx?s=485&alg=19&comp=2629776","913 W Newton, Versailles, MO 65084-1811"
"953","Battle High School","Cross Country Boys","11","Varsity","9/12","","","Tolton Catholic Invitational","tournament","https://www.mshsaa.org/MySchool/Schedule.aspx?s=953&alg=11","https://www.mshsaa.org/MySchool/Tournament.aspx?s=953&alg=11&tournament=589580","Columbia, MO"
"953","Battle High School","Cross Country Girls","12","Varsity","9/12","","","Tolton Catholic Invitational","tournament","https://www.mshsaa.org/MySchool/Schedule.aspx?s=953&alg=12","https://www.mshsaa.org/MySchool/Tournament.aspx?s=953&alg=12&tournament=589579","Columbia, MO"
"953","Battle High School","Volleyball Girls","57","Varsity","9/12","","","Hickman Varsity Tournament","tournament","https://www.mshsaa.org/MySchool/Schedule.aspx?s=953&alg=57","https://www.mshsaa.org/MySchool/Tournament.aspx?s=953&alg=57&tournament=589260","Columbia, MO"
"217","Blair Oaks High School","Cross Country Boys","11","Varsity","9/12","","","Linn Invitational","tournament","https://www.mshsaa.org/MySchool/Schedule.aspx?s=217&alg=11","https://www.mshsaa.org/MySchool/Tournament.aspx?s=217&alg=11&tournament=545753","Linn, MO"
"217","Blair Oaks High School","Cross Country Girls","12","Varsity","9/12","","","Linn Invitational","tournament","https://www.mshsaa.org/MySchool/Schedule.aspx?s=217&alg=12","https://www.mshsaa.org/MySchool/Tournament.aspx?s=217&alg=12&tournament=589651","Linn, MO"
"217","Blair Oaks High School","Volleyball Girls","57","Varsity","9/12","","","West Plains Showdown Tournament","tournament","https://www.mshsaa.org/MySchool/Schedule.aspx?s=217&alg=57","https://www.mshsaa.org/MySchool/Tournament.aspx?s=217&alg=57&tournament=596276","West Plains, MO"
"16","Boonville High School","Cross Country Boys","11","Varsity","9/12","","","Tolton Catholic Invitational","tournament","https://www.mshsaa.org/MySchool/Schedule.aspx?s=16&alg=11","https://www.mshsaa.org/MySchool/Tournament.aspx?s=16&alg=11&tournament=589627","Columbia, MO"
"16","Boonville High School","Cross Country Girls","12","Varsity","9/12","","","Tolton Catholic Invitational","tournament","https://www.mshsaa.org/MySchool/Schedule.aspx?s=16&alg=12","https://www.mshsaa.org/MySchool/Tournament.aspx?s=16&alg=12&tournament=589626","Columbia, MO"
"16","Boonville High School","Tennis Girls","49","Varsity","9/12","9:00 pm","","Boonville Lady Pirate Open","tournament","https://www.mshsaa.org/MySchool/Schedule.aspx?s=16&alg=49","https://www.mshsaa.org/MySchool/Tournament.aspx?s=16&alg=49&tournament=585339","Boonville, MO"
"582","California High School","Cross Country Boys","11","Varsity","9/12","","","47th Annual Linn XC Invitational","tournament","https://www.mshsaa.org/MySchool/Schedule.aspx?s=582&alg=11","https://www.mshsaa.org/MySchool/Tournament.aspx?s=582&alg=11&tournament=544405","Linn, MO"
"582","California High School","Volleyball Girls","57","Varsity","9/12","","","Melissa Hoerber Invitational Tournament","tournament","https://www.mshsaa.org/MySchool/Schedule.aspx?s=582&alg=57","https://www.mshsaa.org/MySchool/Tournament.aspx?s=582&alg=57&tournament=542694","Fulton, MO"
"26","Camdenton High School","Soccer Boys","33","Varsity","⤷ 9/12","11:00 am","","Kickapoo","tournament","https://www.mshsaa.org/MySchool/Schedule.aspx?s=26&alg=33","https://www.mshsaa.org/MySchool/Matchup.aspx?s=26&alg=33&comp=2781179","Springfield, MO"
"26","Camdenton High School","Volleyball Girls","57","Varsity","9/12","","","Varsity Lake VolleyFest","tournament","https://www.mshsaa.org/MySchool/Schedule.aspx?s=26&alg=57","https://www.mshsaa.org/MySchool/Tournament.aspx?s=26&alg=57&tournament=565066","Camdenton, MO"
"1540","Capital City High School","Cross Country Boys","11","Varsity","9/12","9:00 am","","at Olathe Twilight Olathe, KS","away","https://www.mshsaa.org/MySchool/Schedule.aspx?s=1540&alg=11","",""
"1540","Capital City High School","Cross Country Girls","12","Varsity","9/12","9:00 am","","at Olathe Twilight Olathe, KS","away","https://www.mshsaa.org/MySchool/Schedule.aspx?s=1540&alg=12","",""
"1540","Capital City High School","Softball Fall Season","38","Varsity","⤷ 9/12","2:15 pm","","St. Elizabeth","tournament","https://www.mshsaa.org/MySchool/Schedule.aspx?s=1540&alg=38","https://www.mshsaa.org/MySchool/Matchup.aspx?s=1540&alg=38&comp=2785361",""
"1540","Capital City High School","Softball Fall Season","38","Varsity","⤷ 9/12","4:00 pm","","Park Hill","tournament","https://www.mshsaa.org/MySchool/Schedule.aspx?s=1540&alg=38","https://www.mshsaa.org/MySchool/Matchup.aspx?s=1540&alg=38&comp=2785362",""
"53","Centralia High School","Cross Country Boys","11","Varsity","9/12","","","Tolton Catholic Invitational","tournament","https://www.mshsaa.org/MySchool/Schedule.aspx?s=53&alg=11","https://www.mshsaa.org/MySchool/Tournament.aspx?s=53&alg=11&tournament=552237","Columbia, MO"
"53","Centralia High School","Cross Country Girls","12","Varsity","9/12","","","Tolton Catholic Invitational","tournament","https://www.mshsaa.org/MySchool/Schedule.aspx?s=53&alg=12","https://www.mshsaa.org/MySchool/Tournament.aspx?s=53&alg=12&tournament=552244","Columbia, MO"
"53","Centralia High School","Volleyball Girls","57","Varsity","9/12","","","Melissa Hoerber Invitational Tournament","tournament","https://www.mshsaa.org/MySchool/Schedule.aspx?s=53&alg=57","https://www.mshsaa.org/MySchool/Tournament.aspx?s=53&alg=57&tournament=552320","Fulton, MO"
"1099","Christian Fellowship","Cross Country Boys","11","Varsity","9/12","","","Tolton Catholic Invitational","tournament","https://www.mshsaa.org/MySchool/Schedule.aspx?s=1099&alg=11","https://www.mshsaa.org/MySchool/Tournament.aspx?s=1099&alg=11&tournament=589577","Columbia, MO"
"1099","Christian Fellowship","Cross Country Girls","12","Varsity","9/12","","","Tolton Catholic Invitational","tournament","https://www.mshsaa.org/MySchool/Schedule.aspx?s=1099&alg=12","https://www.mshsaa.org/MySchool/Tournament.aspx?s=1099&alg=12&tournament=589576","Columbia, MO"
"566","Columbia Independent","Cross Country Boys","11","Varsity","9/12","","","Tolton Invitational","tournament","https://www.mshsaa.org/MySchool/Schedule.aspx?s=566&alg=11","https://www.mshsaa.org/MySchool/Tournament.aspx?s=566&alg=11&tournament=594219",""
"566","Columbia Independent","Cross Country Girls","12","Varsity","9/12","","","Tolton Invitational","tournament","https://www.mshsaa.org/MySchool/Schedule.aspx?s=566&alg=12","https://www.mshsaa.org/MySchool/Tournament.aspx?s=566&alg=12&tournament=594225",""
"566","Columbia Independent","Tennis Girls","49","Varsity","9/12","","","Boonville Lady Pirate Open","tournament","https://www.mshsaa.org/MySchool/Schedule.aspx?s=566&alg=49","https://www.mshsaa.org/MySchool/Tournament.aspx?s=566&alg=49&tournament=586001","Boonville, MO"
"278","Eldon High School","Cross Country Boys","11","Varsity","9/12","","","Tolton Catholic Invitational","tournament","https://www.mshsaa.org/MySchool/Schedule.aspx?s=278&alg=11","https://www.mshsaa.org/MySchool/Tournament.aspx?s=278&alg=11&tournament=544983","Columbia, MO"
"278","Eldon High School","Cross Country Girls","12","Varsity","9/12","","","47th Annual Linn XC Invitational","tournament","https://www.mshsaa.org/MySchool/Schedule.aspx?s=278&alg=12","https://www.mshsaa.org/MySchool/Tournament.aspx?s=278&alg=12&tournament=544990","Linn, MO"
"278","Eldon High School","Volleyball Girls","57","Varsity","9/12","","","Varsity Lake VolleyFest","tournament","https://www.mshsaa.org/MySchool/Schedule.aspx?s=278&alg=57","https://www.mshsaa.org/MySchool/Tournament.aspx?s=278&alg=57&tournament=556727","Camdenton, MO"
"917","Father Tolton","Cross Country Boys","11","Varsity","9/12","","","Tolton Catholic Invitational","tournament","https://www.mshsaa.org/MySchool/Schedule.aspx?s=917&alg=11","https://www.mshsaa.org/MySchool/Tournament.aspx?s=917&alg=11&tournament=558147","Columbia, MO"
"917","Father Tolton","Cross Country Girls","12","Varsity","9/12","","","Tolton Catholic Invitational","tournament","https://www.mshsaa.org/MySchool/Schedule.aspx?s=917&alg=12","https://www.mshsaa.org/MySchool/Tournament.aspx?s=917&alg=12&tournament=558146","Columbia, MO"
"917","Father Tolton","Football","19","Varsity","9/12","1:00 pm","","University Academy Charter with Ewing Marion Kauffman","away","https://www.mshsaa.org/MySchool/Schedule.aspx?s=917&alg=19","https://www.mshsaa.org/MySchool/Matchup.aspx?s=917&alg=19&comp=2510299","6801 Holmes St, Kansas City, MO 64131-1382"
"917","Father Tolton","Volleyball Girls","57","Varsity","9/12","","","Hickman Tournament","tournament","https://www.mshsaa.org/MySchool/Schedule.aspx?s=917&alg=57","https://www.mshsaa.org/MySchool/Tournament.aspx?s=917&alg=57&tournament=570559","Columbia, MO"
"294","Fayette High School","Cross Country Boys","11","Varsity","9/12","","","Tolton Catholic Invitational","tournament","https://www.mshsaa.org/MySchool/Schedule.aspx?s=294&alg=11","https://www.mshsaa.org/MySchool/Tournament.aspx?s=294&alg=11&tournament=598983","Columbia, MO"
"294","Fayette High School","Softball Fall Season","38","Varsity","9/12","","","12th Annual Terry Early New Franklin Softball Tournament","tournament","https://www.mshsaa.org/MySchool/Schedule.aspx?s=294&alg=38","https://www.mshsaa.org/MySchool/Tournament.aspx?s=294&alg=38&tournament=546468","New Franklin, MO"
"80","Fulton High School","Cross Country Boys","11","Varsity","9/12","","","47th Annual Linn XC Invitational","tournament","https://www.mshsaa.org/MySchool/Schedule.aspx?s=80&alg=11","https://www.mshsaa.org/MySchool/Tournament.aspx?s=80&alg=11&tournament=580265","Linn, MO"
"80","Fulton High School","Cross Country Girls","12","Varsity","9/12","","","47th Annual Linn XC Invitational","tournament","https://www.mshsaa.org/MySchool/Schedule.aspx?s=80&alg=12","https://www.mshsaa.org/MySchool/Tournament.aspx?s=80&alg=12&tournament=594832","Linn, MO"
"80","Fulton High School","Tennis Girls","49","Varsity","9/12","","","Boonville Lady Pirate Open","tournament","https://www.mshsaa.org/MySchool/Schedule.aspx?s=80&alg=49","https://www.mshsaa.org/MySchool/Tournament.aspx?s=80&alg=49&tournament=585820","Boonville, MO"
"80","Fulton High School","Volleyball Girls","57","Varsity","9/12","","","Melissa Hoerber Invitational Tournament","tournament","https://www.mshsaa.org/MySchool/Schedule.aspx?s=80&alg=57","https://www.mshsaa.org/MySchool/Tournament.aspx?s=80&alg=57&tournament=548111","Fulton, MO"
"302","Glasgow High School","Cross Country Boys","11","Varsity","9/12","","","Tolton Catholic Invitational","tournament","https://www.mshsaa.org/MySchool/Schedule.aspx?s=302&alg=11","https://www.mshsaa.org/MySchool/Tournament.aspx?s=302&alg=11&tournament=589843","Columbia, MO"
"302","Glasgow High School","Cross Country Girls","12","Varsity","9/12","","","Tolton Catholic Invitational","tournament","https://www.mshsaa.org/MySchool/Schedule.aspx?s=302&alg=12","https://www.mshsaa.org/MySchool/Tournament.aspx?s=302&alg=12&tournament=589842","Columbia, MO"
"311","Hallsville High School","Cross Country Boys","11","Varsity","9/12","","","Tolton Catholic Invitational","tournament","https://www.mshsaa.org/MySchool/Schedule.aspx?s=311&alg=11","https://www.mshsaa.org/MySchool/Tournament.aspx?s=311&alg=11&tournament=589583","Columbia, MO"
"311","Hallsville High School","Cross Country Girls","12","Varsity","9/12","","","Tolton Catholic Invitational","tournament","https://www.mshsaa.org/MySchool/Schedule.aspx?s=311&alg=12","https://www.mshsaa.org/MySchool/Tournament.aspx?s=311&alg=12&tournament=589582","Columbia, MO"
"313","Harrisburg High School","Cross Country Boys","11","Varsity","9/12","","","Tolton Catholic Invitational","tournament","https://www.mshsaa.org/MySchool/Schedule.aspx?s=313&alg=11","https://www.mshsaa.org/MySchool/Tournament.aspx?s=313&alg=11&tournament=580831","Columbia, MO"
"313","Harrisburg High School","Cross Country Girls","12","Varsity","9/12","","","Tolton Catholic Invitational","tournament","https://www.mshsaa.org/MySchool/Schedule.aspx?s=313&alg=12","https://www.mshsaa.org/MySchool/Tournament.aspx?s=313&alg=12&tournament=580837","Columbia, MO"
"313","Harrisburg High School","Softball Fall Season","38","Varsity","9/12","","","12th Annual Terry Early New Franklin Softball Tournament","tournament","https://www.mshsaa.org/MySchool/Schedule.aspx?s=313&alg=38","https://www.mshsaa.org/MySchool/Tournament.aspx?s=313&alg=38&tournament=557609","New Franklin, MO"
"522","Helias High School","Cross Country Boys","11","Varsity","9/12","8:00 am","","Forest Park","tournament","https://www.mshsaa.org/MySchool/Schedule.aspx?s=522&alg=11","https://www.mshsaa.org/MySchool/Tournament.aspx?s=522&alg=11&tournament=544810","St. Louis, MO"
"522","Helias High School","Cross Country Girls","12","Varsity","9/12","","","Forest Park","tournament","https://www.mshsaa.org/MySchool/Schedule.aspx?s=522&alg=12","https://www.mshsaa.org/MySchool/Tournament.aspx?s=522&alg=12&tournament=594060","St. Louis, MO"
"522","Helias High School","Softball Fall Season","38","Varsity","9/12","","","DH Fracis Howell Central / Blue Springs","tournament","https://www.mshsaa.org/MySchool/Schedule.aspx?s=522&alg=38","https://www.mshsaa.org/MySchool/Tournament.aspx?s=522&alg=38&tournament=561834","Jefferson City, MO"
"85","Hickman High School","Volleyball Girls","57","Varsity","9/12","","","Hickman Tournament","tournament","https://www.mshsaa.org/MySchool/Schedule.aspx?s=85&alg=57","https://www.mshsaa.org/MySchool/Tournament.aspx?s=85&alg=57&tournament=577455","Columbia, MO"
"317","Higbee High School","Baseball Fall Season","66","Varsity","9/12","","","Higbee Baseball Tournament","tournament","https://www.mshsaa.org/MySchool/Schedule.aspx?s=317&alg=66","https://www.mshsaa.org/MySchool/Tournament.aspx?s=317&alg=66&tournament=544589","Higbee, MO"
"317","Higbee High School","Cross Country Girls","12","Varsity","9/12","","","Tolton Catholic Invitational","tournament","https://www.mshsaa.org/MySchool/Schedule.aspx?s=317&alg=12","https://www.mshsaa.org/MySchool/Tournament.aspx?s=317&alg=12&tournament=590607","Columbia, MO"
"84","Jefferson City High School","Cross Country Boys","11","Varsity","9/12","8:05 am","","Forest Park XC Festivals","tournament","https://www.mshsaa.org/MySchool/Schedule.aspx?s=84&alg=11","https://www.mshsaa.org/MySchool/Tournament.aspx?s=84&alg=11&tournament=540377","Lebanon, MO"
"84","Jefferson City High School","Cross Country Girls","12","Varsity","9/12","8:05 am","","Forest Park XC Festivals","tournament","https://www.mshsaa.org/MySchool/Schedule.aspx?s=84&alg=12","https://www.mshsaa.org/MySchool/Tournament.aspx?s=84&alg=12&tournament=566505","Lebanon, MO"
"360","Marshall High School","Swimming and Diving Boys","44","Varsity","9/12","","","Belton Pirate Invite","tournament","https://www.mshsaa.org/MySchool/Schedule.aspx?s=360&alg=44","https://www.mshsaa.org/MySchool/Tournament.aspx?s=360&alg=44&tournament=592971","Belton, MO"
"360","Marshall High School","Volleyball Girls","57","Varsity","9/12","","","Husker Spikefest","tournament","https://www.mshsaa.org/MySchool/Schedule.aspx?s=360&alg=57","https://www.mshsaa.org/MySchool/Tournament.aspx?s=360&alg=57&tournament=588668","Higginsville, MO"
"128","Mexico High School","Cross Country Boys","11","Varsity","9/12","","","Tolton Catholic Invitational","tournament","https://www.mshsaa.org/MySchool/Schedule.aspx?s=128&alg=11","https://www.mshsaa.org/MySchool/Tournament.aspx?s=128&alg=11&tournament=589605","Columbia, MO"
"128","Mexico High School","Cross Country Girls","12","Varsity","9/12","","","Tolton Catholic Invitational","tournament","https://www.mshsaa.org/MySchool/Schedule.aspx?s=128&alg=12","https://www.mshsaa.org/MySchool/Tournament.aspx?s=128&alg=12&tournament=589600","Columbia, MO"
"128","Mexico High School","Soccer Boys","33","Varsity","9/12","3:00 pm","","Chillicothe","home","https://www.mshsaa.org/MySchool/Schedule.aspx?s=128&alg=33","https://www.mshsaa.org/MySchool/Matchup.aspx?s=128&alg=33&comp=2756454","639 N Wade, Mexico, MO 65265-1899"
"128","Mexico High School","Tennis Girls","49","Varsity","9/12","","","Troy Varsity Girls Doubles Tennis Tournament","tournament","https://www.mshsaa.org/MySchool/Schedule.aspx?s=128&alg=49","https://www.mshsaa.org/MySchool/Tournament.aspx?s=128&alg=49&tournament=586851","Troy, MO"
"569","Missouri Military Academy","Cross Country Boys","11","Varsity","9/12","","","Tolton Catholic Invitational","tournament","https://www.mshsaa.org/MySchool/Schedule.aspx?s=569&alg=11","https://www.mshsaa.org/MySchool/Tournament.aspx?s=569&alg=11&tournament=589572","Columbia, MO"
"132","Moberly High School","Cross Country Boys","11","Varsity","9/12","","","47th Annual Linn XC Invitational","tournament","https://www.mshsaa.org/MySchool/Schedule.aspx?s=132&alg=11","https://www.mshsaa.org/MySchool/Tournament.aspx?s=132&alg=11&tournament=584670","Linn, MO"
"132","Moberly High School","Cross Country Girls","12","Varsity","9/12","","","47th Annual Linn XC Invitational","tournament","https://www.mshsaa.org/MySchool/Schedule.aspx?s=132&alg=12","https://www.mshsaa.org/MySchool/Tournament.aspx?s=132&alg=12&tournament=585350","Linn, MO"
"132","Moberly High School","Tennis Girls","49","Varsity","9/12","","","Triad Invitational","tournament","https://www.mshsaa.org/MySchool/Schedule.aspx?s=132&alg=49","https://www.mshsaa.org/MySchool/Tournament.aspx?s=132&alg=49&tournament=589437","Troy, IL"
"139","North Callaway High School","Cross Country Boys","11","Varsity","9/12","","","Linn","tournament","https://www.mshsaa.org/MySchool/Schedule.aspx?s=139&alg=11","https://www.mshsaa.org/MySchool/Tournament.aspx?s=139&alg=11&tournament=552834",""
"139","North Callaway High School","Cross Country Girls","12","Varsity","9/12","","","Linn","tournament","https://www.mshsaa.org/MySchool/Schedule.aspx?s=139&alg=12","https://www.mshsaa.org/MySchool/Tournament.aspx?s=139&alg=12&tournament=552840",""
"139","North Callaway High School","Volleyball Girls","57","Varsity","9/12","","","Melissa Hoerber Invitational Tournament","tournament","https://www.mshsaa.org/MySchool/Schedule.aspx?s=139&alg=57","https://www.mshsaa.org/MySchool/Tournament.aspx?s=139&alg=57&tournament=541958","Fulton, MO"
"152","Osage High School","Cross Country Boys","11","Varsity","9/12","","","Tolton Catholic Invitational","tournament","https://www.mshsaa.org/MySchool/Schedule.aspx?s=152&alg=11","https://www.mshsaa.org/MySchool/Tournament.aspx?s=152&alg=11&tournament=578476","Columbia, MO"
"152","Osage High School","Cross Country Girls","12","Varsity","9/12","","","Tolton Catholic Invitational","tournament","https://www.mshsaa.org/MySchool/Schedule.aspx?s=152&alg=12","https://www.mshsaa.org/MySchool/Tournament.aspx?s=152&alg=12&tournament=578945","Columbia, MO"
"152","Osage High School","Softball Fall Season","38","Varsity","9/12","","","Vienna Fall Invitational","tournament","https://www.mshsaa.org/MySchool/Schedule.aspx?s=152&alg=38","https://www.mshsaa.org/MySchool/Tournament.aspx?s=152&alg=38&tournament=549310","Vienna, MO"
"152","Osage High School","Tennis Girls","49","Varsity","9/12","","","Boonville Lady Pirate Open","tournament","https://www.mshsaa.org/MySchool/Schedule.aspx?s=152&alg=49","https://www.mshsaa.org/MySchool/Tournament.aspx?s=152&alg=49&tournament=564929","Boonville, MO"
"578","Rock Bridge High School","Cross Country Boys","11","Varsity","9/12","","","Forest Park Invitational","tournament","https://www.mshsaa.org/MySchool/Schedule.aspx?s=578&alg=11","https://www.mshsaa.org/MySchool/Tournament.aspx?s=578&alg=11&tournament=596594","St. Louis, MO"
"578","Rock Bridge High School","Cross Country Girls","12","Varsity","9/12","","","Forest Park Invitational","tournament","https://www.mshsaa.org/MySchool/Schedule.aspx?s=578&alg=12","https://www.mshsaa.org/MySchool/Tournament.aspx?s=578&alg=12&tournament=596601","St. Louis, MO"
"578","Rock Bridge High School","Soccer Boys","33","Varsity","9/12","10:00 am","","Ft. Zumwalt South","home","https://www.mshsaa.org/MySchool/Schedule.aspx?s=578&alg=33","https://www.mshsaa.org/MySchool/Matchup.aspx?s=578&alg=33&comp=2658660","4303 South Providence Road, Columbia, MO 65203"
"578","Rock Bridge High School","Softball Fall Season","38","Varsity","9/12","10:00 am","","Jackson","away","https://www.mshsaa.org/MySchool/Schedule.aspx?s=578&alg=38","https://www.mshsaa.org/MySchool/Matchup.aspx?s=578&alg=38&comp=2766986","Troy, MO"
"578","Rock Bridge High School","Softball Fall Season","38","Varsity","9/12","12:00 pm","","Lafayette (Wildwood)","away","https://www.mshsaa.org/MySchool/Schedule.aspx?s=578&alg=38","https://www.mshsaa.org/MySchool/Matchup.aspx?s=578&alg=38&comp=2792654","Troy, MO"
"578","Rock Bridge High School","Volleyball Girls","57","Varsity","⤷ 9/12","TBD","","St. Michael the Archangel","tournament","https://www.mshsaa.org/MySchool/Schedule.aspx?s=578&alg=57","https://www.mshsaa.org/MySchool/Matchup.aspx?s=578&alg=57&comp=2784572","St. Louis, MO"
"578","Rock Bridge High School","Volleyball Girls","57","Varsity","⤷ 9/12","TBD","","Blue Springs","tournament","https://www.mshsaa.org/MySchool/Schedule.aspx?s=578&alg=57","https://www.mshsaa.org/MySchool/Matchup.aspx?s=578&alg=57&comp=2784573","St. Louis, MO"
"430","Russellville High School","Cross Country Boys","11","Varsity","9/12","","","47th Annual Linn XC Invitational","tournament","https://www.mshsaa.org/MySchool/Schedule.aspx?s=430&alg=11","https://www.mshsaa.org/MySchool/Tournament.aspx?s=430&alg=11&tournament=584778","Linn, MO"
"431","Salisbury High School","Cross Country Boys","11","Varsity","9/12","","","Tolton Catholic Invitational","tournament","https://www.mshsaa.org/MySchool/Schedule.aspx?s=431&alg=11","https://www.mshsaa.org/MySchool/Tournament.aspx?s=431&alg=11&tournament=545822","Columbia, MO"
"431","Salisbury High School","Cross Country Girls","12","Varsity","9/12","","","Tolton Catholic Invitational","tournament","https://www.mshsaa.org/MySchool/Schedule.aspx?s=431&alg=12","https://www.mshsaa.org/MySchool/Tournament.aspx?s=431&alg=12&tournament=545831","Columbia, MO"
"431","Salisbury High School","Softball Fall Season","38","Varsity","9/12","","","12th Annual Milan LadyCats Softball Tournament","tournament","https://www.mshsaa.org/MySchool/Schedule.aspx?s=431&alg=38","https://www.mshsaa.org/MySchool/Tournament.aspx?s=431&alg=38&tournament=546083","Milan, MO"
"194","Smith-Cotton High School","Softball Fall Season","38","Varsity","⤷ 9/12","TBD","","Southern Boone","tournament","https://www.mshsaa.org/MySchool/Schedule.aspx?s=194&alg=38","https://www.mshsaa.org/MySchool/Matchup.aspx?s=194&alg=38&comp=2774969","Camdenton, MO"
"194","Smith-Cotton High School","Softball Fall Season","38","Varsity","⤷ 9/12","TBD","","Staley","tournament","https://www.mshsaa.org/MySchool/Schedule.aspx?s=194&alg=38","https://www.mshsaa.org/MySchool/Matchup.aspx?s=194&alg=38&comp=2774970","Camdenton, MO"
"194","Smith-Cotton High School","Volleyball Girls","57","Varsity","9/12","","","Varsity Lake VolleyFest","tournament","https://www.mshsaa.org/MySchool/Schedule.aspx?s=194&alg=57","https://www.mshsaa.org/MySchool/Tournament.aspx?s=194&alg=57&tournament=569840","Camdenton, MO"
"197","South Callaway High School","Cross Country Boys","11","Varsity","9/12","","","47th Annual Linn XC Invitational","tournament","https://www.mshsaa.org/MySchool/Schedule.aspx?s=197&alg=11","https://www.mshsaa.org/MySchool/Tournament.aspx?s=197&alg=11&tournament=595766","Linn, MO"
"197","South Callaway High School","Cross Country Girls","12","Varsity","9/12","9:00 am","","Linn","away","https://www.mshsaa.org/MySchool/Schedule.aspx?s=197&alg=12","https://www.mshsaa.org/MySchool/Matchup.aspx?s=197&alg=12&comp=2779195","141 Wildcat Drive, Linn, MO 65051"
"2","Southern Boone High School","Cross Country Boys","11","Varsity","9/12","","","Tolton Catholic Invitational","tournament","https://www.mshsaa.org/MySchool/Schedule.aspx?s=2&alg=11","https://www.mshsaa.org/MySchool/Tournament.aspx?s=2&alg=11&tournament=559452","Columbia, MO"
"2","Southern Boone High School","Cross Country Girls","12","Varsity","9/12","","","Tolton Catholic Invitational","tournament","https://www.mshsaa.org/MySchool/Schedule.aspx?s=2&alg=12","https://www.mshsaa.org/MySchool/Tournament.aspx?s=2&alg=12&tournament=559460","Columbia, MO"
"2","Southern Boone High School","Volleyball Girls","57","Varsity","9/12","","","Melissa Hoerber Invitational Tournament","tournament","https://www.mshsaa.org/MySchool/Schedule.aspx?s=2&alg=57","https://www.mshsaa.org/MySchool/Tournament.aspx?s=2&alg=57&tournament=551760","Fulton, MO"
"485","Versailles High School","Cross Country Boys","11","Varsity","9/12","","","47th Annual Linn XC Invitational","tournament","https://www.mshsaa.org/MySchool/Schedule.aspx?s=485&alg=11","https://www.mshsaa.org/MySchool/Tournament.aspx?s=485&alg=11&tournament=565603","Linn, MO"
"485","Versailles High School","Cross Country Girls","12","Varsity","9/12","","","47th Annual Linn XC Invitational","tournament","https://www.mshsaa.org/MySchool/Schedule.aspx?s=485&alg=12","https://www.mshsaa.org/MySchool/Tournament.aspx?s=485&alg=12&tournament=565612","Linn, MO"
"485","Versailles High School","Volleyball Girls","57","Varsity","9/12","","","Husker Spikefest","tournament","https://www.mshsaa.org/MySchool/Schedule.aspx?s=485&alg=57","https://www.mshsaa.org/MySchool/Tournament.aspx?s=485&alg=57&tournament=548425","Higginsville, MO"
"953","Battle High School","Golf Girls","24","Varsity","9/14","","","S-C Classic","tournament","https://www.mshsaa.org/MySchool/Schedule.aspx?s=953&alg=24","https://www.mshsaa.org/MySchool/Tournament.aspx?s=953&alg=24&tournament=589042","Sedalia, MO"
"953","Battle High School","Soccer Boys","33","Varsity","9/14","5:00 pm","","Boonville","away","https://www.mshsaa.org/MySchool/Schedule.aspx?s=953&alg=33","https://www.mshsaa.org/MySchool/Matchup.aspx?s=953&alg=33&comp=2766209","1 Pirate Dr., Boonville, MO 65233-2740"
"953","Battle High School","Softball Fall Season","38","Varsity","9/14","5:00 pm","","Camdenton","home","https://www.mshsaa.org/MySchool/Schedule.aspx?s=953&alg=38","https://www.mshsaa.org/MySchool/Matchup.aspx?s=953&alg=38&comp=2762382","7575 St. Charles Road, Columbia, MO 65202"
"953","Battle High School","Volleyball Girls","57","Varsity","9/14","7:00 pm","","Blair Oaks","home","https://www.mshsaa.org/MySchool/Schedule.aspx?s=953&alg=57","https://www.mshsaa.org/MySchool/Matchup.aspx?s=953&alg=57&comp=2766682","7575 St. Charles Road, Columbia, MO 65202"
"217","Blair Oaks High School","Softball Fall Season","38","Varsity","9/14","5:00 pm","","Fulton","away","https://www.mshsaa.org/MySchool/Schedule.aspx?s=217&alg=38","https://www.mshsaa.org/MySchool/Matchup.aspx?s=217&alg=38&comp=2632321","#1 Hornet Drive, Fulton, MO 65251-2729"
"217","Blair Oaks High School","Volleyball Girls","57","Varsity","9/14","7:00 pm","","Battle","away","https://www.mshsaa.org/MySchool/Schedule.aspx?s=217&alg=57","https://www.mshsaa.org/MySchool/Matchup.aspx?s=217&alg=57&comp=2632335","7575 St. Charles Road, Columbia, MO 65202"
"16","Boonville High School","Golf Girls","24","Varsity","9/14","4:00 pm","","Father Tolton","home","https://www.mshsaa.org/MySchool/Schedule.aspx?s=16&alg=24","https://www.mshsaa.org/MySchool/Matchup.aspx?s=16&alg=24&comp=2767891","1 Pirate Dr., Boonville, MO 65233-2740"
"16","Boonville High School","Soccer Boys","33","Varsity","9/14","6:30 pm","","Battle with Columbia Independent","home","https://www.mshsaa.org/MySchool/Schedule.aspx?s=16&alg=33","https://www.mshsaa.org/MySchool/Matchup.aspx?s=16&alg=33&comp=2765771","1 Pirate Dr., Boonville, MO 65233-2740"
"16","Boonville High School","Softball Fall Season","38","Varsity","9/14","5:00 pm","","Southern Boone","home","https://www.mshsaa.org/MySchool/Schedule.aspx?s=16&alg=38","https://www.mshsaa.org/MySchool/Matchup.aspx?s=16&alg=38&comp=2670888","1 Pirate Dr., Boonville, MO 65233-2740"
"26","Camdenton High School","Golf Girls","24","Varsity","9/14","","","S-C Classic","tournament","https://www.mshsaa.org/MySchool/Schedule.aspx?s=26&alg=24","https://www.mshsaa.org/MySchool/Tournament.aspx?s=26&alg=24&tournament=568363","Camdenton, MO"
"26","Camdenton High School","Softball Fall Season","38","Varsity","9/14","5:00 pm","","Battle","away","https://www.mshsaa.org/MySchool/Schedule.aspx?s=26&alg=38","https://www.mshsaa.org/MySchool/Matchup.aspx?s=26&alg=38&comp=2768765","7575 St. Charles Road, Columbia, MO 65202"
"26","Camdenton High School","Tennis Girls","49","Varsity","9/14","4:30 pm","","Capital City","away","https://www.mshsaa.org/MySchool/Schedule.aspx?s=26&alg=49","https://www.mshsaa.org/MySchool/Matchup.aspx?s=26&alg=49&comp=2742710","1650 Cavalier Drive, Jefferson City, MO 65109"
"26","Camdenton High School","Tennis Girls","49","Varsity","9/14","2:00 pm","","Jefferson City","home","https://www.mshsaa.org/MySchool/Schedule.aspx?s=26&alg=49","https://www.mshsaa.org/MySchool/Matchup.aspx?s=26&alg=49&comp=2768801","662 Laker Pride Road, Camdenton, MO 65020-1409"
"26","Camdenton High School","Tennis Girls","49","Varsity","9/14","2:00 pm","","Jefferson City","away","https://www.mshsaa.org/MySchool/Schedule.aspx?s=26&alg=49","https://www.mshsaa.org/MySchool/Matchup.aspx?s=26&alg=49&comp=2776179","609 Union St, Jefferson City, MO 65101-2898"
"1540","Capital City High School","Golf Girls","24","Varsity","9/14","","","S-C Classic","tournament","https://www.mshsaa.org/MySchool/Schedule.aspx?s=1540&alg=24","https://www.mshsaa.org/MySchool/Tournament.aspx?s=1540&alg=24&tournament=563803","Sedalia, MO"
"1540","Capital City High School","Softball Fall Season","38","Varsity","9/14","5:30 pm","","Rock Bridge","away","https://www.mshsaa.org/MySchool/Schedule.aspx?s=1540&alg=38","https://www.mshsaa.org/MySchool/Matchup.aspx?s=1540&alg=38&comp=2623141","4303 S Providence Rd, Columbia, MO 65203-7198"
"1540","Capital City High School","Swimming and Diving Boys","44","Varsity","9/14","3:30 pm","","Hannibal","away","https://www.mshsaa.org/MySchool/Schedule.aspx?s=1540&alg=44","https://www.mshsaa.org/MySchool/Matchup.aspx?s=1540&alg=44&comp=2782011","4500 McMasters Ave, Hannibal, MO 63401-2299"
"1540","Capital City High School","Tennis Girls","49","Varsity","9/14","4:30 pm","","Camdenton","home","https://www.mshsaa.org/MySchool/Schedule.aspx?s=1540&alg=49","https://www.mshsaa.org/MySchool/Matchup.aspx?s=1540&alg=49&comp=2621721","1650 Cavalier Drive, Jefferson City, MO 65109"
"1540","Capital City High School","Volleyball Girls","57","Varsity","9/14","6:30 pm","","Helias Catholic","away","https://www.mshsaa.org/MySchool/Schedule.aspx?s=1540&alg=57","https://www.mshsaa.org/MySchool/Matchup.aspx?s=1540&alg=57&comp=2641595","1305 Swifts Hwy, Jefferson City, MO 65109-2595"
"53","Centralia High School","Softball Fall Season","38","Varsity","9/14","4:00 pm","","St. Elizabeth","away","https://www.mshsaa.org/MySchool/Schedule.aspx?s=53&alg=38","https://www.mshsaa.org/MySchool/Matchup.aspx?s=53&alg=38&comp=2655432","Jefferson City, MO"
"53","Centralia High School","Volleyball Girls","57","Varsity","9/14","6:00 pm","","North Callaway","away","https://www.mshsaa.org/MySchool/Schedule.aspx?s=53&alg=57","https://www.mshsaa.org/MySchool/Matchup.aspx?s=53&alg=57&comp=2655580","2700 Thunderbird Dr, Kingdom City, MO 65262-1817"
"1099","Christian Fellowship","Volleyball Girls","57","Varsity","9/14","7:00 pm","","Tipton","away","https://www.mshsaa.org/MySchool/Schedule.aspx?s=1099&alg=57","https://www.mshsaa.org/MySchool/Matchup.aspx?s=1099&alg=57&comp=2653849","334 US Hwy 50 West, Tipton, MO 65081-8606"
"566","Columbia Independent","Soccer Boys","33","Varsity","9/14","5:00 pm","","Boonville","away","https://www.mshsaa.org/MySchool/Schedule.aspx?s=566&alg=33","https://www.mshsaa.org/MySchool/Matchup.aspx?s=566&alg=33&comp=2766209","1 Pirate Dr., Boonville, MO 65233-2740"
"566","Columbia Independent","Tennis Girls","49","Varsity","9/14","4:30 pm","","Carrollton","away","https://www.mshsaa.org/MySchool/Schedule.aspx?s=566&alg=49","https://www.mshsaa.org/MySchool/Matchup.aspx?s=566&alg=49&comp=2696507","300 E 9th St, Carrollton, MO 64633-2341"
"917","Father Tolton","Golf Girls","24","Varsity","9/14","4:00 pm","","Boonville","away","https://www.mshsaa.org/MySchool/Schedule.aspx?s=917&alg=24","https://www.mshsaa.org/MySchool/Matchup.aspx?s=917&alg=24&comp=2767892","1 Pirate Dr., Boonville, MO 65233-2740"
"917","Father Tolton","Soccer Boys","33","Varsity","9/14","7:00 pm","","Hickman","home","https://www.mshsaa.org/MySchool/Schedule.aspx?s=917&alg=33","https://www.mshsaa.org/MySchool/Matchup.aspx?s=917&alg=33&comp=2677039","3351 E Gans Road, Columbia, MO 65201"
"917","Father Tolton","Softball Fall Season","38","Varsity","9/14","5:30 pm","","Hickman","home","https://www.mshsaa.org/MySchool/Schedule.aspx?s=917&alg=38","https://www.mshsaa.org/MySchool/Matchup.aspx?s=917&alg=38&comp=2782492","3351 E Gans Road, Columbia, MO 65201"
"917","Father Tolton","Volleyball Girls","57","Varsity","9/14","6:30 pm","","Mexico","home","https://www.mshsaa.org/MySchool/Schedule.aspx?s=917&alg=57","https://www.mshsaa.org/MySchool/Matchup.aspx?s=917&alg=57&comp=2733204","3351 E Gans Road, Columbia, MO 65201"
"294","Fayette High School","Softball Fall Season","38","Varsity","9/14","5:00 pm","","Linn","home","https://www.mshsaa.org/MySchool/Schedule.aspx?s=294&alg=38","https://www.mshsaa.org/MySchool/Matchup.aspx?s=294&alg=38&comp=2635047","510 N. Cleveland St., Fayette, MO 65248-1596"
"80","Fulton High School","Softball Fall Season","38","Varsity","9/14","5:00 pm","","Blair Oaks","home","https://www.mshsaa.org/MySchool/Schedule.aspx?s=80&alg=38","https://www.mshsaa.org/MySchool/Matchup.aspx?s=80&alg=38&comp=2635709","#1 Hornet Drive, Fulton, MO 65251-2729"
"80","Fulton High School","Tennis Girls","49","Varsity","9/14","4:00 pm","","Marshall","home","https://www.mshsaa.org/MySchool/Schedule.aspx?s=80&alg=49","https://www.mshsaa.org/MySchool/Matchup.aspx?s=80&alg=49&comp=2745180","#1 Hornet Drive, Fulton, MO 65251-2729"
"80","Fulton High School","Volleyball Girls","57","Varsity","9/14","7:30 pm","","Osage","away","https://www.mshsaa.org/MySchool/Schedule.aspx?s=80&alg=57","https://www.mshsaa.org/MySchool/Matchup.aspx?s=80&alg=57&comp=2642112","636 Hwy 42, Osage Beach, MO 65065-5301"
"302","Glasgow High School","Golf Girls","24","Varsity","9/14","","","Westran: Paris, Glasgow, New Franklin, Moberly","tournament","https://www.mshsaa.org/MySchool/Schedule.aspx?s=302&alg=24","https://www.mshsaa.org/MySchool/Tournament.aspx?s=302&alg=24&tournament=582462","Huntsville, MO"
"313","Harrisburg High School","Softball Fall Season","38","Varsity","9/14","5:00 pm","","Russellville","away","https://www.mshsaa.org/MySchool/Schedule.aspx?s=313&alg=38","https://www.mshsaa.org/MySchool/Matchup.aspx?s=313&alg=38&comp=2635173","13600 Rte C, Russellville, MO 65074"
"522","Helias High School","Golf Girls","24","Varsity","9/14","","","S-C Classic","tournament","https://www.mshsaa.org/MySchool/Schedule.aspx?s=522&alg=24","https://www.mshsaa.org/MySchool/Tournament.aspx?s=522&alg=24&tournament=547256",""
"522","Helias High School","Softball Fall Season","38","Varsity","9/14","5:00 pm","","Smith-Cotton","away","https://www.mshsaa.org/MySchool/Schedule.aspx?s=522&alg=38","https://www.mshsaa.org/MySchool/Matchup.aspx?s=522&alg=38&comp=2641451","2010 Tiger Pride Blvd, Sedalia, MO 65301-8503"
"522","Helias High School","Volleyball Girls","57","Varsity","9/14","6:30 pm","","Capital City","home","https://www.mshsaa.org/MySchool/Schedule.aspx?s=522&alg=57","https://www.mshsaa.org/MySchool/Matchup.aspx?s=522&alg=57&comp=2711126","1305 Swifts Hwy, Jefferson City, MO 65109-2595"
"85","Hickman High School","Golf Girls","24","Varsity","9/14","","","S-C Classic","tournament","https://www.mshsaa.org/MySchool/Schedule.aspx?s=85&alg=24","https://www.mshsaa.org/MySchool/Tournament.aspx?s=85&alg=24&tournament=582985","Sedalia, MO"
"85","Hickman High School","Soccer Boys","33","Varsity","9/14","5:00 pm","","Father Tolton","away","https://www.mshsaa.org/MySchool/Schedule.aspx?s=85&alg=33","https://www.mshsaa.org/MySchool/Matchup.aspx?s=85&alg=33&comp=2675475","3351 E Gans Road, Columbia, MO 65201"
"85","Hickman High School","Softball Fall Season","38","Varsity","9/14","5:30 pm","","Father Tolton","home","https://www.mshsaa.org/MySchool/Schedule.aspx?s=85&alg=38","https://www.mshsaa.org/MySchool/Matchup.aspx?s=85&alg=38&comp=2744124","1104 N Providence Rd, Columbia, MO 65203-4398"
"317","Higbee High School","Baseball Fall Season","66","Varsity","9/14","5:00 pm","","Community","home","https://www.mshsaa.org/MySchool/Schedule.aspx?s=317&alg=66","https://www.mshsaa.org/MySchool/Matchup.aspx?s=317&alg=66&comp=2626884","101 Evans, Higbee, MO 65257"
"84","Jefferson City High School","Golf Girls","24","Varsity","9/14","10:00 am","","S-C Classic","tournament","https://www.mshsaa.org/MySchool/Schedule.aspx?s=84&alg=24","https://www.mshsaa.org/MySchool/Tournament.aspx?s=84&alg=24&tournament=576803","Sedalia, MO"
"84","Jefferson City High School","Swimming and Diving Boys","44","Varsity","9/14","5:00 pm","","Hannibal","away","https://www.mshsaa.org/MySchool/Schedule.aspx?s=84&alg=44","https://www.mshsaa.org/MySchool/Matchup.aspx?s=84&alg=44&comp=2781700","4500 McMasters Ave, Hannibal, MO 63401-2299"
"84","Jefferson City High School","Tennis Girls","49","Varsity","9/14","3:30 pm","","Camdenton","home","https://www.mshsaa.org/MySchool/Schedule.aspx?s=84&alg=49","https://www.mshsaa.org/MySchool/Matchup.aspx?s=84&alg=49&comp=2757160","609 Union St, Jefferson City, MO 65101-2898"
"84","Jefferson City High School","Volleyball Girls","57","Varsity","9/14","7:00 pm","","Smith-Cotton","home","https://www.mshsaa.org/MySchool/Schedule.aspx?s=84&alg=57","https://www.mshsaa.org/MySchool/Matchup.aspx?s=84&alg=57&comp=2653573","609 Union St, Jefferson City, MO 65101-2898"
"360","Marshall High School","Golf Girls","24","Varsity","9/14","","","S-C Classic","tournament","https://www.mshsaa.org/MySchool/Schedule.aspx?s=360&alg=24","https://www.mshsaa.org/MySchool/Tournament.aspx?s=360&alg=24&tournament=554358","Sedalia, MO"
"360","Marshall High School","Soccer Boys","33","Varsity","9/14-17","","","Kansas City Cup (Van Horn)","tournament","https://www.mshsaa.org/MySchool/Schedule.aspx?s=360&alg=33","https://www.mshsaa.org/MySchool/Tournament.aspx?s=360&alg=33&tournament=558163","Independence, MO"
"360","Marshall High School","Soccer Boys","33","Varsity","⤷ 9/14","TBD","","Van Horn","tournament","https://www.mshsaa.org/MySchool/Schedule.aspx?s=360&alg=33","https://www.mshsaa.org/MySchool/Matchup.aspx?s=360&alg=33&comp=2791085","Independence, MO"
"360","Marshall High School","Tennis Girls","49","Varsity","9/14","4:00 pm","","Fulton","away","https://www.mshsaa.org/MySchool/Schedule.aspx?s=360&alg=49","https://www.mshsaa.org/MySchool/Matchup.aspx?s=360&alg=49&comp=2661600","#1 Hornet Drive, Fulton, MO 65251-2729"
"128","Mexico High School","Tennis Girls","49","Varsity","9/14","4:00 pm","","Osage","away","https://www.mshsaa.org/MySchool/Schedule.aspx?s=128&alg=49","https://www.mshsaa.org/MySchool/Matchup.aspx?s=128&alg=49&comp=2758452","636 Hwy 42, Osage Beach, MO 65065-5301"
"128","Mexico High School","Volleyball Girls","57","Varsity","9/14","6:30 pm","","Father Tolton","away","https://www.mshsaa.org/MySchool/Schedule.aspx?s=128&alg=57","https://www.mshsaa.org/MySchool/Matchup.aspx?s=128&alg=57&comp=2652131","3351 E Gans Road, Columbia, MO 65201"
"132","Moberly High School","Golf Girls","24","Varsity","9/14","","","Westran: Paris, Glasgow, New Franklin, Moberly","tournament","https://www.mshsaa.org/MySchool/Schedule.aspx?s=132&alg=24","https://www.mshsaa.org/MySchool/Tournament.aspx?s=132&alg=24&tournament=582284","Huntsville, MO"
"132","Moberly High School","Softball Fall Season","38","Varsity","9/14","5:00 pm","","Palmyra","away","https://www.mshsaa.org/MySchool/Schedule.aspx?s=132&alg=38","https://www.mshsaa.org/MySchool/Matchup.aspx?s=132&alg=38&comp=2647174","1703 S Main St, Palmyra, MO 63461"
"132","Moberly High School","Tennis Girls","49","Varsity","9/14","4:00 pm","","Kirksville","home","https://www.mshsaa.org/MySchool/Schedule.aspx?s=132&alg=49","https://www.mshsaa.org/MySchool/Matchup.aspx?s=132&alg=49&comp=2731770","1625 Gratz Brown, Moberly, MO 65270-1904"
"139","North Callaway High School","Volleyball Girls","57","Varsity","9/14","6:00 pm","","Centralia","home","https://www.mshsaa.org/MySchool/Schedule.aspx?s=139&alg=57","https://www.mshsaa.org/MySchool/Matchup.aspx?s=139&alg=57&comp=2615035","2700 Thunderbird Dr, Kingdom City, MO 65262-1817"
"152","Osage High School","Golf Girls","24","Varsity","9/14","4:00 pm","","Osage Tri","tournament","https://www.mshsaa.org/MySchool/Schedule.aspx?s=152&alg=24","https://www.mshsaa.org/MySchool/Tournament.aspx?s=152&alg=24&tournament=582624","Osage Beach, MO"
"152","Osage High School","Golf Girls","24","Varsity","⤷ 9/14","TBD","","Clinton","tournament","https://www.mshsaa.org/MySchool/Schedule.aspx?s=152&alg=24","https://www.mshsaa.org/MySchool/Matchup.aspx?s=152&alg=24&comp=2753573","636 Hwy 42, Osage Beach, MO 65065-5301"
"152","Osage High School","Golf Girls","24","Varsity","⤷ 9/14","TBD","","Russellville","tournament","https://www.mshsaa.org/MySchool/Schedule.aspx?s=152&alg=24","https://www.mshsaa.org/MySchool/Matchup.aspx?s=152&alg=24&comp=2753617","636 Hwy 42, Osage Beach, MO 65065-5301"
"152","Osage High School","Soccer Boys","33","Varsity","9/14","6:00 pm","","Sacred Heart","home","https://www.mshsaa.org/MySchool/Schedule.aspx?s=152&alg=33","https://www.mshsaa.org/MySchool/Matchup.aspx?s=152&alg=33&comp=2657126","636 Hwy 42, Osage Beach, MO 65065-5301"
"152","Osage High School","Softball Fall Season","38","Varsity","9/14","5:00 pm","","Stoutland","away","https://www.mshsaa.org/MySchool/Schedule.aspx?s=152&alg=38","https://www.mshsaa.org/MySchool/Matchup.aspx?s=152&alg=38&comp=2657247","7584 State Rd T, Stoutland, MO 65567-9302"
"152","Osage High School","Tennis Girls","49","Varsity","9/14","4:00 pm","","Mexico","home","https://www.mshsaa.org/MySchool/Schedule.aspx?s=152&alg=49","https://www.mshsaa.org/MySchool/Matchup.aspx?s=152&alg=49&comp=2697351","636 Hwy 42, Osage Beach, MO 65065-5301"
"152","Osage High School","Volleyball Girls","57","Varsity","9/14","7:30 pm","","Fulton","home","https://www.mshsaa.org/MySchool/Schedule.aspx?s=152&alg=57","https://www.mshsaa.org/MySchool/Matchup.aspx?s=152&alg=57&comp=2664717","636 Hwy 42, Osage Beach, MO 65065-5301"
"578","Rock Bridge High School","Golf Girls","24","Varsity","9/14","","","S-C Classic","tournament","https://www.mshsaa.org/MySchool/Schedule.aspx?s=578&alg=24","https://www.mshsaa.org/MySchool/Tournament.aspx?s=578&alg=24&tournament=582291","Sedalia, MO"
"578","Rock Bridge High School","Softball Fall Season","38","Varsity","9/14","5:30 pm","","Capital City","home","https://www.mshsaa.org/MySchool/Schedule.aspx?s=578&alg=38","https://www.mshsaa.org/MySchool/Matchup.aspx?s=578&alg=38&comp=2766721","4303 South Providence Road, Columbia, MO 65203"
"430","Russellville High School","Golf Girls","24","Varsity","9/14","","","Osage Quad","tournament","https://www.mshsaa.org/MySchool/Schedule.aspx?s=430&alg=24","https://www.mshsaa.org/MySchool/Tournament.aspx?s=430&alg=24&tournament=584779","Osage Beach, MO"
"430","Russellville High School","Softball Fall Season","38","Varsity","9/14","5:00 pm","","Harrisburg","home","https://www.mshsaa.org/MySchool/Schedule.aspx?s=430&alg=38","https://www.mshsaa.org/MySchool/Matchup.aspx?s=430&alg=38&comp=2616302","13600 Rte C, Russellville, MO 65074"
"431","Salisbury High School","Golf Girls","24","Varsity","9/14","","","Marceline Open #2","tournament","https://www.mshsaa.org/MySchool/Schedule.aspx?s=431&alg=24","https://www.mshsaa.org/MySchool/Tournament.aspx?s=431&alg=24&tournament=545813","Marceline, MO"
"194","Smith-Cotton High School","Golf Girls","24","Varsity","9/14","","","S-C Classic","tournament","https://www.mshsaa.org/MySchool/Schedule.aspx?s=194&alg=24","https://www.mshsaa.org/MySchool/Tournament.aspx?s=194&alg=24&tournament=557512","Sedalia, MO"
"194","Smith-Cotton High School","Soccer Boys","33","Varsity","9/14","6:30 pm","","Southern Boone","away","https://www.mshsaa.org/MySchool/Schedule.aspx?s=194&alg=33","https://www.mshsaa.org/MySchool/Matchup.aspx?s=194&alg=33&comp=2663085","14520 Crump Lane, Ashland, MO 65010-9464"
"194","Smith-Cotton High School","Softball Fall Season","38","Varsity","9/14","5:00 pm","","Helias Catholic","home","https://www.mshsaa.org/MySchool/Schedule.aspx?s=194&alg=38","https://www.mshsaa.org/MySchool/Matchup.aspx?s=194&alg=38&comp=2642166","2010 Tiger Pride Blvd, Sedalia, MO 65301-8503"
"194","Smith-Cotton High School","Volleyball Girls","57","Varsity","9/14","7:00 pm","","Jefferson City","away","https://www.mshsaa.org/MySchool/Schedule.aspx?s=194&alg=57","https://www.mshsaa.org/MySchool/Matchup.aspx?s=194&alg=57&comp=2643414","609 Union St, Jefferson City, MO 65101-2898"
"197","South Callaway High School","Softball Fall Season","38","Varsity","9/14","5:00 pm","","New Bloomfield","away","https://www.mshsaa.org/MySchool/Schedule.aspx?s=197&alg=38","https://www.mshsaa.org/MySchool/Matchup.aspx?s=197&alg=38&comp=2724556","307 Redwood Dr, New Bloomfield, MO 65063"
"2","Southern Boone High School","Soccer Boys","33","Varsity","9/14","6:30 pm","","Smith-Cotton","home","https://www.mshsaa.org/MySchool/Schedule.aspx?s=2&alg=33","https://www.mshsaa.org/MySchool/Matchup.aspx?s=2&alg=33&comp=2632890","14520 Crump Lane, Ashland, MO 65010-9464"
"2","Southern Boone High School","Softball Fall Season","38","Varsity","9/14","5:30 pm","","Boonville","away","https://www.mshsaa.org/MySchool/Schedule.aspx?s=2&alg=38","https://www.mshsaa.org/MySchool/Matchup.aspx?s=2&alg=38&comp=2695793","1 Pirate Dr., Boonville, MO 65233-2740"
"2","Southern Boone High School","Volleyball Girls","57","Varsity","9/14","7:00 pm","","Fatima","home","https://www.mshsaa.org/MySchool/Schedule.aspx?s=2&alg=57","https://www.mshsaa.org/MySchool/Matchup.aspx?s=2&alg=57&comp=2653883","14520 Crump Lane, Ashland, MO 65010-9464"
"474","Tipton High School","Golf Girls","24","Varsity","9/14","","","Osage Quad","tournament","https://www.mshsaa.org/MySchool/Schedule.aspx?s=474&alg=24","https://www.mshsaa.org/MySchool/Tournament.aspx?s=474&alg=24&tournament=582952","Osage Beach, MO"
"474","Tipton High School","Volleyball Girls","57","Varsity","9/14","7:00 pm","","Christian Fellowship Sr.","home","https://www.mshsaa.org/MySchool/Schedule.aspx?s=474&alg=57","https://www.mshsaa.org/MySchool/Matchup.aspx?s=474&alg=57&comp=2635295","334 US Hwy 50 West, Tipton, MO 65081-8606"
"485","Versailles High School","Golf Girls","24","Varsity","9/14","","","S-C Classic","tournament","https://www.mshsaa.org/MySchool/Schedule.aspx?s=485&alg=24","https://www.mshsaa.org/MySchool/Tournament.aspx?s=485&alg=24&tournament=545177","Sedalia, MO"
"485","Versailles High School","Volleyball Girls","57","Varsity","9/14","6:00 pm","","Sherwood","away","https://www.mshsaa.org/MySchool/Schedule.aspx?s=485&alg=57","https://www.mshsaa.org/MySchool/Matchup.aspx?s=485&alg=57&comp=2643116","33300 S Sherwood Dr, Creighton, MO 64739"
"953","Battle High School","Soccer Boys","33","Varsity","9/15","7:00 pm","","Helias Catholic","home","https://www.mshsaa.org/MySchool/Schedule.aspx?s=953&alg=33","https://www.mshsaa.org/MySchool/Matchup.aspx?s=953&alg=33&comp=2667381","7575 St. Charles Road, Columbia, MO 65202"
"953","Battle High School","Softball Fall Season","38","Varsity","9/15","5:00 pm","","Hickman","home","https://www.mshsaa.org/MySchool/Schedule.aspx?s=953&alg=38","https://www.mshsaa.org/MySchool/Matchup.aspx?s=953&alg=38&comp=2762410","7575 St. Charles Road, Columbia, MO 65202"
"953","Battle High School","Tennis Girls","49","Varsity","9/15","4:30 pm","","Hickman","away","https://www.mshsaa.org/MySchool/Schedule.aspx?s=953&alg=49","https://www.mshsaa.org/MySchool/Matchup.aspx?s=953&alg=49&comp=2766954","1104 N Providence Rd, Columbia, MO 65203-4398"
"217","Blair Oaks High School","Softball Fall Season","38","Varsity","9/15","5:00 pm","","Helias Catholic","away","https://www.mshsaa.org/MySchool/Schedule.aspx?s=217&alg=38","https://www.mshsaa.org/MySchool/Matchup.aspx?s=217&alg=38&comp=2632322","1305 Swifts Hwy, Jefferson City, MO 65109-2595"
"217","Blair Oaks High School","Volleyball Girls","57","Varsity","9/15","7:00 pm","","Eldon","home","https://www.mshsaa.org/MySchool/Schedule.aspx?s=217&alg=57","https://www.mshsaa.org/MySchool/Matchup.aspx?s=217&alg=57&comp=2632336","6124 Falcon Ln, Jefferson City, MO 65101-9751"
"16","Boonville High School","Tennis Girls","49","Varsity","9/15","4:30 pm","","Lafayette County","away","https://www.mshsaa.org/MySchool/Schedule.aspx?s=16&alg=49","https://www.mshsaa.org/MySchool/Matchup.aspx?s=16&alg=49&comp=2761973","807A W 31st St, Higginsville, MO 64037-2550"
"16","Boonville High School","Volleyball Girls","57","Varsity","9/15","6:00 pm","","Osage","away","https://www.mshsaa.org/MySchool/Schedule.aspx?s=16&alg=57","https://www.mshsaa.org/MySchool/Matchup.aspx?s=16&alg=57&comp=2710325","636 Hwy 42, Osage Beach, MO 65065-5301"
"582","California High School","Golf Girls","24","Varsity","9/15","TBD","","Helias Catholic","away","https://www.mshsaa.org/MySchool/Schedule.aspx?s=582&alg=24","https://www.mshsaa.org/MySchool/Matchup.aspx?s=582&alg=24&comp=2781334","1305 Swifts Hwy, Jefferson City, MO 65109-2595"
"582","California High School","Softball Fall Season","38","Varsity","9/15","5:00 pm","","South Callaway","home","https://www.mshsaa.org/MySchool/Schedule.aspx?s=582&alg=38","https://www.mshsaa.org/MySchool/Matchup.aspx?s=582&alg=38&comp=2618136","1501 W Buchanan, California, MO 65018-1279"
"582","California High School","Volleyball Girls","57","Varsity","9/15","7:30 pm","","Mexico","home","https://www.mshsaa.org/MySchool/Schedule.aspx?s=582&alg=57","https://www.mshsaa.org/MySchool/Matchup.aspx?s=582&alg=57&comp=2618094","1501 W Buchanan, California, MO 65018-1279"
"26","Camdenton High School","Golf Girls","24","Varsity","9/15","4:00 pm","","Rolla","home","https://www.mshsaa.org/MySchool/Schedule.aspx?s=26&alg=24","https://www.mshsaa.org/MySchool/Matchup.aspx?s=26&alg=24&comp=2707123","662 Laker Pride Road, Camdenton, MO 65020-1409"
"26","Camdenton High School","Golf Girls","24","Varsity","9/15","4:00 pm","","Waynesville","away","https://www.mshsaa.org/MySchool/Schedule.aspx?s=26&alg=24","https://www.mshsaa.org/MySchool/Matchup.aspx?s=26&alg=24&comp=2707124","Rolla, MO"
"26","Camdenton High School","Soccer Boys","33","Varsity","9/15","6:30 pm","","Hickman","away","https://www.mshsaa.org/MySchool/Schedule.aspx?s=26&alg=33","https://www.mshsaa.org/MySchool/Matchup.aspx?s=26&alg=33&comp=2742663","1104 N Providence Rd, Columbia, MO 65203-4398"
"26","Camdenton High School","Tennis Girls","49","Varsity","9/15","4:00 pm","","Rolla","home","https://www.mshsaa.org/MySchool/Schedule.aspx?s=26&alg=49","https://www.mshsaa.org/MySchool/Matchup.aspx?s=26&alg=49&comp=2742702","662 Laker Pride Road, Camdenton, MO 65020-1409"
"26","Camdenton High School","Volleyball Girls","57","Varsity","9/15","7:00 pm","","Capital City","away","https://www.mshsaa.org/MySchool/Schedule.aspx?s=26&alg=57","https://www.mshsaa.org/MySchool/Matchup.aspx?s=26&alg=57&comp=2742764","1650 Cavalier Drive, Jefferson City, MO 65109"
"1540","Capital City High School","Soccer Boys","33","Varsity","9/15","6:30 pm","","Smith-Cotton","away","https://www.mshsaa.org/MySchool/Schedule.aspx?s=1540&alg=33","https://www.mshsaa.org/MySchool/Matchup.aspx?s=1540&alg=33&comp=2662531","2010 Tiger Pride Blvd, Sedalia, MO 65301-8503"
"1540","Capital City High School","Volleyball Girls","57","Varsity","9/15","7:00 pm","","Camdenton","home","https://www.mshsaa.org/MySchool/Schedule.aspx?s=1540&alg=57","https://www.mshsaa.org/MySchool/Matchup.aspx?s=1540&alg=57&comp=2775271","2610 Mission Drive, Jefferson City, MO 65109"
"53","Centralia High School","Golf Girls","24","Varsity","9/15","","","Westran Invitational","tournament","https://www.mshsaa.org/MySchool/Schedule.aspx?s=53&alg=24","https://www.mshsaa.org/MySchool/Tournament.aspx?s=53&alg=24&tournament=552254","Huntsville, MO"
"53","Centralia High School","Softball Fall Season","38","Varsity","9/15","6:30 pm","","Mexico","home","https://www.mshsaa.org/MySchool/Schedule.aspx?s=53&alg=38","https://www.mshsaa.org/MySchool/Matchup.aspx?s=53&alg=38&comp=2655433","849 S Jefferson St, Centralia, MO 65240-1605"
"53","Centralia High School","Volleyball Girls","57","Varsity","9/15","6:15 pm","","Wright City","home","https://www.mshsaa.org/MySchool/Schedule.aspx?s=53&alg=57","https://www.mshsaa.org/MySchool/Matchup.aspx?s=53&alg=57&comp=2655581","849 S Jefferson St, Centralia, MO 65240-1605"
"1099","Christian Fellowship","Soccer Boys","33","Varsity","9/15","5:00 pm","","Eugene","away","https://www.mshsaa.org/MySchool/Schedule.aspx?s=1099&alg=33","https://www.mshsaa.org/MySchool/Matchup.aspx?s=1099&alg=33&comp=2706766","14803 Hwy 17, Eugene, MO 65032"
"1099","Christian Fellowship","Softball Fall Season","38","Varsity","9/15","5:00 pm","","Russellville","home","https://www.mshsaa.org/MySchool/Schedule.aspx?s=1099&alg=38","https://www.mshsaa.org/MySchool/Matchup.aspx?s=1099&alg=38&comp=2616932","421 E Hwy 124, Hallsville, MO 65255-9346"
"1099","Christian Fellowship","Swimming and Diving Boys","44","Varsity","9/15","","","MMA Tri-Meet","tournament","https://www.mshsaa.org/MySchool/Schedule.aspx?s=1099&alg=44","https://www.mshsaa.org/MySchool/Tournament.aspx?s=1099&alg=44&tournament=594244",""
"1099","Christian Fellowship","Volleyball Girls","57","Varsity","9/15","7:00 pm","","Columbia Independent","home","https://www.mshsaa.org/MySchool/Schedule.aspx?s=1099&alg=57","https://www.mshsaa.org/MySchool/Matchup.aspx?s=1099&alg=57&comp=2720077","4600 Christian Fellowship Rd, Columbia, MO 65203"
"566","Columbia Independent","Golf Girls","24","Varsity","9/15","","","Westran Invitational","tournament","https://www.mshsaa.org/MySchool/Schedule.aspx?s=566&alg=24","https://www.mshsaa.org/MySchool/Tournament.aspx?s=566&alg=24&tournament=582358","Huntsville, MO"
"566","Columbia Independent","Soccer Boys","33","Varsity","9/15","7:00 pm","","Helias Catholic","home","https://www.mshsaa.org/MySchool/Schedule.aspx?s=566&alg=33","https://www.mshsaa.org/MySchool/Matchup.aspx?s=566&alg=33&comp=2667381","7575 St. Charles Road, Columbia, MO 65202"
"566","Columbia Independent","Swimming and Diving Boys","44","Varsity","9/15","","","MMA Tri-Meet","tournament","https://www.mshsaa.org/MySchool/Schedule.aspx?s=566&alg=44","https://www.mshsaa.org/MySchool/Tournament.aspx?s=566&alg=44&tournament=594244",""
"566","Columbia Independent","Volleyball Girls","57","Varsity","9/15","7:00 pm","","Christian Fellowship Sr.","away","https://www.mshsaa.org/MySchool/Schedule.aspx?s=566&alg=57","https://www.mshsaa.org/MySchool/Matchup.aspx?s=566&alg=57&comp=2720174","4600 Christian Fellowship Rd, Columbia, MO 65203"
"278","Eldon High School","Softball Fall Season","38","Varsity","9/15","5:00 pm","","Eugene","away","https://www.mshsaa.org/MySchool/Schedule.aspx?s=278&alg=38","https://www.mshsaa.org/MySchool/Matchup.aspx?s=278&alg=38&comp=2628675","14803 Hwy 17, Eugene, MO 65032"
"278","Eldon High School","Volleyball Girls","57","Varsity","9/15","7:00 pm","","Blair Oaks","away","https://www.mshsaa.org/MySchool/Schedule.aspx?s=278&alg=57","https://www.mshsaa.org/MySchool/Matchup.aspx?s=278&alg=57&comp=2623023","6124 Falcon Ln, Jefferson City, MO 65101-9751"
"917","Father Tolton","Softball Fall Season","38","Varsity","9/15","5:00 pm","","Linn","home","https://www.mshsaa.org/MySchool/Schedule.aspx?s=917&alg=38","https://www.mshsaa.org/MySchool/Matchup.aspx?s=917&alg=38&comp=2755770","3351 E Gans Road, Columbia, MO 65201"
"917","Father Tolton","Volleyball Girls","57","Varsity","9/15","6:30 pm","","Heritage AthleticsA","home","https://www.mshsaa.org/MySchool/Schedule.aspx?s=917&alg=57","https://www.mshsaa.org/MySchool/Matchup.aspx?s=917&alg=57&comp=2754339","3351 E Gans Road, Columbia, MO 65201"
"294","Fayette High School","Golf Girls","24","Varsity","9/15","","","Westran Invitational","tournament","https://www.mshsaa.org/MySchool/Schedule.aspx?s=294&alg=24","https://www.mshsaa.org/MySchool/Tournament.aspx?s=294&alg=24&tournament=572302","Huntsville, MO"
"294","Fayette High School","Softball Fall Season","38","Varsity","9/15","5:00 pm","","New Franklin","home","https://www.mshsaa.org/MySchool/Schedule.aspx?s=294&alg=38","https://www.mshsaa.org/MySchool/Matchup.aspx?s=294&alg=38&comp=2635048","510 N. Cleveland St., Fayette, MO 65248-1596"
"80","Fulton High School","Soccer Boys","33","Varsity","9/15","5:00 pm","","Calvary Lutheran","home","https://www.mshsaa.org/MySchool/Schedule.aspx?s=80&alg=33","https://www.mshsaa.org/MySchool/Matchup.aspx?s=80&alg=33&comp=2745041","#1 Hornet Drive, Fulton, MO 65251-2729"
"80","Fulton High School","Softball Fall Season","38","Varsity","9/15","5:00 pm","","Moberly","away","https://www.mshsaa.org/MySchool/Schedule.aspx?s=80&alg=38","https://www.mshsaa.org/MySchool/Matchup.aspx?s=80&alg=38&comp=2680168","1625 Gratz Brown, Moberly, MO 65270-1904"
"80","Fulton High School","Tennis Girls","49","Varsity","9/15","4:00 pm","","Osage","away","https://www.mshsaa.org/MySchool/Schedule.aspx?s=80&alg=49","https://www.mshsaa.org/MySchool/Matchup.aspx?s=80&alg=49&comp=2742931","636 Hwy 42, Osage Beach, MO 65065-5301"
"80","Fulton High School","Volleyball Girls","57","Varsity","9/15","6:30 pm","","Kirksville","home","https://www.mshsaa.org/MySchool/Schedule.aspx?s=80&alg=57","https://www.mshsaa.org/MySchool/Matchup.aspx?s=80&alg=57&comp=2691257","#1 Hornet Drive, Fulton, MO 65251-2729"
"302","Glasgow High School","Baseball Fall Season","66","Varsity","9/15","7:00 pm","","Madison","away","https://www.mshsaa.org/MySchool/Schedule.aspx?s=302&alg=66","https://www.mshsaa.org/MySchool/Matchup.aspx?s=302&alg=66&comp=2617981","309 S Thomas St, Madison, MO 65263-1037"
"302","Glasgow High School","Softball Fall Season","38","Varsity","9/15","5:00 pm","","Madison","away","https://www.mshsaa.org/MySchool/Schedule.aspx?s=302&alg=38","https://www.mshsaa.org/MySchool/Matchup.aspx?s=302&alg=38&comp=2635358","309 S Thomas St, Madison, MO 65263-1037"
"311","Hallsville High School","Golf Girls","24","Varsity","9/15","","","Westran Invitational","tournament","https://www.mshsaa.org/MySchool/Schedule.aspx?s=311&alg=24","https://www.mshsaa.org/MySchool/Tournament.aspx?s=311&alg=24&tournament=578657","Huntsville, MO"
"311","Hallsville High School","Soccer Boys","33","Varsity","9/15","5:00 pm","","Eugene","away","https://www.mshsaa.org/MySchool/Schedule.aspx?s=311&alg=33","https://www.mshsaa.org/MySchool/Matchup.aspx?s=311&alg=33&comp=2706766","14803 Hwy 17, Eugene, MO 65032"
"311","Hallsville High School","Softball Fall Season","38","Varsity","9/15","5:00 pm","","Russellville","home","https://www.mshsaa.org/MySchool/Schedule.aspx?s=311&alg=38","https://www.mshsaa.org/MySchool/Matchup.aspx?s=311&alg=38&comp=2616932","421 E Hwy 124, Hallsville, MO 65255-9346"
"311","Hallsville High School","Volleyball Girls","57","Varsity","9/15","6:15 pm","","Russellville","away","https://www.mshsaa.org/MySchool/Schedule.aspx?s=311&alg=57","https://www.mshsaa.org/MySchool/Matchup.aspx?s=311&alg=57&comp=2616931","13600 Rte C, Russellville, MO 65074"
"313","Harrisburg High School","Golf Girls","24","Varsity","9/15","9:00 am","","Westran Invitational","tournament","https://www.mshsaa.org/MySchool/Schedule.aspx?s=313&alg=24","https://www.mshsaa.org/MySchool/Tournament.aspx?s=313&alg=24&tournament=543825","Huntsville, MO"
"522","Helias High School","Golf Girls","24","Varsity","9/15","TBD","","California","home","https://www.mshsaa.org/MySchool/Schedule.aspx?s=522&alg=24","https://www.mshsaa.org/MySchool/Matchup.aspx?s=522&alg=24&comp=2780320","1305 Swifts Hwy, Jefferson City, MO 65109-2595"
"522","Helias High School","Soccer Boys","33","Varsity","9/15","7:00 pm","","Battle with Columbia Independent","away","https://www.mshsaa.org/MySchool/Schedule.aspx?s=522&alg=33","https://www.mshsaa.org/MySchool/Matchup.aspx?s=522&alg=33&comp=2666705","7575 St. Charles Road, Columbia, MO 65202"
"522","Helias High School","Softball Fall Season","38","Varsity","9/15","5:00 pm","","Blair Oaks","home","https://www.mshsaa.org/MySchool/Schedule.aspx?s=522&alg=38","https://www.mshsaa.org/MySchool/Matchup.aspx?s=522&alg=38&comp=2641006","1305 Swifts Hwy, Jefferson City, MO 65109-2595"
"522","Helias High School","Tennis Girls","49","Varsity","9/15","4:00 pm","","Moberly","home","https://www.mshsaa.org/MySchool/Schedule.aspx?s=522&alg=49","https://www.mshsaa.org/MySchool/Matchup.aspx?s=522&alg=49&comp=2627970","1305 Swifts Hwy, Jefferson City, MO 65109-2595"
"85","Hickman High School","Soccer Boys","33","Varsity","9/15","6:30 pm","","Camdenton","home","https://www.mshsaa.org/MySchool/Schedule.aspx?s=85&alg=33","https://www.mshsaa.org/MySchool/Matchup.aspx?s=85&alg=33&comp=2769532","1104 N Providence Rd, Columbia, MO 65203-4398"
"85","Hickman High School","Softball Fall Season","38","Varsity","9/15","5:00 pm","","Battle","away","https://www.mshsaa.org/MySchool/Schedule.aspx?s=85&alg=38","https://www.mshsaa.org/MySchool/Matchup.aspx?s=85&alg=38&comp=2744125","7575 St. Charles Road, Columbia, MO 65202"
"85","Hickman High School","Tennis Girls","49","Varsity","9/15","4:30 pm","","Battle","home","https://www.mshsaa.org/MySchool/Schedule.aspx?s=85&alg=49","https://www.mshsaa.org/MySchool/Matchup.aspx?s=85&alg=49&comp=2765031","1104 N Providence Rd, Columbia, MO 65203-4398"
"85","Hickman High School","Volleyball Girls","57","Varsity","9/15","7:00 pm","","Hannibal","home","https://www.mshsaa.org/MySchool/Schedule.aspx?s=85&alg=57","https://www.mshsaa.org/MySchool/Matchup.aspx?s=85&alg=57&comp=2710744","1104 N Providence Rd, Columbia, MO 65203-4398"
"84","Jefferson City High School","Soccer Boys","33","Varsity","9/15","7:00 pm","","Rock Bridge","home","https://www.mshsaa.org/MySchool/Schedule.aspx?s=84&alg=33","https://www.mshsaa.org/MySchool/Matchup.aspx?s=84&alg=33&comp=2660238","1215 Adams St, Jefferson City, MO 65101"
"360","Marshall High School","Swimming and Diving Boys","44","Varsity","9/15","","","Blue Springs South","tournament","https://www.mshsaa.org/MySchool/Schedule.aspx?s=360&alg=44","https://www.mshsaa.org/MySchool/Tournament.aspx?s=360&alg=44&tournament=592972","Blue Springs, MO"
"360","Marshall High School","Volleyball Girls","57","Varsity","9/15","6:15 pm","","Sweet Springs","home","https://www.mshsaa.org/MySchool/Schedule.aspx?s=360&alg=57","https://www.mshsaa.org/MySchool/Matchup.aspx?s=360&alg=57&comp=2665340","805 South Miami, Marshall, MO 65340"
"128","Mexico High School","Golf Girls","24","Varsity","9/15","","","Westran Invitational","tournament","https://www.mshsaa.org/MySchool/Schedule.aspx?s=128&alg=24","https://www.mshsaa.org/MySchool/Tournament.aspx?s=128&alg=24&tournament=586785","Huntsville, MO"
"128","Mexico High School","Soccer Boys","33","Varsity","9/15","5:00 pm","","Kirksville","away","https://www.mshsaa.org/MySchool/Schedule.aspx?s=128&alg=33","https://www.mshsaa.org/MySchool/Matchup.aspx?s=128&alg=33&comp=2681813","1300 S Cottage Grove, Kirksville, MO 63501-3998"
"128","Mexico High School","Softball Fall Season","38","Varsity","9/15","6:30 pm","","Centralia","away","https://www.mshsaa.org/MySchool/Schedule.aspx?s=128&alg=38","https://www.mshsaa.org/MySchool/Matchup.aspx?s=128&alg=38&comp=2655736","849 S Jefferson St, Centralia, MO 65240-1605"
"128","Mexico High School","Volleyball Girls","57","Varsity","9/15","7:30 pm","","California","away","https://www.mshsaa.org/MySchool/Schedule.aspx?s=128&alg=57","https://www.mshsaa.org/MySchool/Matchup.aspx?s=128&alg=57&comp=2638854","1501 W Buchanan, California, MO 65018-1279"
"569","Missouri Military Academy","Soccer Boys","33","Varsity","9/15","5:00 pm","","Canton","away","https://www.mshsaa.org/MySchool/Schedule.aspx?s=569&alg=33","https://www.mshsaa.org/MySchool/Matchup.aspx?s=569&alg=33&comp=2751337","200 S 4th St, Canton, MO 63435-1510"
"132","Moberly High School","Cross Country Boys","11","Varsity","9/15","TBD","","Quincy Notre Dame Quincy, IL","home","https://www.mshsaa.org/MySchool/Schedule.aspx?s=132&alg=11","",""
"132","Moberly High School","Cross Country Girls","12","Varsity","9/15","TBD","","Quincy Notre Dame Quincy, IL","home","https://www.mshsaa.org/MySchool/Schedule.aspx?s=132&alg=12","",""
"132","Moberly High School","Golf Girls","24","Varsity","9/15","","","Westran Invitational","tournament","https://www.mshsaa.org/MySchool/Schedule.aspx?s=132&alg=24","https://www.mshsaa.org/MySchool/Tournament.aspx?s=132&alg=24&tournament=582285","Huntsville, MO"
"132","Moberly High School","Soccer Boys","33","Varsity","9/15","6:45 pm","","Hannibal","away","https://www.mshsaa.org/MySchool/Schedule.aspx?s=132&alg=33","https://www.mshsaa.org/MySchool/Matchup.aspx?s=132&alg=33&comp=2685469","4500 McMasters Ave, Hannibal, MO 63401-2299"
"132","Moberly High School","Softball Fall Season","38","Varsity","9/15","5:00 pm","","Fulton","home","https://www.mshsaa.org/MySchool/Schedule.aspx?s=132&alg=38","https://www.mshsaa.org/MySchool/Matchup.aspx?s=132&alg=38&comp=2680173","1625 Gratz Brown, Moberly, MO 65270-1904"
"132","Moberly High School","Tennis Girls","49","Varsity","9/15","4:00 pm","","Helias Catholic","away","https://www.mshsaa.org/MySchool/Schedule.aspx?s=132&alg=49","https://www.mshsaa.org/MySchool/Matchup.aspx?s=132&alg=49&comp=2647176","1305 Swifts Hwy, Jefferson City, MO 65109-2595"
"139","North Callaway High School","Softball Fall Season","38","Varsity","9/15","5:00 pm","","Clopton","home","https://www.mshsaa.org/MySchool/Schedule.aspx?s=139&alg=38","https://www.mshsaa.org/MySchool/Matchup.aspx?s=139&alg=38&comp=2614153","2700 Thunderbird Dr, Kingdom City, MO 65262-1817"
"152","Osage High School","Soccer Boys","33","Varsity","9/15","6:45 pm","","Clinton","home","https://www.mshsaa.org/MySchool/Schedule.aspx?s=152&alg=33","https://www.mshsaa.org/MySchool/Matchup.aspx?s=152&alg=33&comp=2703955","636 Hwy 42, Osage Beach, MO 65065-5301"
"152","Osage High School","Tennis Girls","49","Varsity","9/15","4:00 pm","","Fulton","home","https://www.mshsaa.org/MySchool/Schedule.aspx?s=152&alg=49","https://www.mshsaa.org/MySchool/Matchup.aspx?s=152&alg=49&comp=2697352","636 Hwy 42, Osage Beach, MO 65065-5301"
"152","Osage High School","Volleyball Girls","57","Varsity","9/15","6:00 pm","","Boonville","home","https://www.mshsaa.org/MySchool/Schedule.aspx?s=152&alg=57","https://www.mshsaa.org/MySchool/Matchup.aspx?s=152&alg=57&comp=2709008","636 Hwy 42, Osage Beach, MO 65065-5301"
"578","Rock Bridge High School","Soccer Boys","33","Varsity","9/15","7:00 pm","","Jefferson City","away","https://www.mshsaa.org/MySchool/Schedule.aspx?s=578&alg=33","https://www.mshsaa.org/MySchool/Matchup.aspx?s=578&alg=33&comp=2743212","609 Union St, Jefferson City, MO 65101-2898"
"578","Rock Bridge High School","Tennis Girls","49","Varsity","9/15","4:30 pm","","Smith-Cotton","home","https://www.mshsaa.org/MySchool/Schedule.aspx?s=578&alg=49","https://www.mshsaa.org/MySchool/Matchup.aspx?s=578&alg=49&comp=2730117","4500 Bethel Street, Columbia, MO 65203"
"578","Rock Bridge High School","Volleyball Girls","57","Varsity","9/15","6:30 pm","","Hermann","away","https://www.mshsaa.org/MySchool/Schedule.aspx?s=578&alg=57","https://www.mshsaa.org/MySchool/Matchup.aspx?s=578&alg=57&comp=2634368","176 Bearcat Xing, Hermann, MO 65041-4200"
"430","Russellville High School","Golf Girls","24","Varsity","9/15","","","Tipton Tri","tournament","https://www.mshsaa.org/MySchool/Schedule.aspx?s=430&alg=24","https://www.mshsaa.org/MySchool/Tournament.aspx?s=430&alg=24&tournament=592213","Tipton, MO"
"430","Russellville High School","Golf Girls","24","Varsity","9/15","","","Belle Quad","tournament","https://www.mshsaa.org/MySchool/Schedule.aspx?s=430&alg=24","https://www.mshsaa.org/MySchool/Tournament.aspx?s=430&alg=24&tournament=594352","Belle, MO"
"430","Russellville High School","Softball Fall Season","38","Varsity","9/15","5:00 pm","","Hallsville with Christian Fellowship Sr.","away","https://www.mshsaa.org/MySchool/Schedule.aspx?s=430&alg=38","https://www.mshsaa.org/MySchool/Matchup.aspx?s=430&alg=38&comp=2616303","421 E Hwy 124, Hallsville, MO 65255-9346"
"430","Russellville High School","Volleyball Girls","57","Varsity","9/15","6:15 pm","","Hallsville","home","https://www.mshsaa.org/MySchool/Schedule.aspx?s=430&alg=57","https://www.mshsaa.org/MySchool/Matchup.aspx?s=430&alg=57&comp=2612882","13600 Rte C, Russellville, MO 65074"
"431","Salisbury High School","Golf Girls","24","Varsity","9/15","","","Westran Invitational","tournament","https://www.mshsaa.org/MySchool/Schedule.aspx?s=431&alg=24","https://www.mshsaa.org/MySchool/Tournament.aspx?s=431&alg=24&tournament=545814","Huntsville, MO"
"431","Salisbury High School","Softball Fall Season","38","Varsity","9/15","5:00 pm","","Paris","home","https://www.mshsaa.org/MySchool/Schedule.aspx?s=431&alg=38","https://www.mshsaa.org/MySchool/Matchup.aspx?s=431&alg=38&comp=2632148","1000 S Maple Ave, Salisbury, MO 65281"
"194","Smith-Cotton High School","Soccer Boys","33","Varsity","9/15","6:30 pm","","Capital City","home","https://www.mshsaa.org/MySchool/Schedule.aspx?s=194&alg=33","https://www.mshsaa.org/MySchool/Matchup.aspx?s=194&alg=33&comp=2677006","2010 Tiger Pride Blvd, Sedalia, MO 65301-8503"
"194","Smith-Cotton High School","Swimming and Diving Boys","44","Varsity","9/15","4:00 pm","","Blue Springs Invite","tournament","https://www.mshsaa.org/MySchool/Schedule.aspx?s=194&alg=44","https://www.mshsaa.org/MySchool/Tournament.aspx?s=194&alg=44&tournament=575867","Blue Springs, MO"
"194","Smith-Cotton High School","Tennis Girls","49","Varsity","9/15","4:30 pm","","Rock Bridge","away","https://www.mshsaa.org/MySchool/Schedule.aspx?s=194&alg=49","https://www.mshsaa.org/MySchool/Matchup.aspx?s=194&alg=49&comp=2669522","4303 S Providence Rd, Columbia, MO 65203-7198"
"194","Smith-Cotton High School","Volleyball Girls","57","Varsity","9/15","7:00 pm","","Warrensburg","away","https://www.mshsaa.org/MySchool/Schedule.aspx?s=194&alg=57","https://www.mshsaa.org/MySchool/Matchup.aspx?s=194&alg=57&comp=2643400","1411 S Ridgeview Dr, Warrensburg, MO 64093-8910"
"197","South Callaway High School","Golf Girls","24","Varsity","9/15","","","Tipton Tri","tournament","https://www.mshsaa.org/MySchool/Schedule.aspx?s=197&alg=24","https://www.mshsaa.org/MySchool/Tournament.aspx?s=197&alg=24&tournament=595863","Tipton, MO"
"197","South Callaway High School","Softball Fall Season","38","Varsity","9/15","5:00 pm","","California","away","https://www.mshsaa.org/MySchool/Schedule.aspx?s=197&alg=38","https://www.mshsaa.org/MySchool/Matchup.aspx?s=197&alg=38&comp=2724557","1501 W Buchanan, California, MO 65018-1279"
"474","Tipton High School","Golf Girls","24","Varsity","9/15","","","Tipton Tri","tournament","https://www.mshsaa.org/MySchool/Schedule.aspx?s=474&alg=24","https://www.mshsaa.org/MySchool/Tournament.aspx?s=474&alg=24&tournament=590900","Tipton, MO"
"474","Tipton High School","Golf Girls","24","Varsity","⤷ 9/15","TBD","","South Callaway","tournament","https://www.mshsaa.org/MySchool/Schedule.aspx?s=474&alg=24","https://www.mshsaa.org/MySchool/Matchup.aspx?s=474&alg=24&comp=2769449","334 US Hwy 50 West, Tipton, MO 65081-8606"
"474","Tipton High School","Golf Girls","24","Varsity","⤷ 9/15","TBD","","Russellville","tournament","https://www.mshsaa.org/MySchool/Schedule.aspx?s=474&alg=24","https://www.mshsaa.org/MySchool/Matchup.aspx?s=474&alg=24&comp=2769450","334 US Hwy 50 West, Tipton, MO 65081-8606"
"485","Versailles High School","Golf Girls","24","Varsity","9/15","4:00 pm","","Adrian","away","https://www.mshsaa.org/MySchool/Schedule.aspx?s=485&alg=24","https://www.mshsaa.org/MySchool/Matchup.aspx?s=485&alg=24&comp=2629950","601 N Houston, Adrian, MO 64720-0098"
"953","Battle High School","Tennis Girls","49","Varsity","9/16","4:30 pm","","Father Tolton","home","https://www.mshsaa.org/MySchool/Schedule.aspx?s=953&alg=49","https://www.mshsaa.org/MySchool/Matchup.aspx?s=953&alg=49&comp=2766955","7575 St. Charles Road, Columbia, MO 65202"
"953","Battle High School","Volleyball Girls","57","Varsity","9/16","6:15 pm","","Helias Catholic","home","https://www.mshsaa.org/MySchool/Schedule.aspx?s=953&alg=57","https://www.mshsaa.org/MySchool/Matchup.aspx?s=953&alg=57&comp=2762752","7575 St. Charles Road, Columbia, MO 65202"
"217","Blair Oaks High School","Golf Girls","24","Varsity","9/16","","","Southern Boone Tri: Southern Boone, Blair Oaks, Hallsville","tournament","https://www.mshsaa.org/MySchool/Schedule.aspx?s=217&alg=24","https://www.mshsaa.org/MySchool/Tournament.aspx?s=217&alg=24&tournament=575955","Ashland, MO"
"16","Boonville High School","Volleyball Girls","57","Varsity","9/16","6:30 pm","","Tipton","home","https://www.mshsaa.org/MySchool/Schedule.aspx?s=16&alg=57","https://www.mshsaa.org/MySchool/Matchup.aspx?s=16&alg=57&comp=2781547","1 Pirate Drive, Boonville, MO 65233"
"1540","Capital City High School","Softball Fall Season","38","Varsity","9/16","5:00 pm","","Hickman","away","https://www.mshsaa.org/MySchool/Schedule.aspx?s=1540&alg=38","https://www.mshsaa.org/MySchool/Matchup.aspx?s=1540&alg=38&comp=2744356","1104 N Providence Rd, Columbia, MO 65203-4398"
"1099","Christian Fellowship","Softball Fall Season","38","Varsity","9/16","5:00 pm","","Smith-Cotton","home","https://www.mshsaa.org/MySchool/Schedule.aspx?s=1099&alg=38","https://www.mshsaa.org/MySchool/Matchup.aspx?s=1099&alg=38&comp=2633019","421 E Hwy 124, Hallsville, MO 65255-9346"
"566","Columbia Independent","Volleyball Girls","57","Varsity","9/16","6:00 pm","","Chamois","away","https://www.mshsaa.org/MySchool/Schedule.aspx?s=566&alg=57","https://www.mshsaa.org/MySchool/Matchup.aspx?s=566&alg=57&comp=2760606","614 S Poplar St, Chamois, MO 65024"
"566","Columbia Independent","Volleyball Girls","57","Varsity","9/16","6:00 pm","","Chamois","away","https://www.mshsaa.org/MySchool/Schedule.aspx?s=566&alg=57","https://www.mshsaa.org/MySchool/Matchup.aspx?s=566&alg=57&comp=2766272","614 S Poplar St, Chamois, MO 65024"
"278","Eldon High School","Golf Girls","24","Varsity","9/16","","","Eldon Quad w/ Jeff City, Crocker, Eugene","tournament","https://www.mshsaa.org/MySchool/Schedule.aspx?s=278&alg=24","https://www.mshsaa.org/MySchool/Tournament.aspx?s=278&alg=24&tournament=545002","Eldon, MO"
"278","Eldon High School","Softball Fall Season","38","Varsity","9/16","5:00 pm","","Crocker","home","https://www.mshsaa.org/MySchool/Schedule.aspx?s=278&alg=38","https://www.mshsaa.org/MySchool/Matchup.aspx?s=278&alg=38&comp=2628676","112 S Pine St, Eldon, MO 65026-1594"
"278","Eldon High School","Volleyball Girls","57","Varsity","9/16","6:30 pm","","Hallsville","away","https://www.mshsaa.org/MySchool/Schedule.aspx?s=278&alg=57","https://www.mshsaa.org/MySchool/Matchup.aspx?s=278&alg=57&comp=2623024","421 E Hwy 124, Hallsville, MO 65255-9346"
"917","Father Tolton","Tennis Girls","49","Varsity","9/16","4:30 pm","","Battle","away","https://www.mshsaa.org/MySchool/Schedule.aspx?s=917&alg=49","https://www.mshsaa.org/MySchool/Matchup.aspx?s=917&alg=49&comp=2765858","7575 St. Charles Road, Columbia, MO 65202"
"311","Hallsville High School","Golf Girls","24","Varsity","9/16","","","Southern Boone Tri: Southern Boone, Blair Oaks, Hallsville","tournament","https://www.mshsaa.org/MySchool/Schedule.aspx?s=311&alg=24","https://www.mshsaa.org/MySchool/Tournament.aspx?s=311&alg=24&tournament=574867","Ashland, MO"
"311","Hallsville High School","Softball Fall Season","38","Varsity","9/16","5:00 pm","","Smith-Cotton","home","https://www.mshsaa.org/MySchool/Schedule.aspx?s=311&alg=38","https://www.mshsaa.org/MySchool/Matchup.aspx?s=311&alg=38&comp=2633019","421 E Hwy 124, Hallsville, MO 65255-9346"
"311","Hallsville High School","Volleyball Girls","57","Varsity","9/16","6:30 pm","","Eldon","home","https://www.mshsaa.org/MySchool/Schedule.aspx?s=311&alg=57","https://www.mshsaa.org/MySchool/Matchup.aspx?s=311&alg=57&comp=2638634","421 E Hwy 124, Hallsville, MO 65255-9346"
"522","Helias High School","Softball Fall Season","38","Varsity","9/16","4:30 pm","","Bowling Green","home","https://www.mshsaa.org/MySchool/Schedule.aspx?s=522&alg=38","https://www.mshsaa.org/MySchool/Matchup.aspx?s=522&alg=38&comp=2710404","1305 Swifts Hwy, Jefferson City, MO 65109-2595"
"522","Helias High School","Tennis Girls","49","Varsity","9/16","4:30 pm","","Jefferson City","away","https://www.mshsaa.org/MySchool/Schedule.aspx?s=522&alg=49","https://www.mshsaa.org/MySchool/Matchup.aspx?s=522&alg=49&comp=2753106","609 Union St, Jefferson City, MO 65101-2898"
"522","Helias High School","Volleyball Girls","57","Varsity","9/16","6:15 pm","","Battle","away","https://www.mshsaa.org/MySchool/Schedule.aspx?s=522&alg=57","https://www.mshsaa.org/MySchool/Matchup.aspx?s=522&alg=57&comp=2763162","7575 St. Charles Road, Columbia, MO 65202"
"85","Hickman High School","Softball Fall Season","38","Varsity","9/16","5:00 pm","","Capital City","home","https://www.mshsaa.org/MySchool/Schedule.aspx?s=85&alg=38","https://www.mshsaa.org/MySchool/Matchup.aspx?s=85&alg=38&comp=2776536","1104 N Providence Rd, Columbia, MO 65203-4398"
"85","Hickman High School","Tennis Girls","49","Varsity","9/16","4:30 pm","","Smith-Cotton","away","https://www.mshsaa.org/MySchool/Schedule.aspx?s=85&alg=49","https://www.mshsaa.org/MySchool/Matchup.aspx?s=85&alg=49&comp=2765025","2010 Tiger Pride Blvd, Sedalia, MO 65301-8503"
"317","Higbee High School","Baseball Fall Season","66","Varsity","9/16","5:00 pm","","New Franklin","home","https://www.mshsaa.org/MySchool/Schedule.aspx?s=317&alg=66","https://www.mshsaa.org/MySchool/Matchup.aspx?s=317&alg=66&comp=2610867","101 Evans, Higbee, MO 65257"
"84","Jefferson City High School","Golf Girls","24","Varsity","9/16","4:00 pm","","Eldon Quad w/ Jeff City, Crocker, Eugene","tournament","https://www.mshsaa.org/MySchool/Schedule.aspx?s=84&alg=24","https://www.mshsaa.org/MySchool/Tournament.aspx?s=84&alg=24&tournament=594912","Eldon, MO"
"84","Jefferson City High School","Golf Girls","24","Varsity","⤷ 9/16","TBD","","Eldon","tournament","https://www.mshsaa.org/MySchool/Schedule.aspx?s=84&alg=24","https://www.mshsaa.org/MySchool/Matchup.aspx?s=84&alg=24&comp=2777583","609 Union St, Jefferson City, MO 65101-2898"
"84","Jefferson City High School","Tennis Girls","49","Varsity","9/16","4:30 pm","","Helias Catholic","home","https://www.mshsaa.org/MySchool/Schedule.aspx?s=84&alg=49","https://www.mshsaa.org/MySchool/Matchup.aspx?s=84&alg=49&comp=2757152","609 Union St, Jefferson City, MO 65101-2898"
"360","Marshall High School","Soccer Boys","33","Varsity","⤷ 9/16","TBD","","William Chrisman","tournament","https://www.mshsaa.org/MySchool/Schedule.aspx?s=360&alg=33","https://www.mshsaa.org/MySchool/Matchup.aspx?s=360&alg=33&comp=2791086","Independence, MO"
"360","Marshall High School","Softball Fall Season","38","Varsity","9/16","5:00 pm","","Odessa","away","https://www.mshsaa.org/MySchool/Schedule.aspx?s=360&alg=38","https://www.mshsaa.org/MySchool/Matchup.aspx?s=360&alg=38&comp=2765360","713 S 3rd St, Odessa, MO 64076-1498"
"360","Marshall High School","Swimming and Diving Boys","44","Varsity","9/16","5:00 pm","","Raytown","away","https://www.mshsaa.org/MySchool/Schedule.aspx?s=360&alg=44","https://www.mshsaa.org/MySchool/Matchup.aspx?s=360&alg=44&comp=2773840","6019 Blue Ridge Blvd, Raytown, MO 64133-3998"
"128","Mexico High School","Softball Fall Season","38","Varsity","9/16","5:00 pm","","Macon","home","https://www.mshsaa.org/MySchool/Schedule.aspx?s=128&alg=38","https://www.mshsaa.org/MySchool/Matchup.aspx?s=128&alg=38&comp=2663198","639 N Wade, Mexico, MO 65265-1899"
"139","North Callaway High School","Volleyball Girls","57","Varsity","9/16","6:00 pm","","Wright City","away","https://www.mshsaa.org/MySchool/Schedule.aspx?s=139&alg=57","https://www.mshsaa.org/MySchool/Matchup.aspx?s=139&alg=57&comp=2615036","90 Bell Road, Wright City, MO 63390-3202"
"194","Smith-Cotton High School","Golf Girls","24","Varsity","9/16","","","Richmond Tournament","tournament","https://www.mshsaa.org/MySchool/Schedule.aspx?s=194&alg=24","https://www.mshsaa.org/MySchool/Tournament.aspx?s=194&alg=24&tournament=557514","Richmond, MO"
"194","Smith-Cotton High School","Softball Fall Season","38","Varsity","9/16","5:00 pm","","Hallsville with Christian Fellowship Sr.","away","https://www.mshsaa.org/MySchool/Schedule.aspx?s=194&alg=38","https://www.mshsaa.org/MySchool/Matchup.aspx?s=194&alg=38&comp=2637896","421 E Hwy 124, Hallsville, MO 65255-9346"
"194","Smith-Cotton High School","Tennis Girls","49","Varsity","9/16","4:30 pm","","Hickman","home","https://www.mshsaa.org/MySchool/Schedule.aspx?s=194&alg=49","https://www.mshsaa.org/MySchool/Matchup.aspx?s=194&alg=49&comp=2669523","2010 Tiger Pride Blvd, Sedalia, MO 65301-8503"
"2","Southern Boone High School","Golf Girls","24","Varsity","9/16","4:00 pm","","Southern Boone Tri: Southern Boone, Blair Oaks, Hallsville","tournament","https://www.mshsaa.org/MySchool/Schedule.aspx?s=2&alg=24","https://www.mshsaa.org/MySchool/Tournament.aspx?s=2&alg=24&tournament=564533","Ashland, MO"
"2","Southern Boone High School","Golf Girls","24","Varsity","⤷ 9/16","TBD","","Blair Oaks","tournament","https://www.mshsaa.org/MySchool/Schedule.aspx?s=2&alg=24","https://www.mshsaa.org/MySchool/Matchup.aspx?s=2&alg=24&comp=2780114","14520 Crump Lane, Ashland, MO 65010-9464"
"2","Southern Boone High School","Golf Girls","24","Varsity","⤷ 9/16","TBD","","Hallsville","tournament","https://www.mshsaa.org/MySchool/Schedule.aspx?s=2&alg=24","https://www.mshsaa.org/MySchool/Matchup.aspx?s=2&alg=24&comp=2780115","14520 Crump Lane, Ashland, MO 65010-9464"
"474","Tipton High School","Volleyball Girls","57","Varsity","9/16","6:30 pm","","Boonville","away","https://www.mshsaa.org/MySchool/Schedule.aspx?s=474&alg=57","https://www.mshsaa.org/MySchool/Matchup.aspx?s=474&alg=57&comp=2782270","1 Pirate Dr., Boonville, MO 65233-2740"
"953","Battle High School","Softball Fall Season","38","Varsity","9/17","5:00 pm","","New Bloomfield","home","https://www.mshsaa.org/MySchool/Schedule.aspx?s=953&alg=38","https://www.mshsaa.org/MySchool/Matchup.aspx?s=953&alg=38&comp=2762384","7575 St. Charles Road, Columbia, MO 65202"
"953","Battle High School","Tennis Girls","49","Varsity","9/17","4:30 pm","","Helias Catholic","away","https://www.mshsaa.org/MySchool/Schedule.aspx?s=953&alg=49","https://www.mshsaa.org/MySchool/Matchup.aspx?s=953&alg=49&comp=2766287","1305 Swifts Hwy, Jefferson City, MO 65109-2595"
"953","Battle High School","Volleyball Girls","57","Varsity","9/17","6:30 pm","","Father Tolton","away","https://www.mshsaa.org/MySchool/Schedule.aspx?s=953&alg=57","https://www.mshsaa.org/MySchool/Matchup.aspx?s=953&alg=57&comp=2762756","3351 E Gans Road, Columbia, MO 65201"
"217","Blair Oaks High School","Golf Girls","24","Varsity","9/17","","","Marshall Tournament","tournament","https://www.mshsaa.org/MySchool/Schedule.aspx?s=217&alg=24","https://www.mshsaa.org/MySchool/Tournament.aspx?s=217&alg=24&tournament=581386","Marshall, MO"
"217","Blair Oaks High School","Softball Fall Season","38","Varsity","9/17","5:00 pm","","Boonville","away","https://www.mshsaa.org/MySchool/Schedule.aspx?s=217&alg=38","https://www.mshsaa.org/MySchool/Matchup.aspx?s=217&alg=38&comp=2632323","1 Pirate Dr., Boonville, MO 65233-2740"
"217","Blair Oaks High School","Volleyball Girls","57","Varsity","9/17","7:00 pm","","California","away","https://www.mshsaa.org/MySchool/Schedule.aspx?s=217&alg=57","https://www.mshsaa.org/MySchool/Matchup.aspx?s=217&alg=57&comp=2618794","1501 W Buchanan, California, MO 65018-1279"
"16","Boonville High School","Golf Girls","24","Varsity","9/17","","","Versailles Invitational","tournament","https://www.mshsaa.org/MySchool/Schedule.aspx?s=16&alg=24","https://www.mshsaa.org/MySchool/Tournament.aspx?s=16&alg=24&tournament=545348","Versailles, MO"
"16","Boonville High School","Softball Fall Season","38","Varsity","9/17","5:00 pm","","Blair Oaks","home","https://www.mshsaa.org/MySchool/Schedule.aspx?s=16&alg=38","https://www.mshsaa.org/MySchool/Matchup.aspx?s=16&alg=38&comp=2761130","1 Pirate Dr., Boonville, MO 65233-2740"
"16","Boonville High School","Tennis Girls","49","Varsity","9/17","4:30 pm","","Fulton","away","https://www.mshsaa.org/MySchool/Schedule.aspx?s=16&alg=49","https://www.mshsaa.org/MySchool/Matchup.aspx?s=16&alg=49&comp=2747929","#1 Hornet Drive, Fulton, MO 65251-2729"
"16","Boonville High School","Volleyball Girls","57","Varsity","9/17","7:00 pm","","Hallsville","home","https://www.mshsaa.org/MySchool/Schedule.aspx?s=16&alg=57","https://www.mshsaa.org/MySchool/Matchup.aspx?s=16&alg=57&comp=2722403","1 Pirate Dr., Boonville, MO 65233-2740"
"582","California High School","Golf Girls","24","Varsity","9/17","","","Versailles Invitational","tournament","https://www.mshsaa.org/MySchool/Schedule.aspx?s=582&alg=24","https://www.mshsaa.org/MySchool/Tournament.aspx?s=582&alg=24&tournament=582869","Versailles, MO"
"582","California High School","Softball Fall Season","38","Varsity","9/17","5:00 pm","","Southern Boone","home","https://www.mshsaa.org/MySchool/Schedule.aspx?s=582&alg=38","https://www.mshsaa.org/MySchool/Matchup.aspx?s=582&alg=38&comp=2618137","1501 W Buchanan, California, MO 65018-1279"
"582","California High School","Volleyball Girls","57","Varsity","9/17","7:00 pm","","Blair Oaks","home","https://www.mshsaa.org/MySchool/Schedule.aspx?s=582&alg=57","https://www.mshsaa.org/MySchool/Matchup.aspx?s=582&alg=57&comp=2618095","1501 W Buchanan, California, MO 65018-1279"
"26","Camdenton High School","Soccer Boys","33","Varsity","9/17","6:45 pm","","Osage","home","https://www.mshsaa.org/MySchool/Schedule.aspx?s=26&alg=33","https://www.mshsaa.org/MySchool/Matchup.aspx?s=26&alg=33&comp=2715173","662 Laker Pride Road, Camdenton, MO 65020-1409"
"26","Camdenton High School","Softball Fall Season","38","Varsity","9/17","4:30 pm","","Rock Bridge","home","https://www.mshsaa.org/MySchool/Schedule.aspx?s=26&alg=38","https://www.mshsaa.org/MySchool/Matchup.aspx?s=26&alg=38&comp=2650265","662 Laker Pride Road, Camdenton, MO 65020-1409"
"26","Camdenton High School","Swimming and Diving Boys","44","Varsity","9/17","4:30 pm","","Monett with Pierce City","away","https://www.mshsaa.org/MySchool/Schedule.aspx?s=26&alg=44","https://www.mshsaa.org/MySchool/Matchup.aspx?s=26&alg=44&comp=2788293","1 David Sippy Dr, Monett, MO 65708-1375"
"1540","Capital City High School","Golf Girls","24","Varsity","9/17","","","Versailles Invitational","tournament","https://www.mshsaa.org/MySchool/Schedule.aspx?s=1540&alg=24","https://www.mshsaa.org/MySchool/Tournament.aspx?s=1540&alg=24&tournament=563805","Versailles, MO"
"1540","Capital City High School","Soccer Boys","33","Varsity","9/17","5:00 pm","","Branson","home","https://www.mshsaa.org/MySchool/Schedule.aspx?s=1540&alg=33","https://www.mshsaa.org/MySchool/Matchup.aspx?s=1540&alg=33&comp=2671329","2610 Mission Drive, Jefferson City, MO 65109"
"1540","Capital City High School","Tennis Girls","49","Varsity","9/17","4:30 pm","","Hickman","away","https://www.mshsaa.org/MySchool/Schedule.aspx?s=1540&alg=49","https://www.mshsaa.org/MySchool/Matchup.aspx?s=1540&alg=49&comp=2621723","1104 N Providence Rd, Columbia, MO 65203-4398"
"1540","Capital City High School","Volleyball Girls","57","Varsity","9/17","7:00 pm","","Jefferson City","home","https://www.mshsaa.org/MySchool/Schedule.aspx?s=1540&alg=57","https://www.mshsaa.org/MySchool/Matchup.aspx?s=1540&alg=57&comp=2684502","1650 Cavalier Drive, Jefferson City, MO 65109"
"53","Centralia High School","Golf Girls","24","Varsity","9/17","4:00 pm","","Centralia Penta: Hickman, New Bloomfield, Monroe City","tournament","https://www.mshsaa.org/MySchool/Schedule.aspx?s=53&alg=24","https://www.mshsaa.org/MySchool/Tournament.aspx?s=53&alg=24&tournament=552257","Centralia, MO"
"53","Centralia High School","Golf Girls","24","Varsity","⤷ 9/17","TBD","","Hickman","tournament","https://www.mshsaa.org/MySchool/Schedule.aspx?s=53&alg=24","https://www.mshsaa.org/MySchool/Matchup.aspx?s=53&alg=24&comp=2655419","849 S Jefferson St, Centralia, MO 65240-1605"
"53","Centralia High School","Golf Girls","24","Varsity","⤷ 9/17","TBD","","New Bloomfield","tournament","https://www.mshsaa.org/MySchool/Schedule.aspx?s=53&alg=24","https://www.mshsaa.org/MySchool/Matchup.aspx?s=53&alg=24&comp=2655420","849 S Jefferson St, Centralia, MO 65240-1605"
"53","Centralia High School","Golf Girls","24","Varsity","⤷ 9/17","TBD","","Monroe City","tournament","https://www.mshsaa.org/MySchool/Schedule.aspx?s=53&alg=24","https://www.mshsaa.org/MySchool/Matchup.aspx?s=53&alg=24&comp=2655421","849 S Jefferson St, Centralia, MO 65240-1605"
"53","Centralia High School","Volleyball Girls","57","Varsity","9/17","6:00 pm","","New Bloomfield","away","https://www.mshsaa.org/MySchool/Schedule.aspx?s=53&alg=57","https://www.mshsaa.org/MySchool/Matchup.aspx?s=53&alg=57&comp=2655582","307 Redwood Dr, New Bloomfield, MO 65063"
"1099","Christian Fellowship","Soccer Boys","33","Varsity","9/17","6:30 pm","","Southern Boone","home","https://www.mshsaa.org/MySchool/Schedule.aspx?s=1099&alg=33","https://www.mshsaa.org/MySchool/Matchup.aspx?s=1099&alg=33&comp=2695938","4600 Christian Fellowship Rd, Columbia, MO 65203"
"566","Columbia Independent","Tennis Girls","49","Varsity","9/17","4:30 pm","","Father Tolton","home","https://www.mshsaa.org/MySchool/Schedule.aspx?s=566&alg=49","https://www.mshsaa.org/MySchool/Matchup.aspx?s=566&alg=49&comp=2781629","1801 North Stadium Boulevard, Columbia, MO 65202"
"278","Eldon High School","Golf Girls","24","Varsity","9/17","","","Marshall Tournament","tournament","https://www.mshsaa.org/MySchool/Schedule.aspx?s=278&alg=24","https://www.mshsaa.org/MySchool/Tournament.aspx?s=278&alg=24&tournament=582355","Marshall, MO"
"278","Eldon High School","Softball Fall Season","38","Varsity","9/17","5:00 pm","","Osage","away","https://www.mshsaa.org/MySchool/Schedule.aspx?s=278&alg=38","https://www.mshsaa.org/MySchool/Matchup.aspx?s=278&alg=38&comp=2628677","636 Hwy 42, Osage Beach, MO 65065-5301"
"917","Father Tolton","Soccer Boys","33","Varsity","9/17","5:30 pm","","Fatima","away","https://www.mshsaa.org/MySchool/Schedule.aspx?s=917&alg=33","https://www.mshsaa.org/MySchool/Matchup.aspx?s=917&alg=33&comp=2665264","143 E. Main, Westphalia, MO 65085"
"917","Father Tolton","Softball Fall Season","38","Varsity","⤷ 9/17","5:00 pm","","Jefferson City","tournament","https://www.mshsaa.org/MySchool/Schedule.aspx?s=917&alg=38","https://www.mshsaa.org/MySchool/Matchup.aspx?s=917&alg=38&comp=2786094","Jefferson City, MO"
"917","Father Tolton","Tennis Girls","49","Varsity","9/17","4:30 pm","","Columbia Independent","away","https://www.mshsaa.org/MySchool/Schedule.aspx?s=917&alg=49","https://www.mshsaa.org/MySchool/Matchup.aspx?s=917&alg=49&comp=2768072","1801 North Stadium Boulevard, Columbia, MO 65202"
"917","Father Tolton","Volleyball Girls","57","Varsity","9/17","6:30 pm","","Battle","home","https://www.mshsaa.org/MySchool/Schedule.aspx?s=917&alg=57","https://www.mshsaa.org/MySchool/Matchup.aspx?s=917&alg=57&comp=2711660","3351 E Gans Road, Columbia, MO 65201"
"294","Fayette High School","Golf Girls","24","Varsity","9/17","","","Versailles Invitational","tournament","https://www.mshsaa.org/MySchool/Schedule.aspx?s=294&alg=24","https://www.mshsaa.org/MySchool/Tournament.aspx?s=294&alg=24&tournament=572734","Versailles, MO"
"294","Fayette High School","Softball Fall Season","38","Varsity","9/17","5:00 pm","","Harrisburg","away","https://www.mshsaa.org/MySchool/Schedule.aspx?s=294&alg=38","https://www.mshsaa.org/MySchool/Matchup.aspx?s=294&alg=38&comp=2635049","801 S Harris St, Harrisburg, MO 65256-9542"
"80","Fulton High School","Golf Girls","24","Varsity","9/17","","","Marshall Tournament","tournament","https://www.mshsaa.org/MySchool/Schedule.aspx?s=80&alg=24","https://www.mshsaa.org/MySchool/Tournament.aspx?s=80&alg=24&tournament=586409","Marshall, MO"
"80","Fulton High School","Soccer Boys","33","Varsity","9/17","4:30 pm","","Wright City","away","https://www.mshsaa.org/MySchool/Schedule.aspx?s=80&alg=33","https://www.mshsaa.org/MySchool/Matchup.aspx?s=80&alg=33&comp=2647568","90 Bell Road, Wright City, MO 63390-3202"
"80","Fulton High School","Softball Fall Season","38","Varsity","9/17","5:00 pm","","Mexico","home","https://www.mshsaa.org/MySchool/Schedule.aspx?s=80&alg=38","https://www.mshsaa.org/MySchool/Matchup.aspx?s=80&alg=38&comp=2635711","#1 Hornet Drive, Fulton, MO 65251-2729"
"80","Fulton High School","Tennis Girls","49","Varsity","9/17","4:30 pm","","Boonville","home","https://www.mshsaa.org/MySchool/Schedule.aspx?s=80&alg=49","https://www.mshsaa.org/MySchool/Matchup.aspx?s=80&alg=49&comp=2745181","#1 Hornet Drive, Fulton, MO 65251-2729"
"302","Glasgow High School","Baseball Fall Season","66","Varsity","9/17","7:00 pm","","Northeast (Cairo)","home","https://www.mshsaa.org/MySchool/Schedule.aspx?s=302&alg=66","https://www.mshsaa.org/MySchool/Matchup.aspx?s=302&alg=66&comp=2592749","860 Randolph St, Glasgow, MO 65254-1299"
"302","Glasgow High School","Golf Girls","24","Varsity","9/17","","","SH Quad with Green Ridge, Cole Camp and Glasgow","tournament","https://www.mshsaa.org/MySchool/Schedule.aspx?s=302&alg=24","https://www.mshsaa.org/MySchool/Tournament.aspx?s=302&alg=24&tournament=553914","Sedalia, MO"
"302","Glasgow High School","Softball Fall Season","38","Varsity","9/17","5:00 pm","","Northeast (Cairo)","home","https://www.mshsaa.org/MySchool/Schedule.aspx?s=302&alg=38","https://www.mshsaa.org/MySchool/Matchup.aspx?s=302&alg=38&comp=2592748","860 Randolph St, Glasgow, MO 65254-1299"
"311","Hallsville High School","Soccer Boys","33","Varsity","9/17","6:30 pm","","Southern Boone","home","https://www.mshsaa.org/MySchool/Schedule.aspx?s=311&alg=33","https://www.mshsaa.org/MySchool/Matchup.aspx?s=311&alg=33&comp=2695938","4600 Christian Fellowship Rd, Columbia, MO 65203"
"311","Hallsville High School","Volleyball Girls","57","Varsity","9/17","7:00 pm","","Boonville","away","https://www.mshsaa.org/MySchool/Schedule.aspx?s=311&alg=57","https://www.mshsaa.org/MySchool/Matchup.aspx?s=311&alg=57&comp=2721779","1 Pirate Dr., Boonville, MO 65233-2740"
"313","Harrisburg High School","Golf Girls","24","Varsity","9/17","4:00 pm","","Salisbury: Westran, Harrisburg, Cairo, New Franklin, Salisbury","tournament","https://www.mshsaa.org/MySchool/Schedule.aspx?s=313&alg=24","https://www.mshsaa.org/MySchool/Tournament.aspx?s=313&alg=24&tournament=543826","Salisbury, MO"
"313","Harrisburg High School","Softball Fall Season","38","Varsity","9/17","5:00 pm","","Fayette","home","https://www.mshsaa.org/MySchool/Schedule.aspx?s=313&alg=38","https://www.mshsaa.org/MySchool/Matchup.aspx?s=313&alg=38&comp=2649305","801 S Harris St, Harrisburg, MO 65256-9542"
"522","Helias High School","Tennis Girls","49","Varsity","9/17","4:30 pm","","Battle","home","https://www.mshsaa.org/MySchool/Schedule.aspx?s=522&alg=49","https://www.mshsaa.org/MySchool/Matchup.aspx?s=522&alg=49&comp=2627971","1305 Swifts Hwy, Jefferson City, MO 65109-2595"
"85","Hickman High School","Golf Girls","24","Varsity","9/17","","","Centralia Penta: Hickman, New Bloomfield, Monroe City","tournament","https://www.mshsaa.org/MySchool/Schedule.aspx?s=85&alg=24","https://www.mshsaa.org/MySchool/Tournament.aspx?s=85&alg=24&tournament=552613","Centralia, MO"
"85","Hickman High School","Soccer Boys","33","Varsity","9/17","6:30 pm","","Ft. Zumwalt West","away","https://www.mshsaa.org/MySchool/Schedule.aspx?s=85&alg=33","https://www.mshsaa.org/MySchool/Matchup.aspx?s=85&alg=33&comp=2675499","1251 Turtle Creek Dr, O'fallon, MO 63366-5948"
"85","Hickman High School","Tennis Girls","49","Varsity","9/17","4:30 pm","","Capital City","home","https://www.mshsaa.org/MySchool/Schedule.aspx?s=85&alg=49","https://www.mshsaa.org/MySchool/Matchup.aspx?s=85&alg=49&comp=2765026","1104 N Providence Rd, Columbia, MO 65203-4398"
"85","Hickman High School","Volleyball Girls","57","Varsity","9/17","7:30 pm","","Southern Boone","home","https://www.mshsaa.org/MySchool/Schedule.aspx?s=85&alg=57","https://www.mshsaa.org/MySchool/Matchup.aspx?s=85&alg=57&comp=2710745","1104 N Providence Rd, Columbia, MO 65203-4398"
"317","Higbee High School","Softball Fall Season","38","Varsity","9/17","5:00 pm","","Slater with Malta Bend","home","https://www.mshsaa.org/MySchool/Schedule.aspx?s=317&alg=38","https://www.mshsaa.org/MySchool/Matchup.aspx?s=317&alg=38&comp=2626905","101 Evans, Higbee, MO 65257"
"84","Jefferson City High School","Soccer Boys","33","Varsity","9/17","6:30 pm","","Rolla","away","https://www.mshsaa.org/MySchool/Schedule.aspx?s=84&alg=33","https://www.mshsaa.org/MySchool/Matchup.aspx?s=84&alg=33&comp=2660232","900 Bulldog Run, Rolla, MO 65401-3399"
"84","Jefferson City High School","Softball Fall Season","38","Varsity","9/17-19","","","Lady Jays Classic","tournament","https://www.mshsaa.org/MySchool/Schedule.aspx?s=84&alg=38","https://www.mshsaa.org/MySchool/Tournament.aspx?s=84&alg=38&tournament=547667","Jefferson City, MO"
"84","Jefferson City High School","Volleyball Girls","57","Varsity","9/17","7:00 pm","","Capital City","away","https://www.mshsaa.org/MySchool/Schedule.aspx?s=84&alg=57","https://www.mshsaa.org/MySchool/Matchup.aspx?s=84&alg=57&comp=2752565","1650 Cavalier Drive, Jefferson City, MO 65109"
"360","Marshall High School","Golf Girls","24","Varsity","9/17","","","Marshall Tournament","tournament","https://www.mshsaa.org/MySchool/Schedule.aspx?s=360&alg=24","https://www.mshsaa.org/MySchool/Tournament.aspx?s=360&alg=24&tournament=554359","Marshall, MO"
"360","Marshall High School","Softball Fall Season","38","Varsity","9/17","5:00 pm","","Moberly","home","https://www.mshsaa.org/MySchool/Schedule.aspx?s=360&alg=38","https://www.mshsaa.org/MySchool/Matchup.aspx?s=360&alg=38&comp=2650338","805 S Miami, Marshall, MO 65340-2499"
"360","Marshall High School","Volleyball Girls","57","Varsity","9/17","6:30 pm","","Odessa","away","https://www.mshsaa.org/MySchool/Schedule.aspx?s=360&alg=57","https://www.mshsaa.org/MySchool/Matchup.aspx?s=360&alg=57&comp=2661611","713 S 3rd St, Odessa, MO 64076-1498"
"128","Mexico High School","Soccer Boys","33","Varsity","9/17","6:30 pm","","Moberly","home","https://www.mshsaa.org/MySchool/Schedule.aspx?s=128&alg=33","https://www.mshsaa.org/MySchool/Matchup.aspx?s=128&alg=33&comp=2762099","639 N Wade, Mexico, MO 65265-1899"
"128","Mexico High School","Softball Fall Season","38","Varsity","9/17","5:00 pm","","Fulton","away","https://www.mshsaa.org/MySchool/Schedule.aspx?s=128&alg=38","https://www.mshsaa.org/MySchool/Matchup.aspx?s=128&alg=38&comp=2663199","#1 Hornet Drive, Fulton, MO 65251-2729"
"128","Mexico High School","Tennis Girls","49","Varsity","9/17","4:00 pm","","Moberly","home","https://www.mshsaa.org/MySchool/Schedule.aspx?s=128&alg=49","https://www.mshsaa.org/MySchool/Matchup.aspx?s=128&alg=49&comp=2758453","639 N Wade, Mexico, MO 65265-1899"
"128","Mexico High School","Volleyball Girls","57","Varsity","9/17","6:00 pm","","Hannibal","home","https://www.mshsaa.org/MySchool/Schedule.aspx?s=128&alg=57","https://www.mshsaa.org/MySchool/Matchup.aspx?s=128&alg=57&comp=2652132","639 N Wade, Mexico, MO 65265-1899"
"132","Moberly High School","Soccer Boys","33","Varsity","9/17","6:30 pm","","Mexico","away","https://www.mshsaa.org/MySchool/Schedule.aspx?s=132&alg=33","https://www.mshsaa.org/MySchool/Matchup.aspx?s=132&alg=33&comp=2762729","639 N Wade, Mexico, MO 65265-1899"
"132","Moberly High School","Softball Fall Season","38","Varsity","9/17","5:00 pm","","Marshall","away","https://www.mshsaa.org/MySchool/Schedule.aspx?s=132&alg=38","https://www.mshsaa.org/MySchool/Matchup.aspx?s=132&alg=38&comp=2769896","805 S Miami, Marshall, MO 65340-2499"
"132","Moberly High School","Tennis Girls","49","Varsity","9/17","4:00 pm","","Mexico","away","https://www.mshsaa.org/MySchool/Schedule.aspx?s=132&alg=49","https://www.mshsaa.org/MySchool/Matchup.aspx?s=132&alg=49&comp=2760268","639 N Wade, Mexico, MO 65265-1899"
"139","North Callaway High School","Softball Fall Season","38","Varsity","9/17","5:00 pm","","Elsberry","away","https://www.mshsaa.org/MySchool/Schedule.aspx?s=139&alg=38","https://www.mshsaa.org/MySchool/Matchup.aspx?s=139&alg=38&comp=2614154","138 Tomahawk Dr, Elsberry, MO 63343-0106"
"139","North Callaway High School","Volleyball Girls","57","Varsity","9/17","6:30 pm","","Montgomery County","away","https://www.mshsaa.org/MySchool/Schedule.aspx?s=139&alg=57","https://www.mshsaa.org/MySchool/Matchup.aspx?s=139&alg=57&comp=2615037","394 N Hwy 19, Montgomery City, MO 63361-5216"
"152","Osage High School","Golf Girls","24","Varsity","9/17","","","Marshall Tournament","tournament","https://www.mshsaa.org/MySchool/Schedule.aspx?s=152&alg=24","https://www.mshsaa.org/MySchool/Tournament.aspx?s=152&alg=24&tournament=582127","Marshall, MO"
"152","Osage High School","Soccer Boys","33","Varsity","9/17","6:45 pm","","Camdenton","away","https://www.mshsaa.org/MySchool/Schedule.aspx?s=152&alg=33","https://www.mshsaa.org/MySchool/Matchup.aspx?s=152&alg=33&comp=2702057","662 Laker Pride Road, Camdenton, MO 65020-1409"
"152","Osage High School","Softball Fall Season","38","Varsity","9/17","5:00 pm","","Eldon","home","https://www.mshsaa.org/MySchool/Schedule.aspx?s=152&alg=38","https://www.mshsaa.org/MySchool/Matchup.aspx?s=152&alg=38&comp=2656326","636 Hwy 42, Osage Beach, MO 65065-5301"
"152","Osage High School","Tennis Girls","49","Varsity","9/17","4:00 pm","","Rolla","away","https://www.mshsaa.org/MySchool/Schedule.aspx?s=152&alg=49","https://www.mshsaa.org/MySchool/Matchup.aspx?s=152&alg=49&comp=2697353","900 Bulldog Run, Rolla, MO 65401-3399"
"152","Osage High School","Volleyball Girls","57","Varsity","9/17","6:30 pm","","Eugene","home","https://www.mshsaa.org/MySchool/Schedule.aspx?s=152&alg=57","https://www.mshsaa.org/MySchool/Matchup.aspx?s=152&alg=57&comp=2654121","636 Hwy 42, Osage Beach, MO 65065-5301"
"578","Rock Bridge High School","Softball Fall Season","38","Varsity","9/17","5:30 pm","","Camdenton","away","https://www.mshsaa.org/MySchool/Schedule.aspx?s=578&alg=38","https://www.mshsaa.org/MySchool/Matchup.aspx?s=578&alg=38&comp=2743017","662 Laker Pride Road, Camdenton, MO 65020-1409"
"578","Rock Bridge High School","Volleyball Girls","57","Varsity","9/17","8:00 pm","","Smith-Cotton","away","https://www.mshsaa.org/MySchool/Schedule.aspx?s=578&alg=57","https://www.mshsaa.org/MySchool/Matchup.aspx?s=578&alg=57&comp=2644109","2010 Tiger Pride Blvd, Sedalia, MO 65301-8503"
"430","Russellville High School","Golf Girls","24","Varsity","9/17","","","Versailles Invitational","tournament","https://www.mshsaa.org/MySchool/Schedule.aspx?s=430&alg=24","https://www.mshsaa.org/MySchool/Tournament.aspx?s=430&alg=24&tournament=545208","Versailles, MO"
"430","Russellville High School","Softball Fall Season","38","Varsity","9/17","5:00 pm","","Eugene","away","https://www.mshsaa.org/MySchool/Schedule.aspx?s=430&alg=38","https://www.mshsaa.org/MySchool/Matchup.aspx?s=430&alg=38&comp=2616304","14803 Hwy 17, Eugene, MO 65032"
"430","Russellville High School","Volleyball Girls","57","Varsity","9/17","7:00 pm","","Versailles","away","https://www.mshsaa.org/MySchool/Schedule.aspx?s=430&alg=57","https://www.mshsaa.org/MySchool/Matchup.aspx?s=430&alg=57&comp=2612883","913 W Newton, Versailles, MO 65084-1811"
"431","Salisbury High School","Golf Girls","24","Varsity","9/17","","","Salisbury: Westran, Harrisburg, Cairo, New Franklin, Salisbury","tournament","https://www.mshsaa.org/MySchool/Schedule.aspx?s=431&alg=24","https://www.mshsaa.org/MySchool/Tournament.aspx?s=431&alg=24&tournament=545815","Salisbury, MO"
"431","Salisbury High School","Softball Fall Season","38","Varsity","9/17","5:00 pm","","Brunswick with Keytesville, Northwestern (Mendon)","away","https://www.mshsaa.org/MySchool/Schedule.aspx?s=431&alg=38","https://www.mshsaa.org/MySchool/Matchup.aspx?s=431&alg=38&comp=2632149","1008 County Rd, Brunswick, MO 65236-1499"
"194","Smith-Cotton High School","Golf Girls","24","Varsity","9/17","","","Marshall Tournament","tournament","https://www.mshsaa.org/MySchool/Schedule.aspx?s=194&alg=24","https://www.mshsaa.org/MySchool/Tournament.aspx?s=194&alg=24&tournament=582164","Marshall, MO"
"194","Smith-Cotton High School","Soccer Boys","33","Varsity","9/17","6:30 pm","","Warrensburg","away","https://www.mshsaa.org/MySchool/Schedule.aspx?s=194&alg=33","https://www.mshsaa.org/MySchool/Matchup.aspx?s=194&alg=33&comp=2663087","1411 S Ridgeview Dr, Warrensburg, MO 64093-8910"
"194","Smith-Cotton High School","Tennis Girls","49","Varsity","9/17","4:30 pm","","Odessa","away","https://www.mshsaa.org/MySchool/Schedule.aspx?s=194&alg=49","https://www.mshsaa.org/MySchool/Matchup.aspx?s=194&alg=49&comp=2669524","713 S 3rd St, Odessa, MO 64076-1498"
"194","Smith-Cotton High School","Volleyball Girls","57","Varsity","9/17","8:00 pm","","Rock Bridge","home","https://www.mshsaa.org/MySchool/Schedule.aspx?s=194&alg=57","https://www.mshsaa.org/MySchool/Matchup.aspx?s=194&alg=57&comp=2643401","2010 Tiger Pride Blvd, Sedalia, MO 65301-8503"
"197","South Callaway High School","Softball Fall Season","38","Varsity","9/17","5:00 pm","","Linn","away","https://www.mshsaa.org/MySchool/Schedule.aspx?s=197&alg=38","https://www.mshsaa.org/MySchool/Matchup.aspx?s=197&alg=38&comp=2726187","141 Wildcat Drive, Linn, MO 65051"
"2","Southern Boone High School","Soccer Boys","33","Varsity","9/17","5:00 pm","","Christian Fellowship Sr. with Hallsville","away","https://www.mshsaa.org/MySchool/Schedule.aspx?s=2&alg=33","https://www.mshsaa.org/MySchool/Matchup.aspx?s=2&alg=33&comp=2632891","4600 Christian Fellowship Rd, Columbia, MO 65203"
"2","Southern Boone High School","Softball Fall Season","38","Varsity","9/17","5:00 pm","","California","away","https://www.mshsaa.org/MySchool/Schedule.aspx?s=2&alg=38","https://www.mshsaa.org/MySchool/Matchup.aspx?s=2&alg=38&comp=2627340","1501 W Buchanan, California, MO 65018-1279"
"2","Southern Boone High School","Volleyball Girls","57","Varsity","9/17","7:30 pm","","Hickman","away","https://www.mshsaa.org/MySchool/Schedule.aspx?s=2&alg=57","https://www.mshsaa.org/MySchool/Matchup.aspx?s=2&alg=57&comp=2653884","1104 N Providence Rd, Columbia, MO 65203-4398"
"474","Tipton High School","Golf Girls","24","Varsity","9/17","","","Versailles Invitational","tournament","https://www.mshsaa.org/MySchool/Schedule.aspx?s=474&alg=24","https://www.mshsaa.org/MySchool/Tournament.aspx?s=474&alg=24&tournament=545206","Versailles, MO"
"485","Versailles High School","Golf Girls","24","Varsity","9/17","9:00 am","","Versailles Invitational","tournament","https://www.mshsaa.org/MySchool/Schedule.aspx?s=485&alg=24","https://www.mshsaa.org/MySchool/Tournament.aspx?s=485&alg=24&tournament=545178","Versailles, MO"
"485","Versailles High School","Volleyball Girls","57","Varsity","9/17","7:00 pm","","Russellville","home","https://www.mshsaa.org/MySchool/Schedule.aspx?s=485&alg=57","https://www.mshsaa.org/MySchool/Matchup.aspx?s=485&alg=57&comp=2616317","913 W Newton, Versailles, MO 65084-1811"
"953","Battle High School","Football","19","Varsity","9/18","7:00 pm","","Hickman","away","https://www.mshsaa.org/MySchool/Schedule.aspx?s=953&alg=19","https://www.mshsaa.org/MySchool/Matchup.aspx?s=953&alg=19&comp=2666893","1104 N Providence Rd, Columbia, MO 65203-4398"
"953","Battle High School","Soccer Boys","33","Varsity","9/18","1:15 pm","","Branson","home","https://www.mshsaa.org/MySchool/Schedule.aspx?s=953&alg=33","https://www.mshsaa.org/MySchool/Matchup.aspx?s=953&alg=33&comp=2767055","7575 St. Charles Road, Columbia, MO 65202"
"217","Blair Oaks High School","Football","19","Varsity","9/18","7:00 pm","","Osage","home","https://www.mshsaa.org/MySchool/Schedule.aspx?s=217&alg=19","https://www.mshsaa.org/MySchool/Matchup.aspx?s=217&alg=19&comp=2520257","6124 Falcon Ln, Jefferson City, MO 65101-9751"
"217","Blair Oaks High School","Softball Fall Season","38","Varsity","9/18-19","","","Lady Jays Classic","tournament","https://www.mshsaa.org/MySchool/Schedule.aspx?s=217&alg=38","https://www.mshsaa.org/MySchool/Tournament.aspx?s=217&alg=38&tournament=545735","Jefferson City, MO"
"217","Blair Oaks High School","Volleyball Girls","57","Varsity","9/18","1:00 pm","","Logan-Rogersville","away","https://www.mshsaa.org/MySchool/Schedule.aspx?s=217&alg=57","https://www.mshsaa.org/MySchool/Matchup.aspx?s=217&alg=57&comp=2733507","300 N. Missouri Blvd., Rogersville, MO 65742"
"217","Blair Oaks High School","Volleyball Girls","57","Varsity","9/18","5:00 pm","","Potosi","away","https://www.mshsaa.org/MySchool/Schedule.aspx?s=217&alg=57","https://www.mshsaa.org/MySchool/Matchup.aspx?s=217&alg=57&comp=2733565","Rogersville, MO"
"16","Boonville High School","Football","19","Varsity","9/18","7:00 pm","","Hallsville","away","https://www.mshsaa.org/MySchool/Schedule.aspx?s=16&alg=19","https://www.mshsaa.org/MySchool/Matchup.aspx?s=16&alg=19&comp=2595283","421 E Hwy 124, Hallsville, MO 65255-9346"
"16","Boonville High School","Softball Fall Season","38","Varsity","9/18-19","","","Park Hill South Tournament","tournament","https://www.mshsaa.org/MySchool/Schedule.aspx?s=16&alg=38","https://www.mshsaa.org/MySchool/Tournament.aspx?s=16&alg=38&tournament=586601",""
"16","Boonville High School","Softball Fall Season","38","Varsity","⤷ 9/18","TBD","","Park Hill South","tournament","https://www.mshsaa.org/MySchool/Schedule.aspx?s=16&alg=38","https://www.mshsaa.org/MySchool/Matchup.aspx?s=16&alg=38&comp=2788927",""
"16","Boonville High School","Softball Fall Season","38","Varsity","⤷ 9/18","TBD","","West Platte","tournament","https://www.mshsaa.org/MySchool/Schedule.aspx?s=16&alg=38","https://www.mshsaa.org/MySchool/Matchup.aspx?s=16&alg=38&comp=2788928",""
"582","California High School","Football","19","Varsity","9/18","7:00 pm","","Southern Boone","away","https://www.mshsaa.org/MySchool/Schedule.aspx?s=582&alg=19","https://www.mshsaa.org/MySchool/Matchup.aspx?s=582&alg=19&comp=2519681","14520 Crump Lane, Ashland, MO 65010-9464"
"26","Camdenton High School","Football","19","Varsity","9/18","7:00 pm","","Helias Catholic","home","https://www.mshsaa.org/MySchool/Schedule.aspx?s=26&alg=19","https://www.mshsaa.org/MySchool/Matchup.aspx?s=26&alg=19&comp=2674415","662 Laker Pride Road, Camdenton, MO 65020-1409"
"26","Camdenton High School","Soccer Boys","33","Varsity","9/18","5:00 pm","","Joplin","away","https://www.mshsaa.org/MySchool/Schedule.aspx?s=26&alg=33","https://www.mshsaa.org/MySchool/Matchup.aspx?s=26&alg=33&comp=2715189","2104 Indiana Ave., Joplin, MO 64804-2229"
"26","Camdenton High School","Softball Fall Season","38","Varsity","9/18","5:00 pm","","Iberia","home","https://www.mshsaa.org/MySchool/Schedule.aspx?s=26&alg=38","https://www.mshsaa.org/MySchool/Matchup.aspx?s=26&alg=38&comp=2650266","662 Laker Pride Road, Camdenton, MO 65020-1409"
"26","Camdenton High School","Tennis Girls","49","Varsity","9/18","4:00 pm","","Parkview","home","https://www.mshsaa.org/MySchool/Schedule.aspx?s=26&alg=49","https://www.mshsaa.org/MySchool/Matchup.aspx?s=26&alg=49&comp=2775268","662 Laker Pride Road, Camdenton, MO 65020-1409"
"26","Camdenton High School","Volleyball Girls","57","Varsity","9/18","","","Varsity Scramble: Branson | Camdenton | Webb City | Willard","tournament","https://www.mshsaa.org/MySchool/Schedule.aspx?s=26&alg=57","https://www.mshsaa.org/MySchool/Tournament.aspx?s=26&alg=57&tournament=595499","Branson, MO"
"1540","Capital City High School","Football","19","Varsity","9/18","7:00 pm","","Rock Bridge","away","https://www.mshsaa.org/MySchool/Schedule.aspx?s=1540&alg=19","https://www.mshsaa.org/MySchool/Matchup.aspx?s=1540&alg=19&comp=2622654","4303 S Providence Rd, Columbia, MO 65203-7198"
"1540","Capital City High School","Soccer Boys","33","Varsity","9/18","5:00 pm","","Republic","home","https://www.mshsaa.org/MySchool/Schedule.aspx?s=1540&alg=33","https://www.mshsaa.org/MySchool/Matchup.aspx?s=1540&alg=33&comp=2671263","2610 Mission Drive, Jefferson City, MO 65109"
"1540","Capital City High School","Softball Fall Season","38","Varsity","9/18-19","","","Lady Jays Classic","tournament","https://www.mshsaa.org/MySchool/Schedule.aspx?s=1540&alg=38","https://www.mshsaa.org/MySchool/Tournament.aspx?s=1540&alg=38&tournament=543817","Jefferson City, MO"
"1540","Capital City High School","Softball Fall Season","38","Varsity","⤷ 9/18","9:00 am","","Fatima","tournament","https://www.mshsaa.org/MySchool/Schedule.aspx?s=1540&alg=38","https://www.mshsaa.org/MySchool/Matchup.aspx?s=1540&alg=38&comp=2783016","Jefferson City, MO"
"1540","Capital City High School","Softball Fall Season","38","Varsity","⤷ 9/18","7:00 pm","","Chaffee","tournament","https://www.mshsaa.org/MySchool/Schedule.aspx?s=1540&alg=38","https://www.mshsaa.org/MySchool/Matchup.aspx?s=1540&alg=38&comp=2783017","Jefferson City, MO"
"1540","Capital City High School","Tennis Girls","49","Varsity","9/18","4:30 pm","","Lebanon","home","https://www.mshsaa.org/MySchool/Schedule.aspx?s=1540&alg=49","https://www.mshsaa.org/MySchool/Matchup.aspx?s=1540&alg=49&comp=2621724","1650 Cavalier Drive, Jefferson City, MO 65109"
"53","Centralia High School","Football","19","Varsity","9/18","7:00 pm","","Hermann","away","https://www.mshsaa.org/MySchool/Schedule.aspx?s=53&alg=19","https://www.mshsaa.org/MySchool/Matchup.aspx?s=53&alg=19&comp=2584465","176 Bearcat Xing, Hermann, MO 65041-4200"
"1099","Christian Fellowship","Soccer Boys","33","Varsity","9/18","6:30 pm","","Moberly","home","https://www.mshsaa.org/MySchool/Schedule.aspx?s=1099&alg=33","https://www.mshsaa.org/MySchool/Matchup.aspx?s=1099&alg=33&comp=2719068","4600 Christian Fellowship Rd, Columbia, MO 65203"
"1099","Christian Fellowship","Volleyball Girls","57","Varsity","9/18","6:00 pm","","Prairie Home","home","https://www.mshsaa.org/MySchool/Schedule.aspx?s=1099&alg=57","https://www.mshsaa.org/MySchool/Matchup.aspx?s=1099&alg=57&comp=2687474","4600 Christian Fellowship Rd, Columbia, MO 65203"
"566","Columbia Independent","Soccer Boys","33","Varsity","9/18","1:15 pm","","Branson","home","https://www.mshsaa.org/MySchool/Schedule.aspx?s=566&alg=33","https://www.mshsaa.org/MySchool/Matchup.aspx?s=566&alg=33&comp=2767055","7575 St. Charles Road, Columbia, MO 65202"
"278","Eldon High School","Football","19","Varsity","9/18","7:00 pm","","Fulton","home","https://www.mshsaa.org/MySchool/Schedule.aspx?s=278&alg=19","https://www.mshsaa.org/MySchool/Matchup.aspx?s=278&alg=19&comp=2609438","112 S Pine St, Eldon, MO 65026-1594"
"917","Father Tolton","Football","19","Varsity","9/18","7:00 pm","","Summit Christian Academy","away","https://www.mshsaa.org/MySchool/Schedule.aspx?s=917&alg=19","https://www.mshsaa.org/MySchool/Matchup.aspx?s=917&alg=19&comp=2493251","1500 SW Jefferson, Lee's Summit, MO 64081"
"917","Father Tolton","Softball Fall Season","38","Varsity","9/18-19","","","Lady Jays Classic","tournament","https://www.mshsaa.org/MySchool/Schedule.aspx?s=917&alg=38","https://www.mshsaa.org/MySchool/Tournament.aspx?s=917&alg=38&tournament=559426","Jefferson City, MO"
"917","Father Tolton","Softball Fall Season","38","Varsity","⤷ 9/18","11:00 am","","Macon","tournament","https://www.mshsaa.org/MySchool/Schedule.aspx?s=917&alg=38","https://www.mshsaa.org/MySchool/Matchup.aspx?s=917&alg=38&comp=2786095","Jefferson City, MO"
"917","Father Tolton","Tennis Girls","49","Varsity","9/18-19","","","Francis Howell North Invitational","tournament","https://www.mshsaa.org/MySchool/Schedule.aspx?s=917&alg=49","https://www.mshsaa.org/MySchool/Tournament.aspx?s=917&alg=49&tournament=596563","St. Charles, MO"
"294","Fayette High School","Football","19","Varsity","9/18","7:00 pm","","Westran","home","https://www.mshsaa.org/MySchool/Schedule.aspx?s=294&alg=19","https://www.mshsaa.org/MySchool/Matchup.aspx?s=294&alg=19&comp=2634430","510 N. Cleveland St., Fayette, MO 65248-1596"
"80","Fulton High School","Football","19","Varsity","9/18","7:00 pm","","Eldon","away","https://www.mshsaa.org/MySchool/Schedule.aspx?s=80&alg=19","https://www.mshsaa.org/MySchool/Matchup.aspx?s=80&alg=19&comp=2589275","112 S Pine St, Eldon, MO 65026-1594"
"311","Hallsville High School","Football","19","Varsity","9/18","7:00 pm","","Boonville","home","https://www.mshsaa.org/MySchool/Schedule.aspx?s=311&alg=19","https://www.mshsaa.org/MySchool/Matchup.aspx?s=311&alg=19&comp=2589270","421 E Hwy 124, Hallsville, MO 65255-9346"
"311","Hallsville High School","Soccer Boys","33","Varsity","9/18","6:30 pm","","Moberly","home","https://www.mshsaa.org/MySchool/Schedule.aspx?s=311&alg=33","https://www.mshsaa.org/MySchool/Matchup.aspx?s=311&alg=33&comp=2719068","4600 Christian Fellowship Rd, Columbia, MO 65203"
"313","Harrisburg High School","Football","19","Varsity","9/18","7:00 pm","","Salisbury","home","https://www.mshsaa.org/MySchool/Schedule.aspx?s=313&alg=19","https://www.mshsaa.org/MySchool/Matchup.aspx?s=313&alg=19&comp=2522966","801 S Harris St, Harrisburg, MO 65256-9542"
"313","Harrisburg High School","Softball Fall Season","38","Varsity","9/18-19","","","Park Hill South Tournament","tournament","https://www.mshsaa.org/MySchool/Schedule.aspx?s=313&alg=38","https://www.mshsaa.org/MySchool/Tournament.aspx?s=313&alg=38&tournament=593419","Riverside, MO"
"522","Helias High School","Football","19","Varsity","9/18","7:00 pm","","Camdenton","away","https://www.mshsaa.org/MySchool/Schedule.aspx?s=522&alg=19","https://www.mshsaa.org/MySchool/Matchup.aspx?s=522&alg=19&comp=2674214","662 Laker Pride Road, Camdenton, MO 65020-1409"
"522","Helias High School","Soccer Boys","33","Varsity","9/18-19","","","Catholic Showcase","tournament","https://www.mshsaa.org/MySchool/Schedule.aspx?s=522&alg=33","https://www.mshsaa.org/MySchool/Tournament.aspx?s=522&alg=33&tournament=547005","Springfield, MO"
"85","Hickman High School","Football","19","Varsity","9/18","7:00 pm","","Battle","home","https://www.mshsaa.org/MySchool/Schedule.aspx?s=85&alg=19","https://www.mshsaa.org/MySchool/Matchup.aspx?s=85&alg=19&comp=2646525","1104 N Providence Rd, Columbia, MO 65203-4398"
"85","Hickman High School","Softball Fall Season","38","Varsity","9/18-19","","","Lady Jays Classic","tournament","https://www.mshsaa.org/MySchool/Schedule.aspx?s=85&alg=38","https://www.mshsaa.org/MySchool/Tournament.aspx?s=85&alg=38&tournament=581257","Jefferson City, MO"
"85","Hickman High School","Swimming and Diving Boys","44","Varsity","9/18","4:30 pm","","NKC Invite Prelims","tournament","https://www.mshsaa.org/MySchool/Schedule.aspx?s=85&alg=44","https://www.mshsaa.org/MySchool/Tournament.aspx?s=85&alg=44&tournament=592802",""
"317","Higbee High School","Baseball Fall Season","66","Varsity","9/18","5:00 pm","","Pilot Grove","away","https://www.mshsaa.org/MySchool/Schedule.aspx?s=317&alg=66","https://www.mshsaa.org/MySchool/Matchup.aspx?s=317&alg=66&comp=2769893","107 School St, Pilot Grove, MO 65276-1038"
"84","Jefferson City High School","Football","19","Varsity","9/18","7:00 pm","","Smith-Cotton","home","https://www.mshsaa.org/MySchool/Schedule.aspx?s=84&alg=19","https://www.mshsaa.org/MySchool/Matchup.aspx?s=84&alg=19&comp=2560879","609 Union St, Jefferson City, MO 65101-2898"
"84","Jefferson City High School","Tennis Girls","49","Varsity","9/18","1:00 pm","","Lebanon","home","https://www.mshsaa.org/MySchool/Schedule.aspx?s=84&alg=49","https://www.mshsaa.org/MySchool/Matchup.aspx?s=84&alg=49&comp=2752545","609 Union St, Jefferson City, MO 65101-2898"
"360","Marshall High School","Football","19","Varsity","9/18","7:00 pm","","Mexico","away","https://www.mshsaa.org/MySchool/Schedule.aspx?s=360&alg=19","https://www.mshsaa.org/MySchool/Matchup.aspx?s=360&alg=19&comp=2450268","639 N Wade, Mexico, MO 65265-1899"
"128","Mexico High School","Football","19","Varsity","9/18","7:00 pm","","Marshall","home","https://www.mshsaa.org/MySchool/Schedule.aspx?s=128&alg=19","https://www.mshsaa.org/MySchool/Matchup.aspx?s=128&alg=19&comp=2518018","639 N Wade, Mexico, MO 65265-1899"
"569","Missouri Military Academy","Football","19","Varsity","9/18","7:00 pm","","Russellville","home","https://www.mshsaa.org/MySchool/Schedule.aspx?s=569&alg=19","https://www.mshsaa.org/MySchool/Matchup.aspx?s=569&alg=19&comp=2524068","204 N Grand St, Mexico, MO 65265-3090"
"132","Moberly High School","Football","19","Varsity","9/18","7:00 pm","","Warrensburg","home","https://www.mshsaa.org/MySchool/Schedule.aspx?s=132&alg=19","https://www.mshsaa.org/MySchool/Matchup.aspx?s=132&alg=19&comp=2576632","1625 Gratz Brown Street, Moberly, MO 65270"
"132","Moberly High School","Soccer Boys","33","Varsity","9/18","6:30 pm","","Christian Fellowship Sr. with Hallsville","away","https://www.mshsaa.org/MySchool/Schedule.aspx?s=132&alg=33","https://www.mshsaa.org/MySchool/Matchup.aspx?s=132&alg=33&comp=2719074","4600 Christian Fellowship Rd, Columbia, MO 65203"
"139","North Callaway High School","Football","19","Varsity","9/18","7:00 pm","","Bowling Green","home","https://www.mshsaa.org/MySchool/Schedule.aspx?s=139&alg=19","https://www.mshsaa.org/MySchool/Matchup.aspx?s=139&alg=19&comp=2591217","2700 Thunderbird Dr, Kingdom City, MO 65262-1817"
"139","North Callaway High School","Volleyball Girls","57","Varsity","9/18-19","","","Calvary Lutheran HS Volleyball Tournament","tournament","https://www.mshsaa.org/MySchool/Schedule.aspx?s=139&alg=57","https://www.mshsaa.org/MySchool/Tournament.aspx?s=139&alg=57&tournament=571772","Jefferson City, MO"
"152","Osage High School","Football","19","Varsity","9/18","7:00 pm","","Blair Oaks","away","https://www.mshsaa.org/MySchool/Schedule.aspx?s=152&alg=19","https://www.mshsaa.org/MySchool/Matchup.aspx?s=152&alg=19&comp=2518996","6124 Falcon Ln, Jefferson City, MO 65101-9751"
"578","Rock Bridge High School","Football","19","Varsity","9/18","7:00 pm","","Capital City","home","https://www.mshsaa.org/MySchool/Schedule.aspx?s=578&alg=19","https://www.mshsaa.org/MySchool/Matchup.aspx?s=578&alg=19&comp=2683319","4303 South Providence Road, Columbia, MO 65203"
"578","Rock Bridge High School","Softball Fall Season","38","Varsity","9/18","4:00 pm","","Belton","home","https://www.mshsaa.org/MySchool/Schedule.aspx?s=578&alg=38","https://www.mshsaa.org/MySchool/Matchup.aspx?s=578&alg=38&comp=2788894","4303 South Providence Road, Columbia, MO 65203"
"578","Rock Bridge High School","Tennis Girls","49","Varsity","9/18","","","Columbia Duals","tournament","https://www.mshsaa.org/MySchool/Schedule.aspx?s=578&alg=49","https://www.mshsaa.org/MySchool/Tournament.aspx?s=578&alg=49&tournament=575279","4500 Bethel Street Columbia, MO 65203"
"430","Russellville High School","Football","19","Varsity","9/18","7:00 pm","","Missouri Military Academy","away","https://www.mshsaa.org/MySchool/Schedule.aspx?s=430&alg=19","https://www.mshsaa.org/MySchool/Matchup.aspx?s=430&alg=19&comp=2523973","204 N Grand St, Mexico, MO 65265-3090"
"431","Salisbury High School","Football","19","Varsity","9/18","7:00 pm","","Harrisburg","away","https://www.mshsaa.org/MySchool/Schedule.aspx?s=431&alg=19","https://www.mshsaa.org/MySchool/Matchup.aspx?s=431&alg=19&comp=2524341","801 S Harris St, Harrisburg, MO 65256-9542"
"194","Smith-Cotton High School","Football","19","Varsity","9/18","7:00 pm","","Jefferson City","away","https://www.mshsaa.org/MySchool/Schedule.aspx?s=194&alg=19","https://www.mshsaa.org/MySchool/Matchup.aspx?s=194&alg=19&comp=2669256","609 Union St, Jefferson City, MO 65101-2898"
"197","South Callaway High School","Football","19","Varsity","9/18","7:00 pm","","Montgomery County","home","https://www.mshsaa.org/MySchool/Schedule.aspx?s=197&alg=19","https://www.mshsaa.org/MySchool/Matchup.aspx?s=197&alg=19&comp=2639310","10135 State Rd C, Mokane, MO 65059-0038"
"2","Southern Boone High School","Football","19","Varsity","9/18","7:00 pm","","California","home","https://www.mshsaa.org/MySchool/Schedule.aspx?s=2&alg=19","https://www.mshsaa.org/MySchool/Matchup.aspx?s=2&alg=19&comp=2599040","14520 Crump Lane, Ashland, MO 65010-9464"
"2","Southern Boone High School","Softball Fall Season","38","Varsity","9/18-19","","","Lady Jays Classic","tournament","https://www.mshsaa.org/MySchool/Schedule.aspx?s=2&alg=38","https://www.mshsaa.org/MySchool/Tournament.aspx?s=2&alg=38&tournament=550730","Jefferson City, MO"
"2","Southern Boone High School","Softball Fall Season","38","Varsity","⤷ 9/18","TBD","","Linn","tournament","https://www.mshsaa.org/MySchool/Schedule.aspx?s=2&alg=38","https://www.mshsaa.org/MySchool/Matchup.aspx?s=2&alg=38&comp=2767237","Jefferson City, MO"
"2","Southern Boone High School","Softball Fall Season","38","Varsity","⤷ 9/18","TBD","","South Harrison","tournament","https://www.mshsaa.org/MySchool/Schedule.aspx?s=2&alg=38","https://www.mshsaa.org/MySchool/Matchup.aspx?s=2&alg=38&comp=2767238","Jefferson City, MO"
"474","Tipton High School","Football","19","Varsity","9/18","7:00 pm","","Versailles","away","https://www.mshsaa.org/MySchool/Schedule.aspx?s=474&alg=19","https://www.mshsaa.org/MySchool/Matchup.aspx?s=474&alg=19&comp=2517386","913 W Newton, Versailles, MO 65084-1811"
"485","Versailles High School","Football","19","Varsity","9/18","7:00 pm","","Tipton with Bunceton","home","https://www.mshsaa.org/MySchool/Schedule.aspx?s=485&alg=19","https://www.mshsaa.org/MySchool/Matchup.aspx?s=485&alg=19&comp=2517707","913 W Newton, Versailles, MO 65084-1811"
"953","Battle High School","Cross Country Boys","11","Varsity","9/19","","","Fulton Invitational","tournament","https://www.mshsaa.org/MySchool/Schedule.aspx?s=953&alg=11","https://www.mshsaa.org/MySchool/Tournament.aspx?s=953&alg=11&tournament=589037","Fulton, MO"
"953","Battle High School","Cross Country Girls","12","Varsity","9/19","","","Fulton Invitational","tournament","https://www.mshsaa.org/MySchool/Schedule.aspx?s=953&alg=12","https://www.mshsaa.org/MySchool/Tournament.aspx?s=953&alg=12&tournament=597915","Fulton, MO"
"953","Battle High School","Soccer Boys","33","Varsity","9/19","11:00 am","","Republic","home","https://www.mshsaa.org/MySchool/Schedule.aspx?s=953&alg=33","https://www.mshsaa.org/MySchool/Matchup.aspx?s=953&alg=33&comp=2767063","7575 St. Charles Road, Columbia, MO 65202"
"953","Battle High School","Softball Fall Season","38","Varsity","9/19","","","Fayette Softball Tournament","tournament","https://www.mshsaa.org/MySchool/Schedule.aspx?s=953&alg=38","https://www.mshsaa.org/MySchool/Tournament.aspx?s=953&alg=38&tournament=587095","Fayette, MO"
"217","Blair Oaks High School","Cross Country Boys","11","Varsity","9/19","","","Fulton Invitational","tournament","https://www.mshsaa.org/MySchool/Schedule.aspx?s=217&alg=11","https://www.mshsaa.org/MySchool/Tournament.aspx?s=217&alg=11&tournament=545754","Fulton, MO"
"217","Blair Oaks High School","Cross Country Girls","12","Varsity","9/19","","","Fulton Invitational","tournament","https://www.mshsaa.org/MySchool/Schedule.aspx?s=217&alg=12","https://www.mshsaa.org/MySchool/Tournament.aspx?s=217&alg=12&tournament=545763","Fulton, MO"
"217","Blair Oaks High School","Volleyball Girls","57","Varsity","9/19","9:00 am","","Winona","away","https://www.mshsaa.org/MySchool/Schedule.aspx?s=217&alg=57","https://www.mshsaa.org/MySchool/Matchup.aspx?s=217&alg=57&comp=2733566","Rogersville, MO"
"16","Boonville High School","Cross Country Boys","11","Varsity","9/19","","","Smith-Cotton Invitational","tournament","https://www.mshsaa.org/MySchool/Schedule.aspx?s=16&alg=11","https://www.mshsaa.org/MySchool/Tournament.aspx?s=16&alg=11&tournament=582948","Sedalia, MO"
"16","Boonville High School","Cross Country Girls","12","Varsity","9/19","","","Smith Cotton Invitational","tournament","https://www.mshsaa.org/MySchool/Schedule.aspx?s=16&alg=12","https://www.mshsaa.org/MySchool/Tournament.aspx?s=16&alg=12&tournament=585070","Sedalia, MO"
"16","Boonville High School","Softball Fall Season","38","Varsity","⤷ 9/19","TBD","","William Chrisman","tournament","https://www.mshsaa.org/MySchool/Schedule.aspx?s=16&alg=38","https://www.mshsaa.org/MySchool/Matchup.aspx?s=16&alg=38&comp=2788929",""
"16","Boonville High School","Softball Fall Season","38","Varsity","⤷ 9/19","TBD","","Park Hill","tournament","https://www.mshsaa.org/MySchool/Schedule.aspx?s=16&alg=38","https://www.mshsaa.org/MySchool/Matchup.aspx?s=16&alg=38&comp=2788930",""
"16","Boonville High School","Tennis Girls","49","Varsity","9/19","","","Osage Tourney","tournament","https://www.mshsaa.org/MySchool/Schedule.aspx?s=16&alg=49","https://www.mshsaa.org/MySchool/Tournament.aspx?s=16&alg=49&tournament=580421","Osage Beach, MO"
"26","Camdenton High School","Cross Country Boys","11","Varsity","9/19","","","Lebanon Invitational","tournament","https://www.mshsaa.org/MySchool/Schedule.aspx?s=26&alg=11","https://www.mshsaa.org/MySchool/Tournament.aspx?s=26&alg=11&tournament=594264","Lebanon, MO"
"26","Camdenton High School","Cross Country Girls","12","Varsity","9/19","","","Lebanon Invitational","tournament","https://www.mshsaa.org/MySchool/Schedule.aspx?s=26&alg=12","https://www.mshsaa.org/MySchool/Tournament.aspx?s=26&alg=12&tournament=594265","Lebanon, MO"
"26","Camdenton High School","Soccer Boys","33","Varsity","9/19","11:00 am","","Carthage","away","https://www.mshsaa.org/MySchool/Schedule.aspx?s=26&alg=33","https://www.mshsaa.org/MySchool/Matchup.aspx?s=26&alg=33&comp=2715190","2600 S River St, Carthage, MO 64836"
"1540","Capital City High School","Soccer Boys","33","Varsity","9/19","11:45 am","","Rolla","home","https://www.mshsaa.org/MySchool/Schedule.aspx?s=1540&alg=33","https://www.mshsaa.org/MySchool/Matchup.aspx?s=1540&alg=33&comp=2662532","2610 Mission Drive, Jefferson City, MO 65109"
"53","Centralia High School","Cross Country Boys","11","Varsity","9/19","","","Fulton Invitational","tournament","https://www.mshsaa.org/MySchool/Schedule.aspx?s=53&alg=11","https://www.mshsaa.org/MySchool/Tournament.aspx?s=53&alg=11&tournament=552238","Fulton, MO"
"53","Centralia High School","Cross Country Girls","12","Varsity","9/19","","","Fulton Invitational","tournament","https://www.mshsaa.org/MySchool/Schedule.aspx?s=53&alg=12","https://www.mshsaa.org/MySchool/Tournament.aspx?s=53&alg=12&tournament=552245","Fulton, MO"
"53","Centralia High School","Softball Fall Season","38","Varsity","9/19","11:00 am","","Doniphan","away","https://www.mshsaa.org/MySchool/Schedule.aspx?s=53&alg=38","https://www.mshsaa.org/MySchool/Matchup.aspx?s=53&alg=38&comp=2751013","Salem, MO"
"566","Columbia Independent","Cross Country Boys","11","Varsity","9/19","","","Fulton Invitational","tournament","https://www.mshsaa.org/MySchool/Schedule.aspx?s=566&alg=11","https://www.mshsaa.org/MySchool/Tournament.aspx?s=566&alg=11&tournament=594220",""
"566","Columbia Independent","Cross Country Girls","12","Varsity","9/19","","","Fulton Invitational","tournament","https://www.mshsaa.org/MySchool/Schedule.aspx?s=566&alg=12","https://www.mshsaa.org/MySchool/Tournament.aspx?s=566&alg=12&tournament=594226",""
"566","Columbia Independent","Soccer Boys","33","Varsity","9/19","11:00 am","","Republic","home","https://www.mshsaa.org/MySchool/Schedule.aspx?s=566&alg=33","https://www.mshsaa.org/MySchool/Matchup.aspx?s=566&alg=33&comp=2767063","7575 St. Charles Road, Columbia, MO 65202"
"566","Columbia Independent","Tennis Girls","49","Varsity","9/19","","","Osage Tourney","tournament","https://www.mshsaa.org/MySchool/Schedule.aspx?s=566&alg=49","https://www.mshsaa.org/MySchool/Tournament.aspx?s=566&alg=49&tournament=579498","Osage Beach, MO"
"278","Eldon High School","Cross Country Boys","11","Varsity","9/19","","","Smith-Cotton Invitational","tournament","https://www.mshsaa.org/MySchool/Schedule.aspx?s=278&alg=11","https://www.mshsaa.org/MySchool/Tournament.aspx?s=278&alg=11&tournament=544984","Sedalia, MO"
"278","Eldon High School","Cross Country Girls","12","Varsity","9/19","","","Fulton Invitational","tournament","https://www.mshsaa.org/MySchool/Schedule.aspx?s=278&alg=12","https://www.mshsaa.org/MySchool/Tournament.aspx?s=278&alg=12&tournament=544991","Fulton, MO"
"294","Fayette High School","Cross Country Boys","11","Varsity","9/19","","","New Franklin/CAC Cross Country Meet","tournament","https://www.mshsaa.org/MySchool/Schedule.aspx?s=294&alg=11","https://www.mshsaa.org/MySchool/Tournament.aspx?s=294&alg=11&tournament=557600","New Franklin, MO"
"294","Fayette High School","Softball Fall Season","38","Varsity","9/19","","","Fayette Softball Tournament","tournament","https://www.mshsaa.org/MySchool/Schedule.aspx?s=294&alg=38","https://www.mshsaa.org/MySchool/Tournament.aspx?s=294&alg=38&tournament=546469","Fayette, MO"
"80","Fulton High School","Cross Country Boys","11","Varsity","9/19","","","Fulton Invitational","tournament","https://www.mshsaa.org/MySchool/Schedule.aspx?s=80&alg=11","https://www.mshsaa.org/MySchool/Tournament.aspx?s=80&alg=11&tournament=580266","Fulton, MO"
"80","Fulton High School","Cross Country Girls","12","Varsity","9/19","","","Fulton Invitational","tournament","https://www.mshsaa.org/MySchool/Schedule.aspx?s=80&alg=12","https://www.mshsaa.org/MySchool/Tournament.aspx?s=80&alg=12&tournament=594833","Fulton, MO"
"80","Fulton High School","Softball Fall Season","38","Varsity","9/19","","","Fayette Softball Tournament","tournament","https://www.mshsaa.org/MySchool/Schedule.aspx?s=80&alg=38","https://www.mshsaa.org/MySchool/Tournament.aspx?s=80&alg=38&tournament=591683","Fayette, MO"
"302","Glasgow High School","Cross Country Boys","11","Varsity","9/19","","","New Franklin/CAC Cross Country Meet","tournament","https://www.mshsaa.org/MySchool/Schedule.aspx?s=302&alg=11","https://www.mshsaa.org/MySchool/Tournament.aspx?s=302&alg=11&tournament=558026","New Franklin, MO"
"302","Glasgow High School","Cross Country Girls","12","Varsity","9/19","","","New Franklin CC","tournament","https://www.mshsaa.org/MySchool/Schedule.aspx?s=302&alg=12","https://www.mshsaa.org/MySchool/Tournament.aspx?s=302&alg=12&tournament=586726","New Franklin, MO"
"302","Glasgow High School","Softball Fall Season","38","Varsity","9/19","","","Fayette Softball Tournament","tournament","https://www.mshsaa.org/MySchool/Schedule.aspx?s=302&alg=38","https://www.mshsaa.org/MySchool/Tournament.aspx?s=302&alg=38&tournament=549404","Fayette, MO"
"313","Harrisburg High School","Cross Country Boys","11","Varsity","9/19","9:00 am","","Missouri Southern Stampede","tournament","https://www.mshsaa.org/MySchool/Schedule.aspx?s=313&alg=11","https://www.mshsaa.org/MySchool/Tournament.aspx?s=313&alg=11&tournament=591298","Joplin, MO"
"313","Harrisburg High School","Cross Country Girls","12","Varsity","9/19","9:00 am","","Missouri Southern Stampede","tournament","https://www.mshsaa.org/MySchool/Schedule.aspx?s=313&alg=12","https://www.mshsaa.org/MySchool/Tournament.aspx?s=313&alg=12&tournament=591297","Joplin, MO"
"522","Helias High School","Cross Country Boys","11","Varsity","9/19","8:00 am","","Smith Cotton Invitational","tournament","https://www.mshsaa.org/MySchool/Schedule.aspx?s=522&alg=11","https://www.mshsaa.org/MySchool/Tournament.aspx?s=522&alg=11&tournament=544811",""
"522","Helias High School","Cross Country Girls","12","Varsity","9/19","8:00 am","","Smith Cotton Invitational","tournament","https://www.mshsaa.org/MySchool/Schedule.aspx?s=522&alg=12","https://www.mshsaa.org/MySchool/Tournament.aspx?s=522&alg=12&tournament=544821",""
"522","Helias High School","Softball Fall Season","38","Varsity","9/19","2:00 pm","","Troy Buchanan","away","https://www.mshsaa.org/MySchool/Schedule.aspx?s=522&alg=38","https://www.mshsaa.org/MySchool/Matchup.aspx?s=522&alg=38&comp=2751355","1190 Old Cap Au Gris Rd, Troy, MO 63379-2300"
"522","Helias High School","Softball Fall Season","38","Varsity","9/19","","","DH Troy, North Point","tournament","https://www.mshsaa.org/MySchool/Schedule.aspx?s=522&alg=38","https://www.mshsaa.org/MySchool/Tournament.aspx?s=522&alg=38&tournament=556403","Troy, MO"
"85","Hickman High School","Cross Country Boys","11","Varsity","9/19","","","The Chris Soleburg Invite","tournament","https://www.mshsaa.org/MySchool/Schedule.aspx?s=85&alg=11","https://www.mshsaa.org/MySchool/Tournament.aspx?s=85&alg=11&tournament=587511",""
"85","Hickman High School","Cross Country Girls","12","Varsity","9/19","","","The Chris Soleburg Invite","tournament","https://www.mshsaa.org/MySchool/Schedule.aspx?s=85&alg=12","https://www.mshsaa.org/MySchool/Tournament.aspx?s=85&alg=12&tournament=587598",""
"85","Hickman High School","Swimming and Diving Boys","44","Varsity","9/19","10:00 am","","NKC Invite Diving","tournament","https://www.mshsaa.org/MySchool/Schedule.aspx?s=85&alg=44","https://www.mshsaa.org/MySchool/Tournament.aspx?s=85&alg=44&tournament=592803",""
"85","Hickman High School","Swimming and Diving Boys","44","Varsity","9/19","1:00 pm","","NKC Invite Finals","tournament","https://www.mshsaa.org/MySchool/Schedule.aspx?s=85&alg=44","https://www.mshsaa.org/MySchool/Tournament.aspx?s=85&alg=44&tournament=592804",""
"85","Hickman High School","Volleyball Girls","57","Varsity","9/19","","","51st Annual Winnetonka Girls' Volleyball Tournament","tournament","https://www.mshsaa.org/MySchool/Schedule.aspx?s=85&alg=57","https://www.mshsaa.org/MySchool/Tournament.aspx?s=85&alg=57&tournament=579354",""
"317","Higbee High School","Cross Country Girls","12","Varsity","9/19","","","New Franklin CC","tournament","https://www.mshsaa.org/MySchool/Schedule.aspx?s=317&alg=12","https://www.mshsaa.org/MySchool/Tournament.aspx?s=317&alg=12&tournament=586429","New Franklin, MO"
"317","Higbee High School","Softball Fall Season","38","Varsity","9/19","","","CLAA Conference Tournament","tournament","https://www.mshsaa.org/MySchool/Schedule.aspx?s=317&alg=38","https://www.mshsaa.org/MySchool/Tournament.aspx?s=317&alg=38&tournament=544590","Brunswick, MO"
"84","Jefferson City High School","Swimming and Diving Boys","44","Varsity","9/19","12:00 pm","","Independence Invitational","tournament","https://www.mshsaa.org/MySchool/Schedule.aspx?s=84&alg=44","https://www.mshsaa.org/MySchool/Tournament.aspx?s=84&alg=44&tournament=593347","Independence, MO"
"360","Marshall High School","Cross Country Boys","11","Varsity","9/19","","","Smith-Cotton Invitational","tournament","https://www.mshsaa.org/MySchool/Schedule.aspx?s=360&alg=11","https://www.mshsaa.org/MySchool/Tournament.aspx?s=360&alg=11&tournament=563992","Sedalia, MO"
"360","Marshall High School","Cross Country Girls","12","Varsity","9/19","","","Smith-Cotton Invitational","tournament","https://www.mshsaa.org/MySchool/Schedule.aspx?s=360&alg=12","https://www.mshsaa.org/MySchool/Tournament.aspx?s=360&alg=12&tournament=584470","Sedalia, MO"
"360","Marshall High School","Softball Fall Season","38","Varsity","9/19","1:00 pm","","Kirksville","home","https://www.mshsaa.org/MySchool/Schedule.aspx?s=360&alg=38","https://www.mshsaa.org/MySchool/Matchup.aspx?s=360&alg=38&comp=2764597","805 S Miami, Marshall, MO 65340-2499"
"360","Marshall High School","Tennis Girls","49","Varsity","9/19","","","Marshall Tournament","tournament","https://www.mshsaa.org/MySchool/Schedule.aspx?s=360&alg=49","https://www.mshsaa.org/MySchool/Tournament.aspx?s=360&alg=49&tournament=554363","Marshall, MO"
"128","Mexico High School","Cross Country Boys","11","Varsity","9/19","","","Fulton Invitational","tournament","https://www.mshsaa.org/MySchool/Schedule.aspx?s=128&alg=11","https://www.mshsaa.org/MySchool/Tournament.aspx?s=128&alg=11&tournament=569371","Fulton, MO"
"128","Mexico High School","Cross Country Girls","12","Varsity","9/19","","","Fulton Invitational","tournament","https://www.mshsaa.org/MySchool/Schedule.aspx?s=128&alg=12","https://www.mshsaa.org/MySchool/Tournament.aspx?s=128&alg=12&tournament=588294","Fulton, MO"
"128","Mexico High School","Tennis Girls","49","Varsity","9/19","","","Osage Tourney","tournament","https://www.mshsaa.org/MySchool/Schedule.aspx?s=128&alg=49","https://www.mshsaa.org/MySchool/Tournament.aspx?s=128&alg=49&tournament=585213","Osage Beach, MO"
"569","Missouri Military Academy","Cross Country Boys","11","Varsity","9/19","","","Fulton Invitational","tournament","https://www.mshsaa.org/MySchool/Schedule.aspx?s=569&alg=11","https://www.mshsaa.org/MySchool/Tournament.aspx?s=569&alg=11&tournament=582756","Fulton, MO"
"132","Moberly High School","Cross Country Boys","11","Varsity","9/19","","","Fulton Invitational","tournament","https://www.mshsaa.org/MySchool/Schedule.aspx?s=132&alg=11","https://www.mshsaa.org/MySchool/Tournament.aspx?s=132&alg=11&tournament=582760","Fulton, MO"
"132","Moberly High School","Cross Country Girls","12","Varsity","9/19","","","Fulton Invitational","tournament","https://www.mshsaa.org/MySchool/Schedule.aspx?s=132&alg=12","https://www.mshsaa.org/MySchool/Tournament.aspx?s=132&alg=12&tournament=585351","Fulton, MO"
"132","Moberly High School","Softball Fall Season","38","Varsity","9/19","","","Cairo SB Tourney","tournament","https://www.mshsaa.org/MySchool/Schedule.aspx?s=132&alg=38","https://www.mshsaa.org/MySchool/Tournament.aspx?s=132&alg=38&tournament=549590","Cairo, MO"
"139","North Callaway High School","Cross Country Boys","11","Varsity","9/19","","","Fulton Invitational","tournament","https://www.mshsaa.org/MySchool/Schedule.aspx?s=139&alg=11","https://www.mshsaa.org/MySchool/Tournament.aspx?s=139&alg=11&tournament=552835",""
"139","North Callaway High School","Cross Country Girls","12","Varsity","9/19","","","Fulton Invitational","tournament","https://www.mshsaa.org/MySchool/Schedule.aspx?s=139&alg=12","https://www.mshsaa.org/MySchool/Tournament.aspx?s=139&alg=12&tournament=552841",""
"139","North Callaway High School","Softball Fall Season","38","Varsity","9/19","","","Cairo SB Tourney","tournament","https://www.mshsaa.org/MySchool/Schedule.aspx?s=139&alg=38","https://www.mshsaa.org/MySchool/Tournament.aspx?s=139&alg=38&tournament=541706","Cairo, MO"
"139","North Callaway High School","Volleyball Girls","57","Varsity","9/19","","","Calvary Lutheran HS Volleyball Tournament","tournament","https://www.mshsaa.org/MySchool/Schedule.aspx?s=139&alg=57","https://www.mshsaa.org/MySchool/Tournament.aspx?s=139&alg=57&tournament=541960","Jefferson City, MO"
"152","Osage High School","Cross Country Boys","11","Varsity","9/19","9:00 am","","Joplin","away","https://www.mshsaa.org/MySchool/Schedule.aspx?s=152&alg=11","https://www.mshsaa.org/MySchool/Matchup.aspx?s=152&alg=11&comp=2741224","2104 Indiana Ave., Joplin, MO 64804-2229"
"152","Osage High School","Cross Country Girls","12","Varsity","9/19","9:00 am","","Joplin","away","https://www.mshsaa.org/MySchool/Schedule.aspx?s=152&alg=12","https://www.mshsaa.org/MySchool/Matchup.aspx?s=152&alg=12&comp=2741224","2104 Indiana Ave., Joplin, MO 64804-2229"
"152","Osage High School","Tennis Girls","49","Varsity","9/19","9:00 am","","Osage Tourney","tournament","https://www.mshsaa.org/MySchool/Schedule.aspx?s=152&alg=49","https://www.mshsaa.org/MySchool/Tournament.aspx?s=152&alg=49&tournament=564930","Osage Beach, MO"
"578","Rock Bridge High School","Soccer Boys","33","Varsity","9/19","4:30 pm","","Lee's Summit West","away","https://www.mshsaa.org/MySchool/Schedule.aspx?s=578&alg=33","https://www.mshsaa.org/MySchool/Matchup.aspx?s=578&alg=33&comp=2776659","Kansas City, MO"
"578","Rock Bridge High School","Softball Fall Season","38","Varsity","9/19","9:00 am","","Belton","home","https://www.mshsaa.org/MySchool/Schedule.aspx?s=578&alg=38","https://www.mshsaa.org/MySchool/Matchup.aspx?s=578&alg=38&comp=2788895","4303 South Providence Road, Columbia, MO 65203"
"578","Rock Bridge High School","Softball Fall Season","38","Varsity","9/19","1:00 pm","","Marquette","home","https://www.mshsaa.org/MySchool/Schedule.aspx?s=578&alg=38","https://www.mshsaa.org/MySchool/Matchup.aspx?s=578&alg=38&comp=2788896","4303 South Providence Road, Columbia, MO 65203"
"578","Rock Bridge High School","Volleyball Girls","57","Varsity","9/19","","","Kickapoo Tournament","tournament","https://www.mshsaa.org/MySchool/Schedule.aspx?s=578&alg=57","https://www.mshsaa.org/MySchool/Tournament.aspx?s=578&alg=57&tournament=579205","Springfield, MO"
"578","Rock Bridge High School","Volleyball Girls","57","Varsity","⤷ 9/19","TBD","","Republic","tournament","https://www.mshsaa.org/MySchool/Schedule.aspx?s=578&alg=57","https://www.mshsaa.org/MySchool/Matchup.aspx?s=578&alg=57&comp=2786423","Springfield, MO"
"578","Rock Bridge High School","Volleyball Girls","57","Varsity","⤷ 9/19","TBD","","Nixa","tournament","https://www.mshsaa.org/MySchool/Schedule.aspx?s=578&alg=57","https://www.mshsaa.org/MySchool/Matchup.aspx?s=578&alg=57&comp=2786424","Springfield, MO"
"578","Rock Bridge High School","Volleyball Girls","57","Varsity","⤷ 9/19","TBD","","Kickapoo","tournament","https://www.mshsaa.org/MySchool/Schedule.aspx?s=578&alg=57","https://www.mshsaa.org/MySchool/Matchup.aspx?s=578&alg=57&comp=2786433","Springfield, MO"
"578","Rock Bridge High School","Volleyball Girls","57","Varsity","⤷ 9/19","TBD","","Ozark","tournament","https://www.mshsaa.org/MySchool/Schedule.aspx?s=578&alg=57","https://www.mshsaa.org/MySchool/Matchup.aspx?s=578&alg=57&comp=2786436","Springfield, MO"
"430","Russellville High School","Cross Country Boys","11","Varsity","9/19","","","South Callaway Invitational","tournament","https://www.mshsaa.org/MySchool/Schedule.aspx?s=430&alg=11","https://www.mshsaa.org/MySchool/Tournament.aspx?s=430&alg=11&tournament=595940","Mokane, MO"
"430","Russellville High School","Cross Country Girls","12","Varsity","9/19","","","South Callaway Invitational","tournament","https://www.mshsaa.org/MySchool/Schedule.aspx?s=430&alg=12","https://www.mshsaa.org/MySchool/Tournament.aspx?s=430&alg=12&tournament=595941","Mokane, MO"
"194","Smith-Cotton High School","Cross Country Boys","11","Varsity","9/19","9:00 am","","Smith-Cotton Invitational","tournament","https://www.mshsaa.org/MySchool/Schedule.aspx?s=194&alg=11","https://www.mshsaa.org/MySchool/Tournament.aspx?s=194&alg=11&tournament=556794","Sedalia, MO"
"194","Smith-Cotton High School","Cross Country Girls","12","Varsity","9/19","9:00 am","","Smith-Cotton Invitational","tournament","https://www.mshsaa.org/MySchool/Schedule.aspx?s=194&alg=12","https://www.mshsaa.org/MySchool/Tournament.aspx?s=194&alg=12&tournament=558625","Sedalia, MO"
"197","South Callaway High School","Cross Country Boys","11","Varsity","9/19","9:00 am","","South Callaway Invitational","tournament","https://www.mshsaa.org/MySchool/Schedule.aspx?s=197&alg=11","https://www.mshsaa.org/MySchool/Tournament.aspx?s=197&alg=11&tournament=595773","Mokane, MO"
"197","South Callaway High School","Cross Country Girls","12","Varsity","9/19","9:00 am","","South Callaway Invitational","tournament","https://www.mshsaa.org/MySchool/Schedule.aspx?s=197&alg=12","https://www.mshsaa.org/MySchool/Tournament.aspx?s=197&alg=12&tournament=595794","Mokane, MO"
"2","Southern Boone High School","Cross Country Boys","11","Varsity","9/19","","","Fulton Invitational","tournament","https://www.mshsaa.org/MySchool/Schedule.aspx?s=2&alg=11","https://www.mshsaa.org/MySchool/Tournament.aspx?s=2&alg=11&tournament=559453","Fulton, MO"
"2","Southern Boone High School","Cross Country Girls","12","Varsity","9/19","","","Fulton Invitational","tournament","https://www.mshsaa.org/MySchool/Schedule.aspx?s=2&alg=12","https://www.mshsaa.org/MySchool/Tournament.aspx?s=2&alg=12&tournament=559461","Fulton, MO"
"2","Southern Boone High School","Volleyball Girls","57","Varsity","9/19","","","West Plains Quad","tournament","https://www.mshsaa.org/MySchool/Schedule.aspx?s=2&alg=57","https://www.mshsaa.org/MySchool/Tournament.aspx?s=2&alg=57&tournament=551761","West Plains, MO"
"474","Tipton High School","Cross Country Boys","11","Varsity","9/19","","","Fulton Invitational","tournament","https://www.mshsaa.org/MySchool/Schedule.aspx?s=474&alg=11","https://www.mshsaa.org/MySchool/Tournament.aspx?s=474&alg=11&tournament=582798","Fulton, MO"
"474","Tipton High School","Volleyball Girls","57","Varsity","9/19","","","2nd Annual Central Missouri Volleyball Invitational","tournament","https://www.mshsaa.org/MySchool/Schedule.aspx?s=474&alg=57","https://www.mshsaa.org/MySchool/Tournament.aspx?s=474&alg=57&tournament=546490","Lone Jack, MO"
"485","Versailles High School","Cross Country Boys","11","Varsity","9/19","","","Smith-Cotton Invitational","tournament","https://www.mshsaa.org/MySchool/Schedule.aspx?s=485&alg=11","https://www.mshsaa.org/MySchool/Tournament.aspx?s=485&alg=11&tournament=565604","Sedalia, MO"
"485","Versailles High School","Cross Country Girls","12","Varsity","9/19","","","Smith-Cotton Invitational","tournament","https://www.mshsaa.org/MySchool/Schedule.aspx?s=485&alg=12","https://www.mshsaa.org/MySchool/Tournament.aspx?s=485&alg=12&tournament=565613","Sedalia, MO"
"953","Battle High School","Softball Fall Season","38","Varsity","9/21","5:00 pm","","Smith-Cotton","home","https://www.mshsaa.org/MySchool/Schedule.aspx?s=953&alg=38","https://www.mshsaa.org/MySchool/Matchup.aspx?s=953&alg=38&comp=2762385","7575 St. Charles Road, Columbia, MO 65202"
"217","Blair Oaks High School","Softball Fall Season","38","Varsity","9/21","5:00 pm","","Iberia","away","https://www.mshsaa.org/MySchool/Schedule.aspx?s=217&alg=38","https://www.mshsaa.org/MySchool/Matchup.aspx?s=217&alg=38&comp=2701223","201 Pemberton Dr., Iberia, MO 65486"
"16","Boonville High School","Soccer Boys","33","Varsity","9/21","6:30 pm","","Southern Boone","home","https://www.mshsaa.org/MySchool/Schedule.aspx?s=16&alg=33","https://www.mshsaa.org/MySchool/Matchup.aspx?s=16&alg=33&comp=2696309","1 Pirate Dr., Boonville, MO 65233-2740"
"16","Boonville High School","Tennis Girls","49","Varsity","9/21","4:30 pm","","Knob Noster","home","https://www.mshsaa.org/MySchool/Schedule.aspx?s=16&alg=49","https://www.mshsaa.org/MySchool/Matchup.aspx?s=16&alg=49&comp=2765960","1 Pirate Dr., Boonville, MO 65233-2740"
"16","Boonville High School","Volleyball Girls","57","Varsity","9/21","6:00 pm","","Eldon","home","https://www.mshsaa.org/MySchool/Schedule.aspx?s=16&alg=57","https://www.mshsaa.org/MySchool/Matchup.aspx?s=16&alg=57&comp=2710327","1 Pirate Dr., Boonville, MO 65233-2740"
"582","California High School","Softball Fall Season","38","Varsity","9/21","5:00 pm","","Fulton","away","https://www.mshsaa.org/MySchool/Schedule.aspx?s=582&alg=38","https://www.mshsaa.org/MySchool/Matchup.aspx?s=582&alg=38&comp=2648465","#1 Hornet Drive, Fulton, MO 65251-2729"
"26","Camdenton High School","Golf Girls","24","Varsity","9/21","","","Jefferson City Jays Invitational","tournament","https://www.mshsaa.org/MySchool/Schedule.aspx?s=26&alg=24","https://www.mshsaa.org/MySchool/Tournament.aspx?s=26&alg=24&tournament=568365","Jefferson City, MO"
"26","Camdenton High School","Softball Fall Season","38","Varsity","9/21","5:00 pm","","Helias Catholic","away","https://www.mshsaa.org/MySchool/Schedule.aspx?s=26&alg=38","https://www.mshsaa.org/MySchool/Matchup.aspx?s=26&alg=38&comp=2650267","1305 Swifts Hwy, Jefferson City, MO 65109-2595"
"26","Camdenton High School","Tennis Girls","49","Varsity","9/21","4:00 pm","","Osage","away","https://www.mshsaa.org/MySchool/Schedule.aspx?s=26&alg=49","https://www.mshsaa.org/MySchool/Matchup.aspx?s=26&alg=49&comp=2742712","636 Hwy 42, Osage Beach, MO 65065-5301"
"26","Camdenton High School","Volleyball Girls","57","Varsity","9/21","6:30 pm","","Helias Catholic","away","https://www.mshsaa.org/MySchool/Schedule.aspx?s=26&alg=57","https://www.mshsaa.org/MySchool/Matchup.aspx?s=26&alg=57&comp=2727914","1305 Swifts Hwy, Jefferson City, MO 65109-2595"
"1540","Capital City High School","Volleyball Girls","57","Varsity","9/21","6:30 pm","","Licking","home","https://www.mshsaa.org/MySchool/Schedule.aspx?s=1540&alg=57","https://www.mshsaa.org/MySchool/Matchup.aspx?s=1540&alg=57&comp=2711044","1650 Cavalier Drive, Jefferson City, MO 65109"
"53","Centralia High School","Golf Girls","24","Varsity","9/21","4:00 pm","","Centralia 6: Kirksville, La Plata, Macon, Columbia Independent, North Shelby","tournament","https://www.mshsaa.org/MySchool/Schedule.aspx?s=53&alg=24","https://www.mshsaa.org/MySchool/Tournament.aspx?s=53&alg=24&tournament=552258","Centralia, MO"
"53","Centralia High School","Golf Girls","24","Varsity","⤷ 9/21","TBD","","Kirksville","tournament","https://www.mshsaa.org/MySchool/Schedule.aspx?s=53&alg=24","https://www.mshsaa.org/MySchool/Matchup.aspx?s=53&alg=24&comp=2655422","849 S Jefferson St, Centralia, MO 65240-1605"
"53","Centralia High School","Golf Girls","24","Varsity","⤷ 9/21","TBD","","La Plata","tournament","https://www.mshsaa.org/MySchool/Schedule.aspx?s=53&alg=24","https://www.mshsaa.org/MySchool/Matchup.aspx?s=53&alg=24&comp=2655423","849 S Jefferson St, Centralia, MO 65240-1605"
"53","Centralia High School","Golf Girls","24","Varsity","⤷ 9/21","TBD","","Macon","tournament","https://www.mshsaa.org/MySchool/Schedule.aspx?s=53&alg=24","https://www.mshsaa.org/MySchool/Matchup.aspx?s=53&alg=24&comp=2655424","849 S Jefferson St, Centralia, MO 65240-1605"
"53","Centralia High School","Softball Fall Season","38","Varsity","9/21","5:00 pm","","Monroe City","home","https://www.mshsaa.org/MySchool/Schedule.aspx?s=53&alg=38","https://www.mshsaa.org/MySchool/Matchup.aspx?s=53&alg=38&comp=2655435","849 S Jefferson St, Centralia, MO 65240-1605"
"53","Centralia High School","Volleyball Girls","57","Varsity","9/21","6:00 pm","","North Callaway","home","https://www.mshsaa.org/MySchool/Schedule.aspx?s=53&alg=57","https://www.mshsaa.org/MySchool/Matchup.aspx?s=53&alg=57&comp=2655583","849 S Jefferson St, Centralia, MO 65240-1605"
"1099","Christian Fellowship","Soccer Boys","33","Varsity","9/21","5:00 pm","","Fulton","home","https://www.mshsaa.org/MySchool/Schedule.aspx?s=1099&alg=33","https://www.mshsaa.org/MySchool/Matchup.aspx?s=1099&alg=33&comp=2722346","4600 Christian Fellowship Rd, Columbia, MO 65203"
"1099","Christian Fellowship","Softball Fall Season","38","Varsity","9/21","5:00 pm","","Father Tolton","away","https://www.mshsaa.org/MySchool/Schedule.aspx?s=1099&alg=38","https://www.mshsaa.org/MySchool/Matchup.aspx?s=1099&alg=38&comp=2721768","3351 E Gans Road, Columbia, MO 65201"
"566","Columbia Independent","Golf Girls","24","Varsity","9/21","","","Centralia 6: Kirksville, La Plata, Macon, Columbia Independent, North Shelby","tournament","https://www.mshsaa.org/MySchool/Schedule.aspx?s=566&alg=24","https://www.mshsaa.org/MySchool/Tournament.aspx?s=566&alg=24&tournament=557993","Centralia, MO"
"566","Columbia Independent","Volleyball Girls","57","Varsity","9/21","6:00 pm","","Russellville","home","https://www.mshsaa.org/MySchool/Schedule.aspx?s=566&alg=57","https://www.mshsaa.org/MySchool/Matchup.aspx?s=566&alg=57&comp=2696511","1801 North Stadium Boulevard, Columbia, MO 65202"
"278","Eldon High School","Volleyball Girls","57","Varsity","9/21","7:00 pm","","Boonville","away","https://www.mshsaa.org/MySchool/Schedule.aspx?s=278&alg=57","https://www.mshsaa.org/MySchool/Matchup.aspx?s=278&alg=57&comp=2623025","1 Pirate Dr., Boonville, MO 65233-2740"
"917","Father Tolton","Softball Fall Season","38","Varsity","9/21","5:00 pm","","Hallsville with Christian Fellowship Sr.","home","https://www.mshsaa.org/MySchool/Schedule.aspx?s=917&alg=38","https://www.mshsaa.org/MySchool/Matchup.aspx?s=917&alg=38&comp=2695763","3351 E Gans Road, Columbia, MO 65201"
"917","Father Tolton","Tennis Girls","49","Varsity","9/21","","","St. Michael's Varsity Doubles Tournament","tournament","https://www.mshsaa.org/MySchool/Schedule.aspx?s=917&alg=49","https://www.mshsaa.org/MySchool/Tournament.aspx?s=917&alg=49&tournament=588895","Lee Summit, MO"
"917","Father Tolton","Volleyball Girls","57","Varsity","9/21","6:00 pm","","St. Francis Borgia","away","https://www.mshsaa.org/MySchool/Schedule.aspx?s=917&alg=57","https://www.mshsaa.org/MySchool/Matchup.aspx?s=917&alg=57&comp=2695470","1000 Borgia Dr, Washington, MO 63090-4112"
"294","Fayette High School","Softball Fall Season","38","Varsity","9/21","5:00 pm","","Eugene","away","https://www.mshsaa.org/MySchool/Schedule.aspx?s=294&alg=38","https://www.mshsaa.org/MySchool/Matchup.aspx?s=294&alg=38&comp=2635050","14803 Hwy 17, Eugene, MO 65032"
"80","Fulton High School","Golf Girls","24","Varsity","9/21","4:00 pm","","Fulton Quad","tournament","https://www.mshsaa.org/MySchool/Schedule.aspx?s=80&alg=24","https://www.mshsaa.org/MySchool/Tournament.aspx?s=80&alg=24&tournament=579522","Fulton, MO"
"80","Fulton High School","Soccer Boys","33","Varsity","9/21","5:00 pm","","Christian Fellowship Sr. with Hallsville","away","https://www.mshsaa.org/MySchool/Schedule.aspx?s=80&alg=33","https://www.mshsaa.org/MySchool/Matchup.aspx?s=80&alg=33&comp=2647569","4600 Christian Fellowship Rd, Columbia, MO 65203"
"80","Fulton High School","Softball Fall Season","38","Varsity","9/21","5:00 pm","","California","home","https://www.mshsaa.org/MySchool/Schedule.aspx?s=80&alg=38","https://www.mshsaa.org/MySchool/Matchup.aspx?s=80&alg=38&comp=2648451","#1 Hornet Drive, Fulton, MO 65251-2729"
"80","Fulton High School","Volleyball Girls","57","Varsity","9/21","6:30 pm","","Mexico","home","https://www.mshsaa.org/MySchool/Schedule.aspx?s=80&alg=57","https://www.mshsaa.org/MySchool/Matchup.aspx?s=80&alg=57&comp=2642115","#1 Hornet Drive, Fulton, MO 65251-2729"
"302","Glasgow High School","Softball Fall Season","38","Varsity","9/21","5:00 pm","","Paris","home","https://www.mshsaa.org/MySchool/Schedule.aspx?s=302&alg=38","https://www.mshsaa.org/MySchool/Matchup.aspx?s=302&alg=38&comp=2737354","860 Randolph St, Glasgow, MO 65254-1299"
"311","Hallsville High School","Soccer Boys","33","Varsity","9/21","5:00 pm","","Fulton","home","https://www.mshsaa.org/MySchool/Schedule.aspx?s=311&alg=33","https://www.mshsaa.org/MySchool/Matchup.aspx?s=311&alg=33&comp=2722346","4600 Christian Fellowship Rd, Columbia, MO 65203"
"311","Hallsville High School","Softball Fall Season","38","Varsity","9/21","5:00 pm","","Father Tolton","away","https://www.mshsaa.org/MySchool/Schedule.aspx?s=311&alg=38","https://www.mshsaa.org/MySchool/Matchup.aspx?s=311&alg=38&comp=2721768","3351 E Gans Road, Columbia, MO 65201"
"313","Harrisburg High School","Softball Fall Season","38","Varsity","9/21","5:00 pm","","South Callaway","away","https://www.mshsaa.org/MySchool/Schedule.aspx?s=313&alg=38","https://www.mshsaa.org/MySchool/Matchup.aspx?s=313&alg=38&comp=2649306","10135 State Rd C, Mokane, MO 65059-0038"
"522","Helias High School","Softball Fall Season","38","Varsity","9/21","5:00 pm","","Camdenton","home","https://www.mshsaa.org/MySchool/Schedule.aspx?s=522&alg=38","https://www.mshsaa.org/MySchool/Matchup.aspx?s=522&alg=38&comp=2641007","1305 Swifts Hwy, Jefferson City, MO 65109-2595"
"522","Helias High School","Tennis Girls","49","Varsity","9/21","8:30 am","","All Catholic","tournament","https://www.mshsaa.org/MySchool/Schedule.aspx?s=522&alg=49","https://www.mshsaa.org/MySchool/Tournament.aspx?s=522&alg=49&tournament=544828","Lee Summit, MO"
"522","Helias High School","Volleyball Girls","57","Varsity","9/21","6:30 pm","","Camdenton","home","https://www.mshsaa.org/MySchool/Schedule.aspx?s=522&alg=57","https://www.mshsaa.org/MySchool/Matchup.aspx?s=522&alg=57&comp=2640983","1305 Swifts Hwy, Jefferson City, MO 65109-2595"
"85","Hickman High School","Tennis Girls","49","Varsity","9/21","4:30 pm","","Kirksville","home","https://www.mshsaa.org/MySchool/Schedule.aspx?s=85&alg=49","https://www.mshsaa.org/MySchool/Matchup.aspx?s=85&alg=49&comp=2712425","1104 N Providence Rd, Columbia, MO 65203-4398"
"317","Higbee High School","Baseball Fall Season","66","Varsity","9/21","5:00 pm","","Calvary Lutheran","away","https://www.mshsaa.org/MySchool/Schedule.aspx?s=317&alg=66","https://www.mshsaa.org/MySchool/Matchup.aspx?s=317&alg=66&comp=2626885","2525 Route B, Jefferson City, MO 65101-8902"
"84","Jefferson City High School","Soccer Boys","33","Varsity","9/21","6:45 pm","","Osage","away","https://www.mshsaa.org/MySchool/Schedule.aspx?s=84&alg=33","https://www.mshsaa.org/MySchool/Matchup.aspx?s=84&alg=33&comp=2764546","636 Hwy 42, Osage Beach, MO 65065-5301"
"84","Jefferson City High School","Tennis Girls","49","Varsity","9/21","2:45 pm","","Smith-Cotton","away","https://www.mshsaa.org/MySchool/Schedule.aspx?s=84&alg=49","https://www.mshsaa.org/MySchool/Matchup.aspx?s=84&alg=49&comp=2791291","Jefferson City, MO"
"84","Jefferson City High School","Volleyball Girls","57","Varsity","9/21","6:30 pm","","Incarnate Word Academy","away","https://www.mshsaa.org/MySchool/Schedule.aspx?s=84&alg=57","https://www.mshsaa.org/MySchool/Matchup.aspx?s=84&alg=57&comp=2699072","2788 Normandy Dr, St. Louis, MO 63121-4798"
"360","Marshall High School","Softball Fall Season","38","Varsity","9/21","5:00 pm","","Mexico","away","https://www.mshsaa.org/MySchool/Schedule.aspx?s=360&alg=38","https://www.mshsaa.org/MySchool/Matchup.aspx?s=360&alg=38&comp=2650341","639 N Wade, Mexico, MO 65265-1899"
"360","Marshall High School","Tennis Girls","49","Varsity","9/21","4:30 pm","","Lafayette County","away","https://www.mshsaa.org/MySchool/Schedule.aspx?s=360&alg=49","https://www.mshsaa.org/MySchool/Matchup.aspx?s=360&alg=49&comp=2661601","807A W 31st St, Higginsville, MO 64037-2550"
"360","Marshall High School","Volleyball Girls","57","Varsity","9/21","7:00 pm","","Smith-Cotton","away","https://www.mshsaa.org/MySchool/Schedule.aspx?s=360&alg=57","https://www.mshsaa.org/MySchool/Matchup.aspx?s=360&alg=57&comp=2643535","2010 Tiger Pride Blvd, Sedalia, MO 65301-8503"
"128","Mexico High School","Golf Girls","24","Varsity","9/21","4:00 pm","","Moberly","home","https://www.mshsaa.org/MySchool/Schedule.aspx?s=128&alg=24","https://www.mshsaa.org/MySchool/Matchup.aspx?s=128&alg=24&comp=2761732","639 N Wade, Mexico, MO 65265-1899"
"128","Mexico High School","Softball Fall Season","38","Varsity","9/21","5:00 pm","","Marshall","home","https://www.mshsaa.org/MySchool/Schedule.aspx?s=128&alg=38","https://www.mshsaa.org/MySchool/Matchup.aspx?s=128&alg=38&comp=2663200","639 N Wade, Mexico, MO 65265-1899"
"128","Mexico High School","Volleyball Girls","57","Varsity","9/21","6:30 pm","","Fulton","away","https://www.mshsaa.org/MySchool/Schedule.aspx?s=128&alg=57","https://www.mshsaa.org/MySchool/Matchup.aspx?s=128&alg=57&comp=2652133","#1 Hornet Drive, Fulton, MO 65251-2729"
"132","Moberly High School","Golf Girls","24","Varsity","9/21","4:00 pm","","Mexico","away","https://www.mshsaa.org/MySchool/Schedule.aspx?s=132&alg=24","https://www.mshsaa.org/MySchool/Matchup.aspx?s=132&alg=24&comp=2766918","639 N Wade, Mexico, MO 65265-1899"
"132","Moberly High School","Softball Fall Season","38","Varsity","9/21","5:00 pm","","Chillicothe","home","https://www.mshsaa.org/MySchool/Schedule.aspx?s=132&alg=38","https://www.mshsaa.org/MySchool/Matchup.aspx?s=132&alg=38&comp=2756843","1625 Gratz Brown Street, Moberly, MO 65270"
"139","North Callaway High School","Volleyball Girls","57","Varsity","9/21","6:00 pm","","Centralia","away","https://www.mshsaa.org/MySchool/Schedule.aspx?s=139&alg=57","https://www.mshsaa.org/MySchool/Matchup.aspx?s=139&alg=57&comp=2615038","849 S Jefferson St, Centralia, MO 65240-1605"
"152","Osage High School","Soccer Boys","33","Varsity","9/21","6:45 pm","","Jefferson City","home","https://www.mshsaa.org/MySchool/Schedule.aspx?s=152&alg=33","https://www.mshsaa.org/MySchool/Matchup.aspx?s=152&alg=33&comp=2756247","636 Hwy 42, Osage Beach, MO 65065-5301"
"152","Osage High School","Softball Fall Season","38","Varsity","9/21","5:00 pm","","Russellville","away","https://www.mshsaa.org/MySchool/Schedule.aspx?s=152&alg=38","https://www.mshsaa.org/MySchool/Matchup.aspx?s=152&alg=38&comp=2657248","13600 Rte C, Russellville, MO 65074"
"152","Osage High School","Tennis Girls","49","Varsity","9/21","4:00 pm","","Camdenton","home","https://www.mshsaa.org/MySchool/Schedule.aspx?s=152&alg=49","https://www.mshsaa.org/MySchool/Matchup.aspx?s=152&alg=49&comp=2697354","636 Hwy 42, Osage Beach, MO 65065-5301"
"152","Osage High School","Volleyball Girls","57","Varsity","9/21","7:30 pm","","Buffalo","away","https://www.mshsaa.org/MySchool/Schedule.aspx?s=152&alg=57","https://www.mshsaa.org/MySchool/Matchup.aspx?s=152&alg=57&comp=2654123","500 W Main, Buffalo, MO 65622-7565"
"430","Russellville High School","Softball Fall Season","38","Varsity","9/21","5:00 pm","","Osage","home","https://www.mshsaa.org/MySchool/Schedule.aspx?s=430&alg=38","https://www.mshsaa.org/MySchool/Matchup.aspx?s=430&alg=38&comp=2616305","13600 Rte C, Russellville, MO 65074"
"430","Russellville High School","Volleyball Girls","57","Varsity","9/21","6:00 pm","","Columbia Independent","away","https://www.mshsaa.org/MySchool/Schedule.aspx?s=430&alg=57","https://www.mshsaa.org/MySchool/Matchup.aspx?s=430&alg=57&comp=2612884","1801 North Stadium Boulevard, Columbia, MO 65202"
"431","Salisbury High School","Softball Fall Season","38","Varsity","9/21","5:00 pm","","Marceline","home","https://www.mshsaa.org/MySchool/Schedule.aspx?s=431&alg=38","https://www.mshsaa.org/MySchool/Matchup.aspx?s=431&alg=38&comp=2632150","1000 S Maple Ave, Salisbury, MO 65281"
"194","Smith-Cotton High School","Golf Girls","24","Varsity","9/21","","","Lady Jays Invitational","tournament","https://www.mshsaa.org/MySchool/Schedule.aspx?s=194&alg=24","https://www.mshsaa.org/MySchool/Tournament.aspx?s=194&alg=24&tournament=557515","Jeff City, MO"
"194","Smith-Cotton High School","Softball Fall Season","38","Varsity","9/21","5:00 pm","","Battle","away","https://www.mshsaa.org/MySchool/Schedule.aspx?s=194&alg=38","https://www.mshsaa.org/MySchool/Matchup.aspx?s=194&alg=38&comp=2657347","7575 St. Charles Road, Columbia, MO 65202"
"194","Smith-Cotton High School","Tennis Girls","49","Varsity","9/21","1:00 pm","","Jefferson City","away","https://www.mshsaa.org/MySchool/Schedule.aspx?s=194&alg=49","https://www.mshsaa.org/MySchool/Matchup.aspx?s=194&alg=49&comp=2794312","Jefferson City, MO"
"194","Smith-Cotton High School","Tennis Girls","49","Varsity","9/21","4:30 pm","","Capital City","away","https://www.mshsaa.org/MySchool/Schedule.aspx?s=194&alg=49","https://www.mshsaa.org/MySchool/Matchup.aspx?s=194&alg=49&comp=2794313","1650 Cavalier Drive, Jefferson City, MO 65109"
"194","Smith-Cotton High School","Volleyball Girls","57","Varsity","9/21","7:00 pm","","Marshall","home","https://www.mshsaa.org/MySchool/Schedule.aspx?s=194&alg=57","https://www.mshsaa.org/MySchool/Matchup.aspx?s=194&alg=57&comp=2643402","2010 Tiger Pride Blvd, Sedalia, MO 65301-8503"
"197","South Callaway High School","Golf Girls","24","Varsity","9/21","","","Fulton Quad","tournament","https://www.mshsaa.org/MySchool/Schedule.aspx?s=197&alg=24","https://www.mshsaa.org/MySchool/Tournament.aspx?s=197&alg=24&tournament=595865","Fulton, MO"
"197","South Callaway High School","Softball Fall Season","38","Varsity","9/21","5:00 pm","","Harrisburg","home","https://www.mshsaa.org/MySchool/Schedule.aspx?s=197&alg=38","https://www.mshsaa.org/MySchool/Matchup.aspx?s=197&alg=38&comp=2724561","10135 State Rd C, Mokane, MO 65059-0038"
"2","Southern Boone High School","Soccer Boys","33","Varsity","9/21","6:30 pm","","Boonville","away","https://www.mshsaa.org/MySchool/Schedule.aspx?s=2&alg=33","https://www.mshsaa.org/MySchool/Matchup.aspx?s=2&alg=33&comp=2632893","1 Pirate Dr., Boonville, MO 65233-2740"
"474","Tipton High School","Volleyball Girls","57","Varsity","9/21","7:00 pm","","Windsor","home","https://www.mshsaa.org/MySchool/Schedule.aspx?s=474&alg=57","https://www.mshsaa.org/MySchool/Matchup.aspx?s=474&alg=57&comp=2635297","334 US Hwy 50 West, Tipton, MO 65081-8606"
"485","Versailles High School","Golf Girls","24","Varsity","9/21","4:00 pm","","Versailles Tri","tournament","https://www.mshsaa.org/MySchool/Schedule.aspx?s=485&alg=24","https://www.mshsaa.org/MySchool/Tournament.aspx?s=485&alg=24&tournament=545179","Versailles, MO"
"485","Versailles High School","Volleyball Girls","57","Varsity","9/21","6:30 pm","","Cole Camp","home","https://www.mshsaa.org/MySchool/Schedule.aspx?s=485&alg=57","https://www.mshsaa.org/MySchool/Matchup.aspx?s=485&alg=57&comp=2630575","913 W Newton, Versailles, MO 65084-1811"
"953","Battle High School","Soccer Boys","33","Varsity","9/22","6:45 pm","","Capital City","home","https://www.mshsaa.org/MySchool/Schedule.aspx?s=953&alg=33","https://www.mshsaa.org/MySchool/Matchup.aspx?s=953&alg=33&comp=2766225","7575 St. Charles Road, Columbia, MO 65202"
"953","Battle High School","Softball Fall Season","38","Varsity","9/22","5:00 pm","","Boonville","away","https://www.mshsaa.org/MySchool/Schedule.aspx?s=953&alg=38","https://www.mshsaa.org/MySchool/Matchup.aspx?s=953&alg=38&comp=2762432","1 Pirate Dr., Boonville, MO 65233-2740"
"953","Battle High School","Tennis Girls","49","Varsity","9/22","4:30 pm","","Jefferson City","home","https://www.mshsaa.org/MySchool/Schedule.aspx?s=953&alg=49","https://www.mshsaa.org/MySchool/Matchup.aspx?s=953&alg=49&comp=2766956","7575 St. Charles Road, Columbia, MO 65202"
"953","Battle High School","Volleyball Girls","57","Varsity","9/22","7:00 pm","","Jefferson City","away","https://www.mshsaa.org/MySchool/Schedule.aspx?s=953&alg=57","https://www.mshsaa.org/MySchool/Matchup.aspx?s=953&alg=57&comp=2762758","609 Union St, Jefferson City, MO 65101-2898"
"217","Blair Oaks High School","Golf Girls","24","Varsity","9/22","","","California Girls Invitational Golf Tournament","tournament","https://www.mshsaa.org/MySchool/Schedule.aspx?s=217&alg=24","https://www.mshsaa.org/MySchool/Tournament.aspx?s=217&alg=24&tournament=554404","California, MO"
"217","Blair Oaks High School","Softball Fall Season","38","Varsity","9/22","5:00 pm","","Osage","away","https://www.mshsaa.org/MySchool/Schedule.aspx?s=217&alg=38","https://www.mshsaa.org/MySchool/Matchup.aspx?s=217&alg=38&comp=2632324","636 Hwy 42, Osage Beach, MO 65065-5301"
"16","Boonville High School","Cross Country Boys","11","Varsity","9/22","","","Boonville Meet","tournament","https://www.mshsaa.org/MySchool/Schedule.aspx?s=16&alg=11","https://www.mshsaa.org/MySchool/Tournament.aspx?s=16&alg=11&tournament=590541","Boonville, MO"
"16","Boonville High School","Cross Country Girls","12","Varsity","9/22","","","Boonville Meet","tournament","https://www.mshsaa.org/MySchool/Schedule.aspx?s=16&alg=12","https://www.mshsaa.org/MySchool/Tournament.aspx?s=16&alg=12&tournament=590543","Boonville, MO"
"16","Boonville High School","Golf Girls","24","Varsity","9/22","","","California Girls Invitational Golf Tournament","tournament","https://www.mshsaa.org/MySchool/Schedule.aspx?s=16&alg=24","https://www.mshsaa.org/MySchool/Tournament.aspx?s=16&alg=24&tournament=554216","California, MO"
"16","Boonville High School","Softball Fall Season","38","Varsity","9/22","5:00 pm","","Battle","home","https://www.mshsaa.org/MySchool/Schedule.aspx?s=16&alg=38","https://www.mshsaa.org/MySchool/Matchup.aspx?s=16&alg=38&comp=2762835","1 Pirate Dr., Boonville, MO 65233-2740"
"16","Boonville High School","Tennis Girls","49","Varsity","9/22","4:30 pm","","Moberly","home","https://www.mshsaa.org/MySchool/Schedule.aspx?s=16&alg=49","https://www.mshsaa.org/MySchool/Matchup.aspx?s=16&alg=49&comp=2767414","1 Pirate Dr., Boonville, MO 65233-2740"
"16","Boonville High School","Volleyball Girls","57","Varsity","9/22","6:30 pm","","Fatima","away","https://www.mshsaa.org/MySchool/Schedule.aspx?s=16&alg=57","https://www.mshsaa.org/MySchool/Matchup.aspx?s=16&alg=57&comp=2658762","143 E. Main, Westphalia, MO 65085"
"582","California High School","Cross Country Boys","11","Varsity","9/22","","","Boonville Meet","tournament","https://www.mshsaa.org/MySchool/Schedule.aspx?s=582&alg=11","https://www.mshsaa.org/MySchool/Tournament.aspx?s=582&alg=11&tournament=592057","Boonville, MO"
"582","California High School","Golf Girls","24","Varsity","9/22","","","California Girls Invitational Golf Tournament","tournament","https://www.mshsaa.org/MySchool/Schedule.aspx?s=582&alg=24","https://www.mshsaa.org/MySchool/Tournament.aspx?s=582&alg=24&tournament=547323","California, MO"
"582","California High School","Softball Fall Season","38","Varsity","9/22","5:00 pm","","North Callaway","away","https://www.mshsaa.org/MySchool/Schedule.aspx?s=582&alg=38","https://www.mshsaa.org/MySchool/Matchup.aspx?s=582&alg=38&comp=2618138","2700 Thunderbird Dr, Kingdom City, MO 65262-1817"
"582","California High School","Volleyball Girls","57","Varsity","9/22","6:00 pm","","Tipton","away","https://www.mshsaa.org/MySchool/Schedule.aspx?s=582&alg=57","https://www.mshsaa.org/MySchool/Matchup.aspx?s=582&alg=57&comp=2618096","334 US Hwy 50 West, Tipton, MO 65081-8606"
"26","Camdenton High School","Soccer Boys","33","Varsity","9/22","6:30 pm","","Smith-Cotton","home","https://www.mshsaa.org/MySchool/Schedule.aspx?s=26&alg=33","https://www.mshsaa.org/MySchool/Matchup.aspx?s=26&alg=33&comp=2742693","662 Laker Pride Road, Camdenton, MO 65020-1409"
"26","Camdenton High School","Volleyball Girls","57","Varsity","9/22","7:30 pm","","Hickman","home","https://www.mshsaa.org/MySchool/Schedule.aspx?s=26&alg=57","https://www.mshsaa.org/MySchool/Matchup.aspx?s=26&alg=57&comp=2742765","662 Laker Pride Road, Camdenton, MO 65020-1409"
"1540","Capital City High School","Soccer Boys","33","Varsity","9/22","6:45 pm","","Battle with Columbia Independent","away","https://www.mshsaa.org/MySchool/Schedule.aspx?s=1540&alg=33","https://www.mshsaa.org/MySchool/Matchup.aspx?s=1540&alg=33&comp=2662533","7575 St. Charles Road, Columbia, MO 65202"
"1540","Capital City High School","Tennis Girls","49","Varsity","9/22","2:00 pm","","Fulton","home","https://www.mshsaa.org/MySchool/Schedule.aspx?s=1540&alg=49","https://www.mshsaa.org/MySchool/Matchup.aspx?s=1540&alg=49&comp=2621726","1650 Cavalier Drive, Jefferson City, MO 65109"
"53","Centralia High School","Golf Girls","24","Varsity","9/22","","","Lady Bulldog Scramble","tournament","https://www.mshsaa.org/MySchool/Schedule.aspx?s=53&alg=24","https://www.mshsaa.org/MySchool/Tournament.aspx?s=53&alg=24&tournament=552259","Harrisburg, MO"
"53","Centralia High School","Softball Fall Season","38","Varsity","9/22","6:30 pm","","Fatima","home","https://www.mshsaa.org/MySchool/Schedule.aspx?s=53&alg=38","https://www.mshsaa.org/MySchool/Matchup.aspx?s=53&alg=38&comp=2655436","849 S Jefferson St, Centralia, MO 65240-1605"
"53","Centralia High School","Volleyball Girls","57","Varsity","9/22","6:00 pm","","Bowling Green","away","https://www.mshsaa.org/MySchool/Schedule.aspx?s=53&alg=57","https://www.mshsaa.org/MySchool/Matchup.aspx?s=53&alg=57&comp=2606180","700 W Adams Street, Bowling Green, MO 63334-2033"
"1099","Christian Fellowship","Swimming and Diving Boys","44","Varsity","9/22","","","MMA Tri-Meet","tournament","https://www.mshsaa.org/MySchool/Schedule.aspx?s=1099&alg=44","https://www.mshsaa.org/MySchool/Tournament.aspx?s=1099&alg=44&tournament=594245",""
"1099","Christian Fellowship","Volleyball Girls","57","Varsity","9/22","6:00 pm","","Bunceton","home","https://www.mshsaa.org/MySchool/Schedule.aspx?s=1099&alg=57","https://www.mshsaa.org/MySchool/Matchup.aspx?s=1099&alg=57&comp=2734346","4600 Christian Fellowship Rd, Columbia, MO 65203"
"566","Columbia Independent","Cross Country Boys","11","Varsity","9/22","","","Boonville Invitational","tournament","https://www.mshsaa.org/MySchool/Schedule.aspx?s=566&alg=11","https://www.mshsaa.org/MySchool/Tournament.aspx?s=566&alg=11&tournament=594221",""
"566","Columbia Independent","Cross Country Girls","12","Varsity","9/22","","","Boonville Invitational","tournament","https://www.mshsaa.org/MySchool/Schedule.aspx?s=566&alg=12","https://www.mshsaa.org/MySchool/Tournament.aspx?s=566&alg=12&tournament=594227",""
"566","Columbia Independent","Golf Girls","24","Varsity","9/22","","","Lady Bulldog Scramble","tournament","https://www.mshsaa.org/MySchool/Schedule.aspx?s=566&alg=24","https://www.mshsaa.org/MySchool/Tournament.aspx?s=566&alg=24&tournament=545841","Harrisburg, MO"
"566","Columbia Independent","Soccer Boys","33","Varsity","9/22","6:45 pm","","Capital City","home","https://www.mshsaa.org/MySchool/Schedule.aspx?s=566&alg=33","https://www.mshsaa.org/MySchool/Matchup.aspx?s=566&alg=33&comp=2766225","7575 St. Charles Road, Columbia, MO 65202"
"566","Columbia Independent","Swimming and Diving Boys","44","Varsity","9/22","","","MMA Tri-Meet","tournament","https://www.mshsaa.org/MySchool/Schedule.aspx?s=566&alg=44","https://www.mshsaa.org/MySchool/Tournament.aspx?s=566&alg=44&tournament=594245",""
"278","Eldon High School","Cross Country Girls","12","Varsity","9/22","","","Boonville Meet","tournament","https://www.mshsaa.org/MySchool/Schedule.aspx?s=278&alg=12","https://www.mshsaa.org/MySchool/Tournament.aspx?s=278&alg=12&tournament=544992","Boonville, MO"
"278","Eldon High School","Golf Girls","24","Varsity","9/22","4:00 pm","","Sacred Heart","home","https://www.mshsaa.org/MySchool/Schedule.aspx?s=278&alg=24","https://www.mshsaa.org/MySchool/Matchup.aspx?s=278&alg=24&comp=2628656","35 Golf Course Rd., Eldon, MO 65026"
"278","Eldon High School","Softball Fall Season","38","Varsity","9/22","5:00 pm","","Jamestown","home","https://www.mshsaa.org/MySchool/Schedule.aspx?s=278&alg=38","https://www.mshsaa.org/MySchool/Matchup.aspx?s=278&alg=38&comp=2628678","112 S Pine St, Eldon, MO 65026-1594"
"917","Father Tolton","Cross Country Boys","11","Varsity","9/22","","","Boonville Meet","tournament","https://www.mshsaa.org/MySchool/Schedule.aspx?s=917&alg=11","https://www.mshsaa.org/MySchool/Tournament.aspx?s=917&alg=11&tournament=589897","Boonville, MO"
"917","Father Tolton","Cross Country Girls","12","Varsity","9/22","","","Boonville Meet","tournament","https://www.mshsaa.org/MySchool/Schedule.aspx?s=917&alg=12","https://www.mshsaa.org/MySchool/Tournament.aspx?s=917&alg=12&tournament=589949","Boonville, MO"
"917","Father Tolton","Golf Girls","24","Varsity","9/22","","","Kirksville Tournament","tournament","https://www.mshsaa.org/MySchool/Schedule.aspx?s=917&alg=24","https://www.mshsaa.org/MySchool/Tournament.aspx?s=917&alg=24&tournament=592521","Kirksville, MO"
"917","Father Tolton","Soccer Boys","33","Varsity","9/22","6:30 pm","","Kirksville","away","https://www.mshsaa.org/MySchool/Schedule.aspx?s=917&alg=33","https://www.mshsaa.org/MySchool/Matchup.aspx?s=917&alg=33&comp=2686791","1300 S Cottage Grove, Kirksville, MO 63501-3998"
"917","Father Tolton","Volleyball Girls","57","Varsity","9/22","6:30 pm","","Montgomery County","home","https://www.mshsaa.org/MySchool/Schedule.aspx?s=917&alg=57","https://www.mshsaa.org/MySchool/Matchup.aspx?s=917&alg=57&comp=2695472","3351 E Gans Road, Columbia, MO 65201"
"294","Fayette High School","Cross Country Boys","11","Varsity","9/22","","","Boonville Meet","tournament","https://www.mshsaa.org/MySchool/Schedule.aspx?s=294&alg=11","https://www.mshsaa.org/MySchool/Tournament.aspx?s=294&alg=11&tournament=592235","Boonville, MO"
"294","Fayette High School","Golf Girls","24","Varsity","9/22","","","Lady Bulldog Scramble","tournament","https://www.mshsaa.org/MySchool/Schedule.aspx?s=294&alg=24","https://www.mshsaa.org/MySchool/Tournament.aspx?s=294&alg=24&tournament=572303","Harrisburg, MO"
"80","Fulton High School","Golf Girls","24","Varsity","9/22","","","California Girls Invitational Golf Tournament","tournament","https://www.mshsaa.org/MySchool/Schedule.aspx?s=80&alg=24","https://www.mshsaa.org/MySchool/Tournament.aspx?s=80&alg=24&tournament=556055","California, MO"
"80","Fulton High School","Tennis Girls","49","Varsity","9/22","2:00 pm","","Capital City","away","https://www.mshsaa.org/MySchool/Schedule.aspx?s=80&alg=49","https://www.mshsaa.org/MySchool/Matchup.aspx?s=80&alg=49&comp=2745183","1650 Cavalier Drive, Jefferson City, MO 65109"
"302","Glasgow High School","Baseball Fall Season","66","Varsity","9/22","6:30 pm","","New Franklin","away","https://www.mshsaa.org/MySchool/Schedule.aspx?s=302&alg=66","https://www.mshsaa.org/MySchool/Matchup.aspx?s=302&alg=66&comp=2617984","412 W Broadway, New Franklin, MO 65274-9720"
"302","Glasgow High School","Cross Country Boys","11","Varsity","9/22","","","Boonville Meet","tournament","https://www.mshsaa.org/MySchool/Schedule.aspx?s=302&alg=11","https://www.mshsaa.org/MySchool/Tournament.aspx?s=302&alg=11&tournament=592130","Boonville, MO"
"302","Glasgow High School","Cross Country Girls","12","Varsity","9/22","","","Boonville Meet","tournament","https://www.mshsaa.org/MySchool/Schedule.aspx?s=302&alg=12","https://www.mshsaa.org/MySchool/Tournament.aspx?s=302&alg=12&tournament=592129","Boonville, MO"
"302","Glasgow High School","Golf Girls","24","Varsity","9/22","","","Lady Bulldog Scramble","tournament","https://www.mshsaa.org/MySchool/Schedule.aspx?s=302&alg=24","https://www.mshsaa.org/MySchool/Tournament.aspx?s=302&alg=24&tournament=546502","Harrisburg, MO"
"302","Glasgow High School","Softball Fall Season","38","Varsity","9/22","5:00 pm","","New Franklin","away","https://www.mshsaa.org/MySchool/Schedule.aspx?s=302&alg=38","https://www.mshsaa.org/MySchool/Matchup.aspx?s=302&alg=38&comp=2617983","412 W Broadway, New Franklin, MO 65274-9720"
"311","Hallsville High School","Cross Country Boys","11","Varsity","9/22","","","Boonville Meet","tournament","https://www.mshsaa.org/MySchool/Schedule.aspx?s=311&alg=11","https://www.mshsaa.org/MySchool/Tournament.aspx?s=311&alg=11&tournament=592095","Boonville, MO"
"311","Hallsville High School","Cross Country Girls","12","Varsity","9/22","","","Boonville Meet","tournament","https://www.mshsaa.org/MySchool/Schedule.aspx?s=311&alg=12","https://www.mshsaa.org/MySchool/Tournament.aspx?s=311&alg=12&tournament=592094","Boonville, MO"
"311","Hallsville High School","Golf Girls","24","Varsity","9/22","","","Lady Bulldog Scramble","tournament","https://www.mshsaa.org/MySchool/Schedule.aspx?s=311&alg=24","https://www.mshsaa.org/MySchool/Tournament.aspx?s=311&alg=24&tournament=543961","Harrisburg, MO"
"311","Hallsville High School","Volleyball Girls","57","Varsity","9/22","6:30 pm","","North Callaway","home","https://www.mshsaa.org/MySchool/Schedule.aspx?s=311&alg=57","https://www.mshsaa.org/MySchool/Matchup.aspx?s=311&alg=57&comp=2770704","421 E Hwy 124, Hallsville, MO 65255-9346"
"313","Harrisburg High School","Cross Country Boys","11","Varsity","9/22","4:00 pm","","Belle XC Invitational","tournament","https://www.mshsaa.org/MySchool/Schedule.aspx?s=313&alg=11","https://www.mshsaa.org/MySchool/Tournament.aspx?s=313&alg=11&tournament=593481","Belle, MO"
"313","Harrisburg High School","Cross Country Girls","12","Varsity","9/22","4:00 pm","","Belle XC Invitational","tournament","https://www.mshsaa.org/MySchool/Schedule.aspx?s=313&alg=12","https://www.mshsaa.org/MySchool/Tournament.aspx?s=313&alg=12&tournament=593480","Belle, MO"
"313","Harrisburg High School","Golf Girls","24","Varsity","9/22","9:00 am","","Lady Bulldog Scramble","tournament","https://www.mshsaa.org/MySchool/Schedule.aspx?s=313&alg=24","https://www.mshsaa.org/MySchool/Tournament.aspx?s=313&alg=24&tournament=543827","Harrisburg, MO"
"522","Helias High School","Soccer Boys","33","Varsity","9/22","7:00 pm","","Jefferson City","home","https://www.mshsaa.org/MySchool/Schedule.aspx?s=522&alg=33","https://www.mshsaa.org/MySchool/Matchup.aspx?s=522&alg=33&comp=2666703","1305 Swifts Hwy, Jefferson City, MO 65109-2595"
"522","Helias High School","Softball Fall Season","38","Varsity","9/22","5:00 pm","","Southern Boone","home","https://www.mshsaa.org/MySchool/Schedule.aspx?s=522&alg=38","https://www.mshsaa.org/MySchool/Matchup.aspx?s=522&alg=38&comp=2707040","1305 Swifts Hwy, Jefferson City, MO 65109-2595"
"522","Helias High School","Tennis Girls","49","Varsity","9/22","4:30 pm","","Hickman","home","https://www.mshsaa.org/MySchool/Schedule.aspx?s=522&alg=49","https://www.mshsaa.org/MySchool/Matchup.aspx?s=522&alg=49&comp=2674721","1305 Swifts Hwy, Jefferson City, MO 65109-2595"
"522","Helias High School","Volleyball Girls","57","Varsity","9/22","6:30 pm","","Smith-Cotton","home","https://www.mshsaa.org/MySchool/Schedule.aspx?s=522&alg=57","https://www.mshsaa.org/MySchool/Matchup.aspx?s=522&alg=57&comp=2641461","1305 Swifts Hwy, Jefferson City, MO 65109-2595"
"85","Hickman High School","Soccer Boys","33","Varsity","9/22","6:45 pm","","Rock Bridge","home","https://www.mshsaa.org/MySchool/Schedule.aspx?s=85&alg=33","https://www.mshsaa.org/MySchool/Matchup.aspx?s=85&alg=33&comp=2675459","1104 N Providence Rd, Columbia, MO 65203-4398"
"85","Hickman High School","Softball Fall Season","38","Varsity","9/22","5:00 pm","","Rock Bridge","home","https://www.mshsaa.org/MySchool/Schedule.aspx?s=85&alg=38","https://www.mshsaa.org/MySchool/Matchup.aspx?s=85&alg=38&comp=2744127","1104 N Providence Rd, Columbia, MO 65203-4398"
"85","Hickman High School","Tennis Girls","49","Varsity","9/22","4:30 pm","","Helias Catholic","away","https://www.mshsaa.org/MySchool/Schedule.aspx?s=85&alg=49","https://www.mshsaa.org/MySchool/Matchup.aspx?s=85&alg=49&comp=2674546","1305 Swifts Hwy, Jefferson City, MO 65109-2595"
"85","Hickman High School","Volleyball Girls","57","Varsity","9/22","7:00 pm","","Camdenton","away","https://www.mshsaa.org/MySchool/Schedule.aspx?s=85&alg=57","https://www.mshsaa.org/MySchool/Matchup.aspx?s=85&alg=57&comp=2744138","662 Laker Pride Road, Camdenton, MO 65020-1409"
"317","Higbee High School","Cross Country Girls","12","Varsity","9/22","","","Boonville Meet","tournament","https://www.mshsaa.org/MySchool/Schedule.aspx?s=317&alg=12","https://www.mshsaa.org/MySchool/Tournament.aspx?s=317&alg=12&tournament=592058","Boonville, MO"
"317","Higbee High School","Softball Fall Season","38","Varsity","9/22","5:00 pm","","Pilot Grove","away","https://www.mshsaa.org/MySchool/Schedule.aspx?s=317&alg=38","https://www.mshsaa.org/MySchool/Matchup.aspx?s=317&alg=38&comp=2769894","107 School St, Pilot Grove, MO 65276-1038"
"84","Jefferson City High School","Soccer Boys","33","Varsity","9/22","7:00 pm","","Helias Catholic","away","https://www.mshsaa.org/MySchool/Schedule.aspx?s=84&alg=33","https://www.mshsaa.org/MySchool/Matchup.aspx?s=84&alg=33&comp=2660269","1305 Swifts Hwy, Jefferson City, MO 65109-2595"
"84","Jefferson City High School","Swimming and Diving Boys","44","Varsity","9/22","5:00 pm","","MMA","tournament","https://www.mshsaa.org/MySchool/Schedule.aspx?s=84&alg=44","https://www.mshsaa.org/MySchool/Tournament.aspx?s=84&alg=44&tournament=593348","Mexico, MO"
"84","Jefferson City High School","Tennis Girls","49","Varsity","9/22","4:30 pm","","Battle","away","https://www.mshsaa.org/MySchool/Schedule.aspx?s=84&alg=49","https://www.mshsaa.org/MySchool/Matchup.aspx?s=84&alg=49&comp=2752546","7575 St. Charles Road, Columbia, MO 65202"
"84","Jefferson City High School","Volleyball Girls","57","Varsity","9/22","7:00 pm","","Battle","home","https://www.mshsaa.org/MySchool/Schedule.aspx?s=84&alg=57","https://www.mshsaa.org/MySchool/Matchup.aspx?s=84&alg=57&comp=2699036","609 Union St., Jefferson City, MO 65101"
"360","Marshall High School","Cross Country Boys","11","Varsity","9/22","","","Boonville Meet","tournament","https://www.mshsaa.org/MySchool/Schedule.aspx?s=360&alg=11","https://www.mshsaa.org/MySchool/Tournament.aspx?s=360&alg=11&tournament=563993","Boonville, MO"
"360","Marshall High School","Cross Country Girls","12","Varsity","9/22","","","Boonville Meet","tournament","https://www.mshsaa.org/MySchool/Schedule.aspx?s=360&alg=12","https://www.mshsaa.org/MySchool/Tournament.aspx?s=360&alg=12&tournament=584471","Boonville, MO"
"360","Marshall High School","Golf Girls","24","Varsity","9/22","","","California Girls Invitational Golf Tournament","tournament","https://www.mshsaa.org/MySchool/Schedule.aspx?s=360&alg=24","https://www.mshsaa.org/MySchool/Tournament.aspx?s=360&alg=24&tournament=554353","California, MO"
"360","Marshall High School","Soccer Boys","33","Varsity","9/22","6:30 pm","","Moberly","home","https://www.mshsaa.org/MySchool/Schedule.aspx?s=360&alg=33","https://www.mshsaa.org/MySchool/Matchup.aspx?s=360&alg=33&comp=2718450","805 S Miami, Marshall, MO 65340-2499"
"128","Mexico High School","Golf Girls","24","Varsity","9/22","","","Kirksville Tournament","tournament","https://www.mshsaa.org/MySchool/Schedule.aspx?s=128&alg=24","https://www.mshsaa.org/MySchool/Tournament.aspx?s=128&alg=24&tournament=585783","Kirksville, MO"
"128","Mexico High School","Soccer Boys","33","Varsity","9/22","6:30 pm","","Hannibal","away","https://www.mshsaa.org/MySchool/Schedule.aspx?s=128&alg=33","https://www.mshsaa.org/MySchool/Matchup.aspx?s=128&alg=33&comp=2681839","4500 McMasters Ave, Hannibal, MO 63401-2299"
"128","Mexico High School","Softball Fall Season","38","Varsity","9/22","5:00 pm","","Moberly","home","https://www.mshsaa.org/MySchool/Schedule.aspx?s=128&alg=38","https://www.mshsaa.org/MySchool/Matchup.aspx?s=128&alg=38&comp=2766978","639 N. Wade St., Mexico, MO 65265"
"128","Mexico High School","Volleyball Girls","57","Varsity","9/22","6:30 pm","","Kirksville","away","https://www.mshsaa.org/MySchool/Schedule.aspx?s=128&alg=57","https://www.mshsaa.org/MySchool/Matchup.aspx?s=128&alg=57&comp=2652134","1300 S Cottage Grove, Kirksville, MO 63501-3998"
"569","Missouri Military Academy","Cross Country Boys","11","Varsity","9/22","","","Boonville Meet","tournament","https://www.mshsaa.org/MySchool/Schedule.aspx?s=569&alg=11","https://www.mshsaa.org/MySchool/Tournament.aspx?s=569&alg=11&tournament=592070","Boonville, MO"
"569","Missouri Military Academy","Swimming and Diving Boys","44","Varsity","9/22","4:00 pm","","Hannibal","home","https://www.mshsaa.org/MySchool/Schedule.aspx?s=569&alg=44","https://www.mshsaa.org/MySchool/Matchup.aspx?s=569&alg=44&comp=2692705","204 N Grand St, Mexico, MO 65265-3090"
"132","Moberly High School","Soccer Boys","33","Varsity","9/22","6:30 pm","","Marshall","away","https://www.mshsaa.org/MySchool/Schedule.aspx?s=132&alg=33","https://www.mshsaa.org/MySchool/Matchup.aspx?s=132&alg=33&comp=2718484","805 S Miami, Marshall, MO 65340-2499"
"132","Moberly High School","Softball Fall Season","38","Varsity","9/22","5:00 pm","","Mexico","away","https://www.mshsaa.org/MySchool/Schedule.aspx?s=132&alg=38","https://www.mshsaa.org/MySchool/Matchup.aspx?s=132&alg=38&comp=2767186","639 N Wade, Mexico, MO 65265-1899"
"132","Moberly High School","Tennis Girls","49","Varsity","9/22","4:30 pm","","Boonville","away","https://www.mshsaa.org/MySchool/Schedule.aspx?s=132&alg=49","https://www.mshsaa.org/MySchool/Matchup.aspx?s=132&alg=49&comp=2767632","1 Pirate Dr., Boonville, MO 65233-2740"
"139","North Callaway High School","Softball Fall Season","38","Varsity","9/22","5:00 pm","","California","home","https://www.mshsaa.org/MySchool/Schedule.aspx?s=139&alg=38","https://www.mshsaa.org/MySchool/Matchup.aspx?s=139&alg=38&comp=2614156","2700 Thunderbird Dr, Kingdom City, MO 65262-1817"
"139","North Callaway High School","Volleyball Girls","57","Varsity","9/22","6:30 pm","","Hallsville","away","https://www.mshsaa.org/MySchool/Schedule.aspx?s=139&alg=57","https://www.mshsaa.org/MySchool/Matchup.aspx?s=139&alg=57&comp=2770749","421 E Hwy 124, Hallsville, MO 65255-9346"
"152","Osage High School","Golf Girls","24","Varsity","9/22","","","California Girls Invitational Golf Tournament","tournament","https://www.mshsaa.org/MySchool/Schedule.aspx?s=152&alg=24","https://www.mshsaa.org/MySchool/Tournament.aspx?s=152&alg=24&tournament=567310","California, MO"
"152","Osage High School","Softball Fall Season","38","Varsity","9/22","5:00 pm","","Blair Oaks","home","https://www.mshsaa.org/MySchool/Schedule.aspx?s=152&alg=38","https://www.mshsaa.org/MySchool/Matchup.aspx?s=152&alg=38&comp=2656328","636 Hwy 42, Osage Beach, MO 65065-5301"
"152","Osage High School","Tennis Girls","49","Varsity","9/22","4:00 pm","","Lebanon","away","https://www.mshsaa.org/MySchool/Schedule.aspx?s=152&alg=49","https://www.mshsaa.org/MySchool/Matchup.aspx?s=152&alg=49&comp=2697355","777 Brice St, Lebanon, MO 65536-2451"
"152","Osage High School","Volleyball Girls","57","Varsity","9/22","7:30 pm","","Southern Boone","away","https://www.mshsaa.org/MySchool/Schedule.aspx?s=152&alg=57","https://www.mshsaa.org/MySchool/Matchup.aspx?s=152&alg=57&comp=2689996","14520 Crump Lane, Ashland, MO 65010-9464"
"578","Rock Bridge High School","Soccer Boys","33","Varsity","9/22","6:45 pm","","Hickman","away","https://www.mshsaa.org/MySchool/Schedule.aspx?s=578&alg=33","https://www.mshsaa.org/MySchool/Matchup.aspx?s=578&alg=33&comp=2774086","1104 N Providence Rd, Columbia, MO 65203-4398"
"578","Rock Bridge High School","Softball Fall Season","38","Varsity","9/22","5:00 pm","","Hickman","away","https://www.mshsaa.org/MySchool/Schedule.aspx?s=578&alg=38","https://www.mshsaa.org/MySchool/Matchup.aspx?s=578&alg=38&comp=2766722","1104 N Providence Rd, Columbia, MO 65203-4398"
"578","Rock Bridge High School","Tennis Girls","49","Varsity","9/22","8:00 am","","KC Tournament","tournament","https://www.mshsaa.org/MySchool/Schedule.aspx?s=578&alg=49","https://www.mshsaa.org/MySchool/Tournament.aspx?s=578&alg=49&tournament=573148","Kansas City, MO"
"578","Rock Bridge High School","Volleyball Girls","57","Varsity","9/22","7:00 pm","","Marquette","away","https://www.mshsaa.org/MySchool/Schedule.aspx?s=578&alg=57","https://www.mshsaa.org/MySchool/Matchup.aspx?s=578&alg=57&comp=2776040","2351 Clarkson Rd, Chesterfield, MO 63017-7122"
"430","Russellville High School","Golf Girls","24","Varsity","9/22","","","California Girls Invitational Golf Tournament","tournament","https://www.mshsaa.org/MySchool/Schedule.aspx?s=430&alg=24","https://www.mshsaa.org/MySchool/Tournament.aspx?s=430&alg=24&tournament=555417","California, MO"
"430","Russellville High School","Volleyball Girls","57","Varsity","9/22","6:00 pm","","Dixon","home","https://www.mshsaa.org/MySchool/Schedule.aspx?s=430&alg=57","https://www.mshsaa.org/MySchool/Matchup.aspx?s=430&alg=57&comp=2612885","13600 Rte C, Russellville, MO 65074"
"431","Salisbury High School","Cross Country Boys","11","Varsity","9/22","","","Boonville Meet","tournament","https://www.mshsaa.org/MySchool/Schedule.aspx?s=431&alg=11","https://www.mshsaa.org/MySchool/Tournament.aspx?s=431&alg=11&tournament=545823","Boonville, MO"
"431","Salisbury High School","Cross Country Girls","12","Varsity","9/22","","","Boonville Meet","tournament","https://www.mshsaa.org/MySchool/Schedule.aspx?s=431&alg=12","https://www.mshsaa.org/MySchool/Tournament.aspx?s=431&alg=12&tournament=545832","Boonville, MO"
"431","Salisbury High School","Softball Fall Season","38","Varsity","9/22","5:00 pm","","Schuyler County","home","https://www.mshsaa.org/MySchool/Schedule.aspx?s=431&alg=38","https://www.mshsaa.org/MySchool/Matchup.aspx?s=431&alg=38&comp=2632151","1000 S Maple Ave, Salisbury, MO 65281"
"194","Smith-Cotton High School","Soccer Boys","33","Varsity","9/22","6:30 pm","","Camdenton","away","https://www.mshsaa.org/MySchool/Schedule.aspx?s=194&alg=33","https://www.mshsaa.org/MySchool/Matchup.aspx?s=194&alg=33&comp=2677007","662 Laker Pride Road, Camdenton, MO 65020-1409"
"194","Smith-Cotton High School","Volleyball Girls","57","Varsity","9/22","6:30 pm","","Helias Catholic","away","https://www.mshsaa.org/MySchool/Schedule.aspx?s=194&alg=57","https://www.mshsaa.org/MySchool/Matchup.aspx?s=194&alg=57&comp=2642165","1305 Swifts Hwy, Jefferson City, MO 65109-2595"
"197","South Callaway High School","Golf Girls","24","Varsity","9/22","","","California Girls Invitational Golf Tournament","tournament","https://www.mshsaa.org/MySchool/Schedule.aspx?s=197&alg=24","https://www.mshsaa.org/MySchool/Tournament.aspx?s=197&alg=24&tournament=573913","California, MO"
"2","Southern Boone High School","Golf Girls","24","Varsity","9/22","","","Kirksville Tournament","tournament","https://www.mshsaa.org/MySchool/Schedule.aspx?s=2&alg=24","https://www.mshsaa.org/MySchool/Tournament.aspx?s=2&alg=24&tournament=564535","Kirksville, MO"
"2","Southern Boone High School","Softball Fall Season","38","Varsity","9/22","5:00 pm","","Helias Catholic","away","https://www.mshsaa.org/MySchool/Schedule.aspx?s=2&alg=38","https://www.mshsaa.org/MySchool/Matchup.aspx?s=2&alg=38&comp=2726281","1305 Swifts Hwy, Jefferson City, MO 65109-2595"
"2","Southern Boone High School","Volleyball Girls","57","Varsity","9/22","7:30 pm","","Osage","home","https://www.mshsaa.org/MySchool/Schedule.aspx?s=2&alg=57","https://www.mshsaa.org/MySchool/Matchup.aspx?s=2&alg=57&comp=2653885","14520 Crump Lane, Ashland, MO 65010-9464"
"474","Tipton High School","Cross Country Boys","11","Varsity","9/22","","","Boonville Meet","tournament","https://www.mshsaa.org/MySchool/Schedule.aspx?s=474&alg=11","https://www.mshsaa.org/MySchool/Tournament.aspx?s=474&alg=11&tournament=592634","Boonville, MO"
"474","Tipton High School","Cross Country Girls","12","Varsity","9/22","","","Boonville Meet","tournament","https://www.mshsaa.org/MySchool/Schedule.aspx?s=474&alg=12","https://www.mshsaa.org/MySchool/Tournament.aspx?s=474&alg=12&tournament=592273","Boonville, MO"
"474","Tipton High School","Volleyball Girls","57","Varsity","9/22","7:00 pm","","California","home","https://www.mshsaa.org/MySchool/Schedule.aspx?s=474&alg=57","https://www.mshsaa.org/MySchool/Matchup.aspx?s=474&alg=57&comp=2635298","334 US Hwy 50 West, Tipton, MO 65081-8606"
"485","Versailles High School","Volleyball Girls","57","Varsity","9/22","7:00 pm","","Warsaw","away","https://www.mshsaa.org/MySchool/Schedule.aspx?s=485&alg=57","https://www.mshsaa.org/MySchool/Matchup.aspx?s=485&alg=57&comp=2643117","20363 Lane of Champions, Warsaw, MO 65355"
"953","Battle High School","Softball Fall Season","38","Varsity","9/23","5:00 pm","","Helias Catholic","home","https://www.mshsaa.org/MySchool/Schedule.aspx?s=953&alg=38","https://www.mshsaa.org/MySchool/Matchup.aspx?s=953&alg=38&comp=2762402","7575 St. Charles Road, Columbia, MO 65202"
"217","Blair Oaks High School","Golf Girls","24","Varsity","9/23","4:00 pm","","Blair Oaks Tri","tournament","https://www.mshsaa.org/MySchool/Schedule.aspx?s=217&alg=24","https://www.mshsaa.org/MySchool/Tournament.aspx?s=217&alg=24&tournament=581389","Jefferson City, MO"
"217","Blair Oaks High School","Volleyball Girls","57","Varsity","9/23","7:30 pm","","Jefferson City","away","https://www.mshsaa.org/MySchool/Schedule.aspx?s=217&alg=57","https://www.mshsaa.org/MySchool/Matchup.aspx?s=217&alg=57&comp=2679584","609 Union St, Jefferson City, MO 65101-2898"
"582","California High School","Golf Girls","24","Varsity","9/23","","","California/Camdenton/Lebanon Tri","tournament","https://www.mshsaa.org/MySchool/Schedule.aspx?s=582&alg=24","https://www.mshsaa.org/MySchool/Tournament.aspx?s=582&alg=24&tournament=570361","Camdenton, MO"
"26","Camdenton High School","Golf Girls","24","Varsity","9/23","","","California/Camdenton/Lebanon Tri","tournament","https://www.mshsaa.org/MySchool/Schedule.aspx?s=26&alg=24","https://www.mshsaa.org/MySchool/Tournament.aspx?s=26&alg=24&tournament=568364","367 C.C. Blair Dr. Camdenton, MO 65020"
"26","Camdenton High School","Softball Fall Season","38","Varsity","9/23","4:30 pm","","Kickapoo","home","https://www.mshsaa.org/MySchool/Schedule.aspx?s=26&alg=38","https://www.mshsaa.org/MySchool/Matchup.aspx?s=26&alg=38&comp=2650268","662 Laker Pride Road, Camdenton, MO 65020-1409"
"1540","Capital City High School","Softball Fall Season","38","Varsity","9/23","5:00 pm","","Bowling Green","home","https://www.mshsaa.org/MySchool/Schedule.aspx?s=1540&alg=38","https://www.mshsaa.org/MySchool/Matchup.aspx?s=1540&alg=38&comp=2623143","1650 Cavalier Drive, Jefferson City, MO 65109"
"53","Centralia High School","Golf Girls","24","Varsity","9/23","","","Salisbury Invitational","tournament","https://www.mshsaa.org/MySchool/Schedule.aspx?s=53&alg=24","https://www.mshsaa.org/MySchool/Tournament.aspx?s=53&alg=24&tournament=552260",""
"566","Columbia Independent","Golf Girls","24","Varsity","9/23","","","Salisbury Invitational","tournament","https://www.mshsaa.org/MySchool/Schedule.aspx?s=566&alg=24","https://www.mshsaa.org/MySchool/Tournament.aspx?s=566&alg=24&tournament=585493",""
"566","Columbia Independent","Tennis Girls","49","Varsity","9/23","4:30 pm","","Mexico","home","https://www.mshsaa.org/MySchool/Schedule.aspx?s=566&alg=49","https://www.mshsaa.org/MySchool/Matchup.aspx?s=566&alg=49&comp=2766276","1801 North Stadium Boulevard, Columbia, MO 65202"
"278","Eldon High School","Volleyball Girls","57","Varsity","9/23","7:15 pm","","Father Tolton","home","https://www.mshsaa.org/MySchool/Schedule.aspx?s=278&alg=57","https://www.mshsaa.org/MySchool/Matchup.aspx?s=278&alg=57&comp=2623026","112 S Pine St, Eldon, MO 65026-1594"
"917","Father Tolton","Golf Girls","24","Varsity","9/23","","","Salisbury Invitational","tournament","https://www.mshsaa.org/MySchool/Schedule.aspx?s=917&alg=24","https://www.mshsaa.org/MySchool/Tournament.aspx?s=917&alg=24&tournament=589386",""
"917","Father Tolton","Softball Fall Season","38","Varsity","9/23","5:00 pm","","Smith-Cotton","away","https://www.mshsaa.org/MySchool/Schedule.aspx?s=917&alg=38","https://www.mshsaa.org/MySchool/Matchup.aspx?s=917&alg=38&comp=2679870","2010 Tiger Pride Blvd, Sedalia, MO 65301-8503"
"917","Father Tolton","Tennis Girls","49","Varsity","9/23","4:00 pm","","Palmyra","away","https://www.mshsaa.org/MySchool/Schedule.aspx?s=917&alg=49","https://www.mshsaa.org/MySchool/Matchup.aspx?s=917&alg=49&comp=2765832","1703 S Main St, Palmyra, MO 63461"
"917","Father Tolton","Volleyball Girls","57","Varsity","9/23","7:15 pm","","Eldon","away","https://www.mshsaa.org/MySchool/Schedule.aspx?s=917&alg=57","https://www.mshsaa.org/MySchool/Matchup.aspx?s=917&alg=57&comp=2713683","112 S Pine St, Eldon, MO 65026-1594"
"80","Fulton High School","Softball Fall Season","38","Varsity","9/23","4:30 pm","","Warrenton","away","https://www.mshsaa.org/MySchool/Schedule.aspx?s=80&alg=38","https://www.mshsaa.org/MySchool/Matchup.aspx?s=80&alg=38&comp=2663131","803 Pinckney, Warrenton, MO 63383-2335"
"80","Fulton High School","Volleyball Girls","57","Varsity","9/23","6:30 pm","","New Bloomfield","away","https://www.mshsaa.org/MySchool/Schedule.aspx?s=80&alg=57","https://www.mshsaa.org/MySchool/Matchup.aspx?s=80&alg=57&comp=2642116","307 Redwood Dr, New Bloomfield, MO 65063"
"302","Glasgow High School","Golf Girls","24","Varsity","9/23","","","Salisbury Invitational","tournament","https://www.mshsaa.org/MySchool/Schedule.aspx?s=302&alg=24","https://www.mshsaa.org/MySchool/Tournament.aspx?s=302&alg=24&tournament=585178",""
"311","Hallsville High School","Golf Girls","24","Varsity","9/23","","","Blair Oaks Tri","tournament","https://www.mshsaa.org/MySchool/Schedule.aspx?s=311&alg=24","https://www.mshsaa.org/MySchool/Tournament.aspx?s=311&alg=24&tournament=581717","Jefferson City, MO"
"311","Hallsville High School","Volleyball Girls","57","Varsity","9/23","6:00 pm","","Smith-Cotton","away","https://www.mshsaa.org/MySchool/Schedule.aspx?s=311&alg=57","https://www.mshsaa.org/MySchool/Matchup.aspx?s=311&alg=57&comp=2644223","2010 Tiger Pride Blvd, Sedalia, MO 65301-8503"
"313","Harrisburg High School","Golf Girls","24","Varsity","9/23","4:00 pm","","Eugene Quad","tournament","https://www.mshsaa.org/MySchool/Schedule.aspx?s=313&alg=24","https://www.mshsaa.org/MySchool/Tournament.aspx?s=313&alg=24&tournament=543828","Eugene, MO"
"313","Harrisburg High School","Golf Girls","24","Varsity","⤷ 9/23","TBD","","Eugene","tournament","https://www.mshsaa.org/MySchool/Schedule.aspx?s=313&alg=24","https://www.mshsaa.org/MySchool/Matchup.aspx?s=313&alg=24&comp=2649904","801 S Harris St, Harrisburg, MO 65256-9542"
"313","Harrisburg High School","Golf Girls","24","Varsity","⤷ 9/23","TBD","","Harrisburg","tournament","https://www.mshsaa.org/MySchool/Schedule.aspx?s=313&alg=24","https://www.mshsaa.org/MySchool/Matchup.aspx?s=313&alg=24&comp=2649905","801 S Harris St, Harrisburg, MO 65256-9542"
"313","Harrisburg High School","Softball Fall Season","38","Varsity","9/23","5:00 pm","","New Bloomfield","home","https://www.mshsaa.org/MySchool/Schedule.aspx?s=313&alg=38","https://www.mshsaa.org/MySchool/Matchup.aspx?s=313&alg=38&comp=2707573","801 S Harris St, Harrisburg, MO 65256-9542"
"522","Helias High School","Softball Fall Season","38","Varsity","9/23","5:00 pm","","Battle","away","https://www.mshsaa.org/MySchool/Schedule.aspx?s=522&alg=38","https://www.mshsaa.org/MySchool/Matchup.aspx?s=522&alg=38&comp=2681340","7575 St. Charles Road, Columbia, MO 65202"
"522","Helias High School","Tennis Girls","49","Varsity","9/23","4:30 pm","","Smith-Cotton","home","https://www.mshsaa.org/MySchool/Schedule.aspx?s=522&alg=49","https://www.mshsaa.org/MySchool/Matchup.aspx?s=522&alg=49&comp=2627973","1305 Swifts Hwy, Jefferson City, MO 65109-2595"
"85","Hickman High School","Softball Fall Season","38","Varsity","9/23","4:15 pm","","Holt","away","https://www.mshsaa.org/MySchool/Schedule.aspx?s=85&alg=38","https://www.mshsaa.org/MySchool/Matchup.aspx?s=85&alg=38&comp=2744132","600 Campus Dr, Wentzville, MO 63385-3433"
"317","Higbee High School","Softball Fall Season","38","Varsity","9/23","5:30 pm","","Brunswick with Keytesville, Northwestern (Mendon)","away","https://www.mshsaa.org/MySchool/Schedule.aspx?s=317&alg=38","https://www.mshsaa.org/MySchool/Matchup.aspx?s=317&alg=38&comp=2626906","1008 County Rd, Brunswick, MO 65236-1499"
"84","Jefferson City High School","Golf Girls","24","Varsity","9/23","4:00 pm","","Eugene Quad","tournament","https://www.mshsaa.org/MySchool/Schedule.aspx?s=84&alg=24","https://www.mshsaa.org/MySchool/Tournament.aspx?s=84&alg=24&tournament=576806","Eugene, MO"
"84","Jefferson City High School","Softball Fall Season","38","Varsity","9/23","5:30 pm","","Rock Bridge","away","https://www.mshsaa.org/MySchool/Schedule.aspx?s=84&alg=38","https://www.mshsaa.org/MySchool/Matchup.aspx?s=84&alg=38&comp=2780521","4303 S Providence Rd, Columbia, MO 65203-7198"
"84","Jefferson City High School","Tennis Girls","49","Varsity","9/23","4:00 pm","","Rolla","home","https://www.mshsaa.org/MySchool/Schedule.aspx?s=84&alg=49","https://www.mshsaa.org/MySchool/Matchup.aspx?s=84&alg=49&comp=2757161","609 Union St, Jefferson City, MO 65101-2898"
"84","Jefferson City High School","Volleyball Girls","57","Varsity","9/23","7:00 pm","","Blair Oaks","home","https://www.mshsaa.org/MySchool/Schedule.aspx?s=84&alg=57","https://www.mshsaa.org/MySchool/Matchup.aspx?s=84&alg=57&comp=2653577","609 Union St, Jefferson City, MO 65101-2898"
"360","Marshall High School","Tennis Girls","49","Varsity","9/23","TBD","","Warrensburg","away","https://www.mshsaa.org/MySchool/Schedule.aspx?s=360&alg=49","https://www.mshsaa.org/MySchool/Matchup.aspx?s=360&alg=49&comp=2661602","1411 S Ridgeview Dr, Warrensburg, MO 64093-8910"
"360","Marshall High School","Volleyball Girls","57","Varsity","9/23","6:15 pm","","Concordia","away","https://www.mshsaa.org/MySchool/Schedule.aspx?s=360&alg=57","https://www.mshsaa.org/MySchool/Matchup.aspx?s=360&alg=57&comp=2634685","117 SW 11th St., Concordia, MO 64020"
"128","Mexico High School","Soccer Boys","33","Varsity","9/23-26","","","Warrior Classic Soccer Tournament","tournament","https://www.mshsaa.org/MySchool/Schedule.aspx?s=128&alg=33","https://www.mshsaa.org/MySchool/Tournament.aspx?s=128&alg=33&tournament=553015","Winfield, MO"
"128","Mexico High School","Tennis Girls","49","Varsity","9/23","4:30 pm","","Columbia Independent","away","https://www.mshsaa.org/MySchool/Schedule.aspx?s=128&alg=49","https://www.mshsaa.org/MySchool/Matchup.aspx?s=128&alg=49&comp=2758454","1801 North Stadium Boulevard, Columbia, MO 65202"
"132","Moberly High School","Tennis Girls","49","Varsity","9/23","4:00 pm","","Osage","away","https://www.mshsaa.org/MySchool/Schedule.aspx?s=132&alg=49","https://www.mshsaa.org/MySchool/Matchup.aspx?s=132&alg=49&comp=2793013","636 Hwy 42, Osage Beach, MO 65065-5301"
"152","Osage High School","Golf Girls","24","Varsity","9/23","","","Blair Oaks Quad","tournament","https://www.mshsaa.org/MySchool/Schedule.aspx?s=152&alg=24","https://www.mshsaa.org/MySchool/Tournament.aspx?s=152&alg=24&tournament=581396","Jefferson City, MO"
"152","Osage High School","Golf Girls","24","Varsity","⤷ 9/23","TBD","","Russellville","tournament","https://www.mshsaa.org/MySchool/Schedule.aspx?s=152&alg=24","https://www.mshsaa.org/MySchool/Matchup.aspx?s=152&alg=24&comp=2750145","636 Hwy 42, Osage Beach, MO 65065-5301"
"152","Osage High School","Golf Girls","24","Varsity","⤷ 9/23","TBD","","Hallsville","tournament","https://www.mshsaa.org/MySchool/Schedule.aspx?s=152&alg=24","https://www.mshsaa.org/MySchool/Matchup.aspx?s=152&alg=24&comp=2750146","636 Hwy 42, Osage Beach, MO 65065-5301"
"152","Osage High School","Tennis Girls","49","Varsity","9/23","4:00 pm","","Moberly","home","https://www.mshsaa.org/MySchool/Schedule.aspx?s=152&alg=49","https://www.mshsaa.org/MySchool/Matchup.aspx?s=152&alg=49&comp=2792974","636 Hwy 42, Osage Beach, MO 65065-5301"
"578","Rock Bridge High School","Golf Girls","24","Varsity","9/23","3:00 pm","","Smith-Cotton","home","https://www.mshsaa.org/MySchool/Schedule.aspx?s=578&alg=24","https://www.mshsaa.org/MySchool/Matchup.aspx?s=578&alg=24&comp=2753454","2210 Country Club Drive, Columbia, MO 65201"
"578","Rock Bridge High School","Softball Fall Season","38","Varsity","9/23","5:30 pm","","Jefferson City","home","https://www.mshsaa.org/MySchool/Schedule.aspx?s=578&alg=38","https://www.mshsaa.org/MySchool/Matchup.aspx?s=578&alg=38&comp=2780464","4303 South Providence Road, Columbia, MO 65203"
"430","Russellville High School","Golf Girls","24","Varsity","9/23","","","Blair Oaks Tri","tournament","https://www.mshsaa.org/MySchool/Schedule.aspx?s=430&alg=24","https://www.mshsaa.org/MySchool/Tournament.aspx?s=430&alg=24&tournament=581414","Jefferson City, MO"
"431","Salisbury High School","Golf Girls","24","Varsity","9/23","","","Salisbury Invitational","tournament","https://www.mshsaa.org/MySchool/Schedule.aspx?s=431&alg=24","https://www.mshsaa.org/MySchool/Tournament.aspx?s=431&alg=24&tournament=545816",""
"194","Smith-Cotton High School","Golf Girls","24","Varsity","9/23","3:00 pm","","Rock Bridge","away","https://www.mshsaa.org/MySchool/Schedule.aspx?s=194&alg=24","https://www.mshsaa.org/MySchool/Matchup.aspx?s=194&alg=24&comp=2760908","4303 S Providence Rd, Columbia, MO 65203-7198"
"194","Smith-Cotton High School","Softball Fall Season","38","Varsity","9/23","5:00 pm","","Father Tolton","home","https://www.mshsaa.org/MySchool/Schedule.aspx?s=194&alg=38","https://www.mshsaa.org/MySchool/Matchup.aspx?s=194&alg=38&comp=2657348","2010 Tiger Pride Blvd, Sedalia, MO 65301-8503"
"194","Smith-Cotton High School","Tennis Girls","49","Varsity","9/23","4:30 pm","","Helias Catholic","away","https://www.mshsaa.org/MySchool/Schedule.aspx?s=194&alg=49","https://www.mshsaa.org/MySchool/Matchup.aspx?s=194&alg=49&comp=2628179","1305 Swifts Hwy, Jefferson City, MO 65109-2595"
"194","Smith-Cotton High School","Volleyball Girls","57","Varsity","9/23","6:00 pm","","Hallsville","home","https://www.mshsaa.org/MySchool/Schedule.aspx?s=194&alg=57","https://www.mshsaa.org/MySchool/Matchup.aspx?s=194&alg=57&comp=2643403","2010 Tiger Pride Blvd, Sedalia, MO 65301-8503"
"197","South Callaway High School","Softball Fall Season","38","Varsity","9/23","5:00 pm","","Tuscumbia","home","https://www.mshsaa.org/MySchool/Schedule.aspx?s=197&alg=38","https://www.mshsaa.org/MySchool/Matchup.aspx?s=197&alg=38&comp=2726725","10135 State Rd C, Mokane, MO 65059-0038"
"2","Southern Boone High School","Softball Fall Season","38","Varsity","9/23","5:00 pm","","Kirksville","away","https://www.mshsaa.org/MySchool/Schedule.aspx?s=2&alg=38","https://www.mshsaa.org/MySchool/Matchup.aspx?s=2&alg=38&comp=2778335","1300 S Cottage Grove, Kirksville, MO 63501-3998"
"953","Battle High School","Golf Girls","24","Varsity","9/24","","","Rock Bridge, Jefferson City, Hickman, Battle","tournament","https://www.mshsaa.org/MySchool/Schedule.aspx?s=953&alg=24","https://www.mshsaa.org/MySchool/Tournament.aspx?s=953&alg=24&tournament=589043","Columbia, MO"
"953","Battle High School","Soccer Boys","33","Varsity","9/24-26","","","Richard Wilson Shootout","tournament","https://www.mshsaa.org/MySchool/Schedule.aspx?s=953&alg=33","https://www.mshsaa.org/MySchool/Tournament.aspx?s=953&alg=33&tournament=589051","Jefferson City, MO"
"953","Battle High School","Tennis Girls","49","Varsity","9/24","4:30 pm","","Rolla","home","https://www.mshsaa.org/MySchool/Schedule.aspx?s=953&alg=49","https://www.mshsaa.org/MySchool/Matchup.aspx?s=953&alg=49&comp=2583038","7575 St. Charles Road, Columbia, MO 65202"
"953","Battle High School","Volleyball Girls","57","Varsity","9/24","7:00 pm","","Hickman","home","https://www.mshsaa.org/MySchool/Schedule.aspx?s=953&alg=57","https://www.mshsaa.org/MySchool/Matchup.aspx?s=953&alg=57&comp=2762759","7575 St. Charles Road, Columbia, MO 65202"
"217","Blair Oaks High School","Softball Fall Season","38","Varsity","9/24","5:00 pm","","Fatima","home","https://www.mshsaa.org/MySchool/Schedule.aspx?s=217&alg=38","https://www.mshsaa.org/MySchool/Matchup.aspx?s=217&alg=38&comp=2632326","6124 Falcon Ln, Jefferson City, MO 65101-9751"
"217","Blair Oaks High School","Volleyball Girls","57","Varsity","9/24","6:30 pm","","Hallsville","away","https://www.mshsaa.org/MySchool/Schedule.aspx?s=217&alg=57","https://www.mshsaa.org/MySchool/Matchup.aspx?s=217&alg=57&comp=2632341","421 E Hwy 124, Hallsville, MO 65255-9346"
"16","Boonville High School","Soccer Boys","33","Varsity","9/24","5:00 pm","","Fatima","home","https://www.mshsaa.org/MySchool/Schedule.aspx?s=16&alg=33","https://www.mshsaa.org/MySchool/Matchup.aspx?s=16&alg=33&comp=2702124","1 Pirate Dr., Boonville, MO 65233-2740"
"16","Boonville High School","Tennis Girls","49","Varsity","9/24","4:00 pm","","Mexico","away","https://www.mshsaa.org/MySchool/Schedule.aspx?s=16&alg=49","https://www.mshsaa.org/MySchool/Matchup.aspx?s=16&alg=49&comp=2758676","639 N Wade, Mexico, MO 65265-1899"
"16","Boonville High School","Volleyball Girls","57","Varsity","9/24","6:30 pm","","St. Paul Lutheran (Concordia)","away","https://www.mshsaa.org/MySchool/Schedule.aspx?s=16&alg=57","https://www.mshsaa.org/MySchool/Matchup.aspx?s=16&alg=57&comp=2630730","205 S Main St., Concordia, MO 64020-9669"
"582","California High School","Golf Girls","24","Varsity","9/24","4:00 pm","","Southern Boone","home","https://www.mshsaa.org/MySchool/Schedule.aspx?s=582&alg=24","https://www.mshsaa.org/MySchool/Matchup.aspx?s=582&alg=24&comp=2639044","1501 W Buchanan, California, MO 65018-1279"
"582","California High School","Softball Fall Season","38","Varsity","9/24-26","","","California Turf War","tournament","https://www.mshsaa.org/MySchool/Schedule.aspx?s=582&alg=38","https://www.mshsaa.org/MySchool/Tournament.aspx?s=582&alg=38&tournament=542707","California, MO"
"582","California High School","Volleyball Girls","57","Varsity","9/24","7:00 pm","","Helias Catholic","home","https://www.mshsaa.org/MySchool/Schedule.aspx?s=582&alg=57","https://www.mshsaa.org/MySchool/Matchup.aspx?s=582&alg=57&comp=2643075","1501 W Buchanan, California, MO 65018-1279"
"26","Camdenton High School","Softball Fall Season","38","Varsity","9/24","4:30 pm","","Jefferson City","away","https://www.mshsaa.org/MySchool/Schedule.aspx?s=26&alg=38","https://www.mshsaa.org/MySchool/Matchup.aspx?s=26&alg=38&comp=2650269","609 Union St, Jefferson City, MO 65101-2898"
"26","Camdenton High School","Tennis Girls","49","Varsity","9/24","4:00 pm","","Bolivar","away","https://www.mshsaa.org/MySchool/Schedule.aspx?s=26&alg=49","https://www.mshsaa.org/MySchool/Matchup.aspx?s=26&alg=49&comp=2742713","1401 N. Pomme De Terre Ave., Bolivar, MO 65613-8282"
"26","Camdenton High School","Volleyball Girls","57","Varsity","9/24","6:00 pm","","Eldon","home","https://www.mshsaa.org/MySchool/Schedule.aspx?s=26&alg=57","https://www.mshsaa.org/MySchool/Matchup.aspx?s=26&alg=57&comp=2785292","662 Laker Pride Road, Camdenton, MO 65020-1409"
"1540","Capital City High School","Golf Girls","24","Varsity","9/24","","","Smith-Cotton Quad","tournament","https://www.mshsaa.org/MySchool/Schedule.aspx?s=1540&alg=24","https://www.mshsaa.org/MySchool/Tournament.aspx?s=1540&alg=24&tournament=563807","Sedalia, MO"
"1540","Capital City High School","Soccer Boys","33","Varsity","9/24","6:30 pm","","Marshall","away","https://www.mshsaa.org/MySchool/Schedule.aspx?s=1540&alg=33","https://www.mshsaa.org/MySchool/Matchup.aspx?s=1540&alg=33&comp=2668452","805 S Miami, Marshall, MO 65340-2499"
"1540","Capital City High School","Softball Fall Season","38","Varsity","9/24","5:00 pm","","Smith-Cotton","home","https://www.mshsaa.org/MySchool/Schedule.aspx?s=1540&alg=38","https://www.mshsaa.org/MySchool/Matchup.aspx?s=1540&alg=38&comp=2623144","1650 Cavalier Drive, Jefferson City, MO 65109"
"1540","Capital City High School","Volleyball Girls","57","Varsity","9/24","7:00 pm","","Rock Bridge","home","https://www.mshsaa.org/MySchool/Schedule.aspx?s=1540&alg=57","https://www.mshsaa.org/MySchool/Matchup.aspx?s=1540&alg=57&comp=2641600","1650 Cavalier Drive, Jefferson City, MO 65109"
"53","Centralia High School","Golf Girls","24","Varsity","9/24","","","Troy Buchanan Golf Invitational","tournament","https://www.mshsaa.org/MySchool/Schedule.aspx?s=53&alg=24","https://www.mshsaa.org/MySchool/Tournament.aspx?s=53&alg=24&tournament=552261","Troy, MO"
"53","Centralia High School","Volleyball Girls","57","Varsity","9/24","7:00 pm","","Linn","away","https://www.mshsaa.org/MySchool/Schedule.aspx?s=53&alg=57","https://www.mshsaa.org/MySchool/Matchup.aspx?s=53&alg=57&comp=2645035","141 Wildcat Drive, Linn, MO 65051"
"1099","Christian Fellowship","Softball Fall Season","38","Varsity","9/24","5:30 pm","","Southern Boone","away","https://www.mshsaa.org/MySchool/Schedule.aspx?s=1099&alg=38","https://www.mshsaa.org/MySchool/Matchup.aspx?s=1099&alg=38&comp=2656960","14520 Crump Lane, Ashland, MO 65010-9464"
"1099","Christian Fellowship","Volleyball Girls","57","Varsity","9/24","6:30 pm","","Eugene","home","https://www.mshsaa.org/MySchool/Schedule.aspx?s=1099&alg=57","https://www.mshsaa.org/MySchool/Matchup.aspx?s=1099&alg=57&comp=2654221","4600 Christian Fellowship Rd, Columbia, MO 65203"
"566","Columbia Independent","Soccer Boys","33","Varsity","9/24-26","","","Richard Wilson Shootout","tournament","https://www.mshsaa.org/MySchool/Schedule.aspx?s=566&alg=33","https://www.mshsaa.org/MySchool/Tournament.aspx?s=566&alg=33&tournament=589051","Jefferson City, MO"
"566","Columbia Independent","Tennis Girls","49","Varsity","9/24","4:30 pm","","Osage","home","https://www.mshsaa.org/MySchool/Schedule.aspx?s=566&alg=49","https://www.mshsaa.org/MySchool/Matchup.aspx?s=566&alg=49&comp=2723435","1801 North Stadium Boulevard, Columbia, MO 65202"
"566","Columbia Independent","Volleyball Girls","57","Varsity","9/24","6:00 pm","","Bunceton","away","https://www.mshsaa.org/MySchool/Schedule.aspx?s=566&alg=57","https://www.mshsaa.org/MySchool/Matchup.aspx?s=566&alg=57&comp=2723420","500 E Main St, Bunceton, MO 65237-1125"
"278","Eldon High School","Golf Girls","24","Varsity","9/24","4:00 pm","","Versailles","home","https://www.mshsaa.org/MySchool/Schedule.aspx?s=278&alg=24","https://www.mshsaa.org/MySchool/Matchup.aspx?s=278&alg=24&comp=2628657","112 S Pine St, Eldon, MO 65026-1594"
"278","Eldon High School","Softball Fall Season","38","Varsity","9/24-26","","","California Turf War","tournament","https://www.mshsaa.org/MySchool/Schedule.aspx?s=278&alg=38","https://www.mshsaa.org/MySchool/Tournament.aspx?s=278&alg=38&tournament=553110","California, MO"
"278","Eldon High School","Volleyball Girls","57","Varsity","9/24","6:00 pm","","Camdenton","away","https://www.mshsaa.org/MySchool/Schedule.aspx?s=278&alg=57","https://www.mshsaa.org/MySchool/Matchup.aspx?s=278&alg=57&comp=2784699","662 Laker Pride Road, Camdenton, MO 65020-1409"
"917","Father Tolton","Soccer Boys","33","Varsity","9/24","6:30 pm","","St. Francis Borgia","away","https://www.mshsaa.org/MySchool/Schedule.aspx?s=917&alg=33","https://www.mshsaa.org/MySchool/Matchup.aspx?s=917&alg=33&comp=2665265","1000 Borgia Dr, Washington, MO 63090-4112"
"917","Father Tolton","Tennis Girls","49","Varsity","9/24","1:00 pm","","Moberly","home","https://www.mshsaa.org/MySchool/Schedule.aspx?s=917&alg=49","https://www.mshsaa.org/MySchool/Matchup.aspx?s=917&alg=49&comp=2767634","3351 E Gans Road, Columbia, MO 65201"
"294","Fayette High School","Golf Girls","24","Varsity","9/24","","","Harrisburg Quad","tournament","https://www.mshsaa.org/MySchool/Schedule.aspx?s=294&alg=24","https://www.mshsaa.org/MySchool/Tournament.aspx?s=294&alg=24&tournament=572304","Harrisburg, MO"
"294","Fayette High School","Softball Fall Season","38","Varsity","9/24","5:00 pm","","Russellville","away","https://www.mshsaa.org/MySchool/Schedule.aspx?s=294&alg=38","https://www.mshsaa.org/MySchool/Matchup.aspx?s=294&alg=38&comp=2634416","13600 Rte C, Russellville, MO 65074"
"80","Fulton High School","Soccer Boys","33","Varsity","9/24","5:00 pm","","Crocker","away","https://www.mshsaa.org/MySchool/Schedule.aspx?s=80&alg=33","https://www.mshsaa.org/MySchool/Matchup.aspx?s=80&alg=33&comp=2664017","601 N Commercial, Crocker, MO 65452"
"80","Fulton High School","Softball Fall Season","38","Varsity","9/24-26","","","California Turf War","tournament","https://www.mshsaa.org/MySchool/Schedule.aspx?s=80&alg=38","https://www.mshsaa.org/MySchool/Tournament.aspx?s=80&alg=38&tournament=545391","California, MO"
"80","Fulton High School","Tennis Girls","49","Varsity","9/24","4:00 pm","","Kirksville","home","https://www.mshsaa.org/MySchool/Schedule.aspx?s=80&alg=49","https://www.mshsaa.org/MySchool/Matchup.aspx?s=80&alg=49&comp=2745184","#1 Hornet Drive, Fulton, MO 65251-2729"
"80","Fulton High School","Volleyball Girls","57","Varsity","9/24","7:30 pm","","Southern Boone","away","https://www.mshsaa.org/MySchool/Schedule.aspx?s=80&alg=57","https://www.mshsaa.org/MySchool/Matchup.aspx?s=80&alg=57&comp=2642117","14520 Crump Lane, Ashland, MO 65010-9464"
"302","Glasgow High School","Cross Country Boys","11","Varsity","9/24","","","Chillicothe High School Invitational Meet","tournament","https://www.mshsaa.org/MySchool/Schedule.aspx?s=302&alg=11","https://www.mshsaa.org/MySchool/Tournament.aspx?s=302&alg=11&tournament=595719","Chillicothe, MO"
"302","Glasgow High School","Cross Country Girls","12","Varsity","9/24","","","Chillicothe Invitational","tournament","https://www.mshsaa.org/MySchool/Schedule.aspx?s=302&alg=12","https://www.mshsaa.org/MySchool/Tournament.aspx?s=302&alg=12&tournament=595720","Chillicothe, MO"
"302","Glasgow High School","Softball Fall Season","38","Varsity","9/24","5:00 pm","","Norborne with Hardin-Central","home","https://www.mshsaa.org/MySchool/Schedule.aspx?s=302&alg=38","https://www.mshsaa.org/MySchool/Matchup.aspx?s=302&alg=38&comp=2737355","860 Randolph St, Glasgow, MO 65254-1299"
"311","Hallsville High School","Softball Fall Season","38","Varsity","9/24","5:30 pm","","Southern Boone","away","https://www.mshsaa.org/MySchool/Schedule.aspx?s=311&alg=38","https://www.mshsaa.org/MySchool/Matchup.aspx?s=311&alg=38&comp=2656960","14520 Crump Lane, Ashland, MO 65010-9464"
"311","Hallsville High School","Volleyball Girls","57","Varsity","9/24","6:30 pm","","Blair Oaks","home","https://www.mshsaa.org/MySchool/Schedule.aspx?s=311&alg=57","https://www.mshsaa.org/MySchool/Matchup.aspx?s=311&alg=57&comp=2638636","421 E Hwy 124, Hallsville, MO 65255-9346"
"313","Harrisburg High School","Golf Girls","24","Varsity","9/24","4:00 pm","","Harrisburg Quad","tournament","https://www.mshsaa.org/MySchool/Schedule.aspx?s=313&alg=24","https://www.mshsaa.org/MySchool/Tournament.aspx?s=313&alg=24&tournament=543829","Harrisburg, MO"
"313","Harrisburg High School","Softball Fall Season","38","Varsity","9/24","5:00 pm","","South Shelby","home","https://www.mshsaa.org/MySchool/Schedule.aspx?s=313&alg=38","https://www.mshsaa.org/MySchool/Matchup.aspx?s=313&alg=38&comp=2707559","801 S Harris St, Harrisburg, MO 65256-9542"
"522","Helias High School","Soccer Boys","33","Varsity","9/24-25","","","Richard Wilson Shootout","tournament","https://www.mshsaa.org/MySchool/Schedule.aspx?s=522&alg=33","https://www.mshsaa.org/MySchool/Tournament.aspx?s=522&alg=33&tournament=582289","Jefferson City, MO"
"522","Helias High School","Soccer Boys","33","Varsity","⤷ 9/24","TBD","","Southern Boone","tournament","https://www.mshsaa.org/MySchool/Schedule.aspx?s=522&alg=33","https://www.mshsaa.org/MySchool/Matchup.aspx?s=522&alg=33&comp=2784294","Jefferson City, MO"
"522","Helias High School","Tennis Girls","49","Varsity","9/24","4:30 pm","","Rock Bridge","away","https://www.mshsaa.org/MySchool/Schedule.aspx?s=522&alg=49","https://www.mshsaa.org/MySchool/Matchup.aspx?s=522&alg=49&comp=2627988","4303 S Providence Rd, Columbia, MO 65203-7198"
"522","Helias High School","Volleyball Girls","57","Varsity","9/24","7:00 pm","","California","away","https://www.mshsaa.org/MySchool/Schedule.aspx?s=522&alg=57","https://www.mshsaa.org/MySchool/Matchup.aspx?s=522&alg=57&comp=2643758","1501 W Buchanan, California, MO 65018-1279"
"85","Hickman High School","Golf Girls","24","Varsity","9/24","","","Rock Bridge, Jefferson City, Hickman, Battle","tournament","https://www.mshsaa.org/MySchool/Schedule.aspx?s=85&alg=24","https://www.mshsaa.org/MySchool/Tournament.aspx?s=85&alg=24&tournament=582986","Columbia, MO"
"85","Hickman High School","Volleyball Girls","57","Varsity","9/24","7:00 pm","","Battle","away","https://www.mshsaa.org/MySchool/Schedule.aspx?s=85&alg=57","https://www.mshsaa.org/MySchool/Matchup.aspx?s=85&alg=57&comp=2744141","7575 St. Charles Road, Columbia, MO 65202"
"317","Higbee High School","Baseball Fall Season","66","Varsity","9/24","5:00 pm","","Prairie Home with Bunceton","away","https://www.mshsaa.org/MySchool/Schedule.aspx?s=317&alg=66","https://www.mshsaa.org/MySchool/Matchup.aspx?s=317&alg=66&comp=2626886","301 Hwy. 87, Prairie Home, MO 65068"
"84","Jefferson City High School","Golf Girls","24","Varsity","9/24","2:00 pm","","Rock Bridge, Jefferson City, Hickman, Battle","tournament","https://www.mshsaa.org/MySchool/Schedule.aspx?s=84&alg=24","https://www.mshsaa.org/MySchool/Tournament.aspx?s=84&alg=24&tournament=576807","Sedalia, MO"
"84","Jefferson City High School","Softball Fall Season","38","Varsity","9/24","4:30 pm","","Camdenton","home","https://www.mshsaa.org/MySchool/Schedule.aspx?s=84&alg=38","https://www.mshsaa.org/MySchool/Matchup.aspx?s=84&alg=38&comp=2639945","609 Union St, Jefferson City, MO 65101-2898"
"360","Marshall High School","Golf Girls","24","Varsity","9/24","4:00 pm","","Sacred Heart","home","https://www.mshsaa.org/MySchool/Schedule.aspx?s=360&alg=24","https://www.mshsaa.org/MySchool/Matchup.aspx?s=360&alg=24&comp=2656775","805 S Miami, Marshall, MO 65340-2499"
"360","Marshall High School","Soccer Boys","33","Varsity","9/24","6:30 pm","","Capital City","home","https://www.mshsaa.org/MySchool/Schedule.aspx?s=360&alg=33","https://www.mshsaa.org/MySchool/Matchup.aspx?s=360&alg=33&comp=2668427","805 S Miami, Marshall, MO 65340-2499"
"128","Mexico High School","Softball Fall Season","38","Varsity","9/24","5:00 pm","","Lutheran St. Charles with Veritas Christian Academy","home","https://www.mshsaa.org/MySchool/Schedule.aspx?s=128&alg=38","https://www.mshsaa.org/MySchool/Matchup.aspx?s=128&alg=38&comp=2764272","639 N. Wade St., Mexico, MO 65265"
"128","Mexico High School","Tennis Girls","49","Varsity","9/24","4:00 pm","","Boonville","home","https://www.mshsaa.org/MySchool/Schedule.aspx?s=128&alg=49","https://www.mshsaa.org/MySchool/Matchup.aspx?s=128&alg=49&comp=2758455","639 N Wade, Mexico, MO 65265-1899"
"128","Mexico High School","Volleyball Girls","57","Varsity","9/24","6:00 pm","","Bowling Green","home","https://www.mshsaa.org/MySchool/Schedule.aspx?s=128&alg=57","https://www.mshsaa.org/MySchool/Matchup.aspx?s=128&alg=57&comp=2633195","639 N Wade, Mexico, MO 65265-1899"
"132","Moberly High School","Cross Country Boys","11","Varsity","9/24","","","Chillicothe High School Invitational Meet","tournament","https://www.mshsaa.org/MySchool/Schedule.aspx?s=132&alg=11","https://www.mshsaa.org/MySchool/Tournament.aspx?s=132&alg=11&tournament=584821","Chillicothe, MO"
"132","Moberly High School","Cross Country Girls","12","Varsity","9/24","","","Chillicothe Invitational","tournament","https://www.mshsaa.org/MySchool/Schedule.aspx?s=132&alg=12","https://www.mshsaa.org/MySchool/Tournament.aspx?s=132&alg=12&tournament=585352","Chillicothe, MO"
"132","Moberly High School","Golf Girls","24","Varsity","9/24","","","Chillicothe Invitational","tournament","https://www.mshsaa.org/MySchool/Schedule.aspx?s=132&alg=24","https://www.mshsaa.org/MySchool/Tournament.aspx?s=132&alg=24&tournament=589699","Chillicothe, MO"
"132","Moberly High School","Softball Fall Season","38","Varsity","9/24","5:00 pm","","Kirksville","home","https://www.mshsaa.org/MySchool/Schedule.aspx?s=132&alg=38","https://www.mshsaa.org/MySchool/Matchup.aspx?s=132&alg=38&comp=2671685","1625 Gratz Brown, Moberly, MO 65270-1904"
"132","Moberly High School","Tennis Girls","49","Varsity","9/24","1:00 pm","","Father Tolton","away","https://www.mshsaa.org/MySchool/Schedule.aspx?s=132&alg=49","https://www.mshsaa.org/MySchool/Matchup.aspx?s=132&alg=49&comp=2768075","3351 E Gans Road, Columbia, MO 65201"
"139","North Callaway High School","Softball Fall Season","38","Varsity","9/24","5:00 pm","","Montgomery County","home","https://www.mshsaa.org/MySchool/Schedule.aspx?s=139&alg=38","https://www.mshsaa.org/MySchool/Matchup.aspx?s=139&alg=38&comp=2614157","2700 Thunderbird Dr, Kingdom City, MO 65262-1817"
"139","North Callaway High School","Volleyball Girls","57","Varsity","9/24","6:00 pm","","Sunnydale Adventist Acad HS","home","https://www.mshsaa.org/MySchool/Schedule.aspx?s=139&alg=57","https://www.mshsaa.org/MySchool/Matchup.aspx?s=139&alg=57&comp=2615039","2700 Thunderbird Dr, Kingdom City, MO 65262-1817"
"152","Osage High School","Soccer Boys","33","Varsity","9/24","6:45 pm","","Smith-Cotton","away","https://www.mshsaa.org/MySchool/Schedule.aspx?s=152&alg=33","https://www.mshsaa.org/MySchool/Matchup.aspx?s=152&alg=33&comp=2679354","2010 Tiger Pride Blvd, Sedalia, MO 65301-8503"
"152","Osage High School","Softball Fall Season","38","Varsity","9/24","5:00 pm","","Jamestown","home","https://www.mshsaa.org/MySchool/Schedule.aspx?s=152&alg=38","https://www.mshsaa.org/MySchool/Matchup.aspx?s=152&alg=38&comp=2656329","636 Hwy 42, Osage Beach, MO 65065-5301"
"578","Rock Bridge High School","Golf Girls","24","Varsity","9/24","2:00 pm","","Rock Bridge, Jefferson City, Hickman, Battle","tournament","https://www.mshsaa.org/MySchool/Schedule.aspx?s=578&alg=24","https://www.mshsaa.org/MySchool/Tournament.aspx?s=578&alg=24&tournament=582839","Columbia, MO"
"578","Rock Bridge High School","Golf Girls","24","Varsity","⤷ 9/24","TBD","","Jefferson City","tournament","https://www.mshsaa.org/MySchool/Schedule.aspx?s=578&alg=24","https://www.mshsaa.org/MySchool/Matchup.aspx?s=578&alg=24&comp=2753456","4303 S Providence Rd, Columbia, MO 65203-7198"
"578","Rock Bridge High School","Golf Girls","24","Varsity","⤷ 9/24","TBD","","Battle","tournament","https://www.mshsaa.org/MySchool/Schedule.aspx?s=578&alg=24","https://www.mshsaa.org/MySchool/Matchup.aspx?s=578&alg=24&comp=2753457","4303 S Providence Rd, Columbia, MO 65203-7198"
"578","Rock Bridge High School","Golf Girls","24","Varsity","⤷ 9/24","TBD","","Hickman","tournament","https://www.mshsaa.org/MySchool/Schedule.aspx?s=578&alg=24","https://www.mshsaa.org/MySchool/Matchup.aspx?s=578&alg=24&comp=2753458","4303 S Providence Rd, Columbia, MO 65203-7198"
"578","Rock Bridge High School","Soccer Boys","33","Varsity","9/24","6:45 pm","","Liberty (Wentzville)","home","https://www.mshsaa.org/MySchool/Schedule.aspx?s=578&alg=33","https://www.mshsaa.org/MySchool/Matchup.aspx?s=578&alg=33&comp=2648517","4303 South Providence Road, Columbia, MO 65203"
"578","Rock Bridge High School","Tennis Girls","49","Varsity","9/24","4:30 pm","","Helias Catholic","home","https://www.mshsaa.org/MySchool/Schedule.aspx?s=578&alg=49","https://www.mshsaa.org/MySchool/Matchup.aspx?s=578&alg=49&comp=2628026","4303 S Providence Rd, Columbia, MO 65203-7198"
"578","Rock Bridge High School","Volleyball Girls","57","Varsity","9/24","7:00 pm","","Capital City","away","https://www.mshsaa.org/MySchool/Schedule.aspx?s=578&alg=57","https://www.mshsaa.org/MySchool/Matchup.aspx?s=578&alg=57&comp=2743482","1650 Cavalier Drive, Jefferson City, MO 65109"
"430","Russellville High School","Softball Fall Season","38","Varsity","9/24","5:00 pm","","Fayette","home","https://www.mshsaa.org/MySchool/Schedule.aspx?s=430&alg=38","https://www.mshsaa.org/MySchool/Matchup.aspx?s=430&alg=38&comp=2616307","13600 Rte C, Russellville, MO 65074"
"430","Russellville High School","Volleyball Girls","57","Varsity","9/24","6:00 pm","","Calvary Lutheran","home","https://www.mshsaa.org/MySchool/Schedule.aspx?s=430&alg=57","https://www.mshsaa.org/MySchool/Matchup.aspx?s=430&alg=57&comp=2612886","13600 Rte C, Russellville, MO 65074"
"431","Salisbury High School","Cross Country Boys","11","Varsity","9/24","4:00 pm","","Chillicothe High School Invitational Meet","tournament","https://www.mshsaa.org/MySchool/Schedule.aspx?s=431&alg=11","https://www.mshsaa.org/MySchool/Tournament.aspx?s=431&alg=11&tournament=545829","Chillicothe, MO"
"431","Salisbury High School","Cross Country Girls","12","Varsity","9/24","4:00 pm","","Chillicothe Invitational","tournament","https://www.mshsaa.org/MySchool/Schedule.aspx?s=431&alg=12","https://www.mshsaa.org/MySchool/Tournament.aspx?s=431&alg=12&tournament=545833","Chillicothe, MO"
"431","Salisbury High School","Softball Fall Season","38","Varsity","9/24","5:00 pm","","Northeast (Cairo)","home","https://www.mshsaa.org/MySchool/Schedule.aspx?s=431&alg=38","https://www.mshsaa.org/MySchool/Matchup.aspx?s=431&alg=38&comp=2591152","1000 S Maple Ave, Salisbury, MO 65281"
"194","Smith-Cotton High School","Golf Girls","24","Varsity","9/24","4:00 pm","","Smith-Cotton Quad","tournament","https://www.mshsaa.org/MySchool/Schedule.aspx?s=194&alg=24","https://www.mshsaa.org/MySchool/Tournament.aspx?s=194&alg=24&tournament=557516","Sedalia, MO"
"194","Smith-Cotton High School","Soccer Boys","33","Varsity","9/24","6:45 pm","","Osage","home","https://www.mshsaa.org/MySchool/Schedule.aspx?s=194&alg=33","https://www.mshsaa.org/MySchool/Matchup.aspx?s=194&alg=33&comp=2663089","2010 Tiger Pride Blvd, Sedalia, MO 65301-8503"
"194","Smith-Cotton High School","Softball Fall Season","38","Varsity","9/24","5:00 pm","","Capital City","away","https://www.mshsaa.org/MySchool/Schedule.aspx?s=194&alg=38","https://www.mshsaa.org/MySchool/Matchup.aspx?s=194&alg=38&comp=2657349","1650 Cavalier Drive, Jefferson City, MO 65109"
"197","South Callaway High School","Softball Fall Season","38","Varsity","9/24","5:00 pm","","Eugene","home","https://www.mshsaa.org/MySchool/Schedule.aspx?s=197&alg=38","https://www.mshsaa.org/MySchool/Matchup.aspx?s=197&alg=38&comp=2724563","10135 State Rd C, Mokane, MO 65059-0038"
"2","Southern Boone High School","Golf Girls","24","Varsity","9/24","4:00 pm","","California","away","https://www.mshsaa.org/MySchool/Schedule.aspx?s=2&alg=24","https://www.mshsaa.org/MySchool/Matchup.aspx?s=2&alg=24&comp=2695784","1501 W Buchanan, California, MO 65018-1279"
"2","Southern Boone High School","Soccer Boys","33","Varsity","9/24-26","","","Richard Wilson Shootout","tournament","https://www.mshsaa.org/MySchool/Schedule.aspx?s=2&alg=33","https://www.mshsaa.org/MySchool/Tournament.aspx?s=2&alg=33&tournament=583347","Jefferson City, MO"
"2","Southern Boone High School","Soccer Boys","33","Varsity","⤷ 9/24","TBD","","Helias Catholic","tournament","https://www.mshsaa.org/MySchool/Schedule.aspx?s=2&alg=33","https://www.mshsaa.org/MySchool/Matchup.aspx?s=2&alg=33&comp=2784177","Jefferson City, MO"
"2","Southern Boone High School","Softball Fall Season","38","Varsity","9/24","5:30 pm","","Hallsville with Christian Fellowship Sr.","home","https://www.mshsaa.org/MySchool/Schedule.aspx?s=2&alg=38","https://www.mshsaa.org/MySchool/Matchup.aspx?s=2&alg=38&comp=2650867","14520 Crump Lane, Ashland, MO 65010-9464"
"2","Southern Boone High School","Volleyball Girls","57","Varsity","9/24","7:30 pm","","Fulton","home","https://www.mshsaa.org/MySchool/Schedule.aspx?s=2&alg=57","https://www.mshsaa.org/MySchool/Matchup.aspx?s=2&alg=57&comp=2653886","14520 Crump Lane, Ashland, MO 65010-9464"
"485","Versailles High School","Golf Girls","24","Varsity","9/24","4:00 pm","","Eldon","away","https://www.mshsaa.org/MySchool/Schedule.aspx?s=485&alg=24","https://www.mshsaa.org/MySchool/Matchup.aspx?s=485&alg=24&comp=2629951","112 S Pine St, Eldon, MO 65026-1594"
"485","Versailles High School","Volleyball Girls","57","Varsity","9/24","7:00 pm","","Butler","away","https://www.mshsaa.org/MySchool/Schedule.aspx?s=485&alg=57","https://www.mshsaa.org/MySchool/Matchup.aspx?s=485&alg=57&comp=2624018","420 S Fulton St, Butler, MO 64730-1992"
"953","Battle High School","Football","19","Varsity","9/25","7:00 pm","","Camdenton","home","https://www.mshsaa.org/MySchool/Schedule.aspx?s=953&alg=19","https://www.mshsaa.org/MySchool/Matchup.aspx?s=953&alg=19&comp=2666894","7575 St. Charles Road, Columbia, MO 65202"
"217","Blair Oaks High School","Football","19","Varsity","9/25","7:00 pm","","California","away","https://www.mshsaa.org/MySchool/Schedule.aspx?s=217&alg=19","https://www.mshsaa.org/MySchool/Matchup.aspx?s=217&alg=19&comp=2590195","1501 W Buchanan, California, MO 65018-1279"
"16","Boonville High School","Football","19","Varsity","9/25","7:00 pm","","Southern Boone","home","https://www.mshsaa.org/MySchool/Schedule.aspx?s=16&alg=19","https://www.mshsaa.org/MySchool/Matchup.aspx?s=16&alg=19&comp=2626518","1 Pirate Dr., Boonville, MO 65233-2740"
"582","California High School","Football","19","Varsity","9/25","7:00 pm","","Blair Oaks","home","https://www.mshsaa.org/MySchool/Schedule.aspx?s=582&alg=19","https://www.mshsaa.org/MySchool/Matchup.aspx?s=582&alg=19&comp=2519682","1501 West Buchanan Street, California, MO 65018"
"26","Camdenton High School","Football","19","Varsity","9/25","7:00 pm","","Battle","away","https://www.mshsaa.org/MySchool/Schedule.aspx?s=26&alg=19","https://www.mshsaa.org/MySchool/Matchup.aspx?s=26&alg=19&comp=2767240","7575 St. Charles Road, Columbia, MO 65202"
"26","Camdenton High School","Soccer Boys","33","Varsity","9/25","1:00 pm","","Southern Boone","away","https://www.mshsaa.org/MySchool/Schedule.aspx?s=26&alg=33","https://www.mshsaa.org/MySchool/Matchup.aspx?s=26&alg=33&comp=2782008","Jefferson City, MO"
"1540","Capital City High School","Football","19","Varsity","9/25","7:00 pm","","Jefferson City","home","https://www.mshsaa.org/MySchool/Schedule.aspx?s=1540&alg=19","https://www.mshsaa.org/MySchool/Matchup.aspx?s=1540&alg=19&comp=2622656","1650 Cavalier Drive, Jefferson City, MO 65109"
"1540","Capital City High School","Swimming and Diving Boys","44","Varsity","9/25-26","","","COMO Invite","tournament","https://www.mshsaa.org/MySchool/Schedule.aspx?s=1540&alg=44","https://www.mshsaa.org/MySchool/Tournament.aspx?s=1540&alg=44&tournament=563828","Columbia, MO"
"1540","Capital City High School","Tennis Girls","49","Varsity","9/25","","","S-C Invitational","tournament","https://www.mshsaa.org/MySchool/Schedule.aspx?s=1540&alg=49","https://www.mshsaa.org/MySchool/Tournament.aspx?s=1540&alg=49&tournament=543534","Sedalia, MO"
"53","Centralia High School","Football","19","Varsity","9/25","7:00 pm","","Macon","away","https://www.mshsaa.org/MySchool/Schedule.aspx?s=53&alg=19","https://www.mshsaa.org/MySchool/Matchup.aspx?s=53&alg=19&comp=2584451","702 N Missouri St, Macon, MO 63552-2082"
"53","Centralia High School","Softball Fall Season","38","Varsity","9/25-26","","","Jennies HS Softball Tournament","tournament","https://www.mshsaa.org/MySchool/Schedule.aspx?s=53&alg=38","https://www.mshsaa.org/MySchool/Tournament.aspx?s=53&alg=38&tournament=552269","Warrensburg, MO"
"1099","Christian Fellowship","Soccer Boys","33","Varsity","9/25-26","","","2026 Spartan Invitational","tournament","https://www.mshsaa.org/MySchool/Schedule.aspx?s=1099&alg=33","https://www.mshsaa.org/MySchool/Tournament.aspx?s=1099&alg=33&tournament=578924","Moberly, MO"
"1099","Christian Fellowship","Volleyball Girls","57","Varsity","9/25","6:00 pm","","New Bloomfield","away","https://www.mshsaa.org/MySchool/Schedule.aspx?s=1099&alg=57","https://www.mshsaa.org/MySchool/Matchup.aspx?s=1099&alg=57&comp=2655600","307 Redwood Dr, New Bloomfield, MO 65063"
"278","Eldon High School","Football","19","Varsity","9/25","7:00 pm","","Osage","away","https://www.mshsaa.org/MySchool/Schedule.aspx?s=278&alg=19","https://www.mshsaa.org/MySchool/Matchup.aspx?s=278&alg=19&comp=2572759","636 Hwy 42, Osage Beach, MO 65065-5301"
"917","Father Tolton","Cross Country Boys","11","Varsity","9/25-26","","","Gans Creek Classic","tournament","https://www.mshsaa.org/MySchool/Schedule.aspx?s=917&alg=11","https://www.mshsaa.org/MySchool/Tournament.aspx?s=917&alg=11&tournament=589894","Columbia, MO"
"917","Father Tolton","Cross Country Girls","12","Varsity","9/25-26","","","Gans Creek Classic","tournament","https://www.mshsaa.org/MySchool/Schedule.aspx?s=917&alg=12","https://www.mshsaa.org/MySchool/Tournament.aspx?s=917&alg=12&tournament=589893","Columbia, MO"
"917","Father Tolton","Football","19","Varsity","9/25","7:00 pm","","St. Francis Borgia","away","https://www.mshsaa.org/MySchool/Schedule.aspx?s=917&alg=19","https://www.mshsaa.org/MySchool/Matchup.aspx?s=917&alg=19&comp=2550755","1000 Borgia Dr, Washington, MO 63090-4112"
"294","Fayette High School","Football","19","Varsity","9/25","7:00 pm","","Russellville","away","https://www.mshsaa.org/MySchool/Schedule.aspx?s=294&alg=19","https://www.mshsaa.org/MySchool/Matchup.aspx?s=294&alg=19&comp=2634433","13600 Rte C, Russellville, MO 65074"
"80","Fulton High School","Football","19","Varsity","9/25","7:00 pm","","Hallsville","home","https://www.mshsaa.org/MySchool/Schedule.aspx?s=80&alg=19","https://www.mshsaa.org/MySchool/Matchup.aspx?s=80&alg=19&comp=2589267","#1 Hornet Drive, Fulton, MO 65251-2729"
"80","Fulton High School","Golf Girls","24","Varsity","9/25","4:00 pm","","Callaway Cup","tournament","https://www.mshsaa.org/MySchool/Schedule.aspx?s=80&alg=24","https://www.mshsaa.org/MySchool/Tournament.aspx?s=80&alg=24&tournament=579523",""
"302","Glasgow High School","Baseball Fall Season","66","Varsity","9/25","5:00 pm","","Central MO HS HSA","home","https://www.mshsaa.org/MySchool/Schedule.aspx?s=302&alg=66","https://www.mshsaa.org/MySchool/Matchup.aspx?s=302&alg=66&comp=2783068","860 Randolph St, Glasgow, MO 65254-1299"
"311","Hallsville High School","Football","19","Varsity","9/25","7:00 pm","","Fulton","away","https://www.mshsaa.org/MySchool/Schedule.aspx?s=311&alg=19","https://www.mshsaa.org/MySchool/Matchup.aspx?s=311&alg=19&comp=2589280","#1 Hornet Drive, Fulton, MO 65251-2729"
"311","Hallsville High School","Soccer Boys","33","Varsity","9/25-26","","","2026 Spartan Invitational","tournament","https://www.mshsaa.org/MySchool/Schedule.aspx?s=311&alg=33","https://www.mshsaa.org/MySchool/Tournament.aspx?s=311&alg=33&tournament=578924","Moberly, MO"
"313","Harrisburg High School","Football","19","Varsity","9/25","7:00 pm","","Linn","home","https://www.mshsaa.org/MySchool/Schedule.aspx?s=313&alg=19","https://www.mshsaa.org/MySchool/Matchup.aspx?s=313&alg=19&comp=2633495","801 S. Harris, Harrisburg, MO 65256"
"522","Helias High School","Football","19","Varsity","9/25","7:00 pm","","Rock Bridge","home","https://www.mshsaa.org/MySchool/Schedule.aspx?s=522&alg=19","https://www.mshsaa.org/MySchool/Matchup.aspx?s=522&alg=19&comp=2627941","1305 Swifts Hwy, Jefferson City, MO 65109-2595"
"522","Helias High School","Soccer Boys","33","Varsity","⤷ 9/25","TBD","","Lutheran St. Charles","tournament","https://www.mshsaa.org/MySchool/Schedule.aspx?s=522&alg=33","https://www.mshsaa.org/MySchool/Matchup.aspx?s=522&alg=33&comp=2784295","Jefferson City, MO"
"522","Helias High School","Softball Fall Season","38","Varsity","9/25","12:00 pm","","Blue Springs South","home","https://www.mshsaa.org/MySchool/Schedule.aspx?s=522&alg=38","https://www.mshsaa.org/MySchool/Matchup.aspx?s=522&alg=38&comp=2722740","1305 Swifts Hwy, Jefferson City, MO 65109-2595"
"85","Hickman High School","Football","19","Varsity","9/25","7:00 pm","","Smith-Cotton","away","https://www.mshsaa.org/MySchool/Schedule.aspx?s=85&alg=19","https://www.mshsaa.org/MySchool/Matchup.aspx?s=85&alg=19&comp=2646527","2010 Tiger Pride Blvd, Sedalia, MO 65301-8503"
"85","Hickman High School","Soccer Boys","33","Varsity","9/25-26","","","West Central Missouri Shootout","tournament","https://www.mshsaa.org/MySchool/Schedule.aspx?s=85&alg=33","https://www.mshsaa.org/MySchool/Tournament.aspx?s=85&alg=33&tournament=558042","Sedalia, MO"
"85","Hickman High School","Soccer Boys","33","Varsity","⤷ 9/25","TBD","","Summit Christian Academy","tournament","https://www.mshsaa.org/MySchool/Schedule.aspx?s=85&alg=33","https://www.mshsaa.org/MySchool/Matchup.aspx?s=85&alg=33&comp=2777242","Sedalia, MO"
"85","Hickman High School","Softball Fall Season","38","Varsity","9/25","4:30 pm","","Ft. Zumwalt West","away","https://www.mshsaa.org/MySchool/Schedule.aspx?s=85&alg=38","https://www.mshsaa.org/MySchool/Matchup.aspx?s=85&alg=38&comp=2744118","1251 Turtle Creek Dr, O'fallon, MO 63366-5948"
"85","Hickman High School","Swimming and Diving Boys","44","Varsity","9/25","2:00 pm","","COMO Varsity Prelims","tournament","https://www.mshsaa.org/MySchool/Schedule.aspx?s=85&alg=44","https://www.mshsaa.org/MySchool/Tournament.aspx?s=85&alg=44&tournament=592805","Columbia, MO"
"85","Hickman High School","Swimming and Diving Boys","44","Varsity","9/25","9:00 am","","COMO Diving","tournament","https://www.mshsaa.org/MySchool/Schedule.aspx?s=85&alg=44","https://www.mshsaa.org/MySchool/Tournament.aspx?s=85&alg=44&tournament=592806","Columbia, MO"
"85","Hickman High School","Tennis Girls","49","Varsity","9/25","","","S-C Invitational","tournament","https://www.mshsaa.org/MySchool/Schedule.aspx?s=85&alg=49","https://www.mshsaa.org/MySchool/Tournament.aspx?s=85&alg=49&tournament=588482","Sedalia, MO"
"84","Jefferson City High School","Football","19","Varsity","9/25","7:00 pm","","Capital City","away","https://www.mshsaa.org/MySchool/Schedule.aspx?s=84&alg=19","https://www.mshsaa.org/MySchool/Matchup.aspx?s=84&alg=19&comp=2560881","1650 Cavalier Drive, Jefferson City, MO 65109"
"84","Jefferson City High School","Soccer Boys","33","Varsity","9/25-26","","","Richard Wilson Shootout","tournament","https://www.mshsaa.org/MySchool/Schedule.aspx?s=84&alg=33","https://www.mshsaa.org/MySchool/Tournament.aspx?s=84&alg=33&tournament=553907","1215 Adams St Jefferson City, MO 65101"
"84","Jefferson City High School","Tennis Girls","49","Varsity","9/25","","","S-C Invitational","tournament","https://www.mshsaa.org/MySchool/Schedule.aspx?s=84&alg=49","https://www.mshsaa.org/MySchool/Tournament.aspx?s=84&alg=49&tournament=582353","Sedalia, MO"
"360","Marshall High School","Football","19","Varsity","9/25","7:00 pm","","Kirksville","home","https://www.mshsaa.org/MySchool/Schedule.aspx?s=360&alg=19","https://www.mshsaa.org/MySchool/Matchup.aspx?s=360&alg=19&comp=2450270","805 S Miami, Marshall, MO 65340-2499"
"128","Mexico High School","Football","19","Varsity","9/25","7:00 pm","","Hannibal","away","https://www.mshsaa.org/MySchool/Schedule.aspx?s=128&alg=19","https://www.mshsaa.org/MySchool/Matchup.aspx?s=128&alg=19&comp=2518020","4500 McMasters Ave, Hannibal, MO 63401-2299"
"569","Missouri Military Academy","Football","19","Varsity","9/25","7:00 pm","","Duchesne","away","https://www.mshsaa.org/MySchool/Schedule.aspx?s=569&alg=19","https://www.mshsaa.org/MySchool/Matchup.aspx?s=569&alg=19&comp=2753781","2550 Elm, St. Charles, MO 63301-1494"
"569","Missouri Military Academy","Soccer Boys","33","Varsity","9/25-26","","","2026 Spartan Invitational","tournament","https://www.mshsaa.org/MySchool/Schedule.aspx?s=569&alg=33","https://www.mshsaa.org/MySchool/Tournament.aspx?s=569&alg=33&tournament=581885","Moberly, MO"
"569","Missouri Military Academy","Swimming and Diving Boys","44","Varsity","9/25-26","","","Como Invite","tournament","https://www.mshsaa.org/MySchool/Schedule.aspx?s=569&alg=44","https://www.mshsaa.org/MySchool/Tournament.aspx?s=569&alg=44&tournament=591566","Columbia, MO"
"132","Moberly High School","Football","19","Varsity","9/25","7:00 pm","","Rolla","away","https://www.mshsaa.org/MySchool/Schedule.aspx?s=132&alg=19","https://www.mshsaa.org/MySchool/Matchup.aspx?s=132&alg=19&comp=2785841","900 Bulldog Run, Rolla, MO 65401-3399"
"132","Moberly High School","Soccer Boys","33","Varsity","9/25-26","","","2026 Spartan Invitational","tournament","https://www.mshsaa.org/MySchool/Schedule.aspx?s=132&alg=33","https://www.mshsaa.org/MySchool/Tournament.aspx?s=132&alg=33&tournament=572101","1625 Gratz Brown Street Moberly, MO 65270"
"132","Moberly High School","Soccer Boys","33","Varsity","⤷ 9/25","7:00 pm","","Missouri Military Academy","tournament","https://www.mshsaa.org/MySchool/Schedule.aspx?s=132&alg=33","https://www.mshsaa.org/MySchool/Matchup.aspx?s=132&alg=33&comp=2788770","Moberly, MO"
"139","North Callaway High School","Football","19","Varsity","9/25","7:00 pm","","Palmyra","away","https://www.mshsaa.org/MySchool/Schedule.aspx?s=139&alg=19","https://www.mshsaa.org/MySchool/Matchup.aspx?s=139&alg=19&comp=2590131","1703 S Main St, Palmyra, MO 63461"
"152","Osage High School","Football","19","Varsity","9/25","7:00 pm","","Eldon","home","https://www.mshsaa.org/MySchool/Schedule.aspx?s=152&alg=19","https://www.mshsaa.org/MySchool/Matchup.aspx?s=152&alg=19&comp=2518997","636 Hwy 42, Osage Beach, MO 65065-5301"
"152","Osage High School","Softball Fall Season","38","Varsity","9/25","4:00 pm","","Iberia","home","https://www.mshsaa.org/MySchool/Schedule.aspx?s=152&alg=38","https://www.mshsaa.org/MySchool/Matchup.aspx?s=152&alg=38&comp=2656330","636 Hwy 42, Osage Beach, MO 65065-5301"
"578","Rock Bridge High School","Cross Country Boys","11","Varsity","9/25","","","Gans Creek Twilight","tournament","https://www.mshsaa.org/MySchool/Schedule.aspx?s=578&alg=11","https://www.mshsaa.org/MySchool/Tournament.aspx?s=578&alg=11&tournament=596589","Columbia, MO"
"578","Rock Bridge High School","Cross Country Girls","12","Varsity","9/25","","","Gans Creek Twilight","tournament","https://www.mshsaa.org/MySchool/Schedule.aspx?s=578&alg=12","https://www.mshsaa.org/MySchool/Tournament.aspx?s=578&alg=12&tournament=596602","Columbia, MO"
"578","Rock Bridge High School","Football","19","Varsity","9/25","7:00 pm","","Helias Catholic","away","https://www.mshsaa.org/MySchool/Schedule.aspx?s=578&alg=19","https://www.mshsaa.org/MySchool/Matchup.aspx?s=578&alg=19&comp=2628027","1305 Swifts Hwy, Jefferson City, MO 65109-2595"
"578","Rock Bridge High School","Softball Fall Season","38","Varsity","9/25-26","","","Liberty Tournament","tournament","https://www.mshsaa.org/MySchool/Schedule.aspx?s=578&alg=38","https://www.mshsaa.org/MySchool/Tournament.aspx?s=578&alg=38&tournament=589498","Liberty, MO"
"430","Russellville High School","Football","19","Varsity","9/25","7:00 pm","","Fayette","home","https://www.mshsaa.org/MySchool/Schedule.aspx?s=430&alg=19","https://www.mshsaa.org/MySchool/Matchup.aspx?s=430&alg=19&comp=2633125","13600 Hwy C, Russellville, MO 65074"
"431","Salisbury High School","Football","19","Varsity","9/25","7:00 pm","","Principia","home","https://www.mshsaa.org/MySchool/Schedule.aspx?s=431&alg=19","https://www.mshsaa.org/MySchool/Matchup.aspx?s=431&alg=19&comp=2683761","309 W 11th St, Salisbury, MO 65281"
"194","Smith-Cotton High School","Football","19","Varsity","9/25","7:00 pm","","Hickman","home","https://www.mshsaa.org/MySchool/Schedule.aspx?s=194&alg=19","https://www.mshsaa.org/MySchool/Matchup.aspx?s=194&alg=19&comp=2669258","2010 Tiger Pride Blvd, Sedalia, MO 65301-8503"
"194","Smith-Cotton High School","Soccer Boys","33","Varsity","9/25-26","","","West Central Missouri Shootout","tournament","https://www.mshsaa.org/MySchool/Schedule.aspx?s=194&alg=33","https://www.mshsaa.org/MySchool/Tournament.aspx?s=194&alg=33&tournament=554905","Sedalia, MO"
"194","Smith-Cotton High School","Soccer Boys","33","Varsity","⤷ 9/25","TBD","","North Kansas City","tournament","https://www.mshsaa.org/MySchool/Schedule.aspx?s=194&alg=33","https://www.mshsaa.org/MySchool/Matchup.aspx?s=194&alg=33&comp=2769330","Sedalia, MO"
"194","Smith-Cotton High School","Softball Fall Season","38","Varsity","9/25","4:00 pm","","Willard","away","https://www.mshsaa.org/MySchool/Schedule.aspx?s=194&alg=38","https://www.mshsaa.org/MySchool/Matchup.aspx?s=194&alg=38&comp=2657350","515 E Jackson, Willard, MO 65781-9209"
"194","Smith-Cotton High School","Swimming and Diving Boys","44","Varsity","9/25-26","","","COMO Invitational","tournament","https://www.mshsaa.org/MySchool/Schedule.aspx?s=194&alg=44","https://www.mshsaa.org/MySchool/Tournament.aspx?s=194&alg=44&tournament=575868","Columbia, MO"
"194","Smith-Cotton High School","Tennis Girls","49","Varsity","9/25","","","S-C Invitational","tournament","https://www.mshsaa.org/MySchool/Schedule.aspx?s=194&alg=49","https://www.mshsaa.org/MySchool/Tournament.aspx?s=194&alg=49&tournament=556734","Sedalia, MO"
"197","South Callaway High School","Football","19","Varsity","9/25","7:00 pm","","Tipton with Bunceton","away","https://www.mshsaa.org/MySchool/Schedule.aspx?s=197&alg=19","https://www.mshsaa.org/MySchool/Matchup.aspx?s=197&alg=19&comp=2647635","334 US Hwy 50 West, Tipton, MO 65081-8606"
"197","South Callaway High School","Golf Girls","24","Varsity","9/25","","","Callaway Cup","tournament","https://www.mshsaa.org/MySchool/Schedule.aspx?s=197&alg=24","https://www.mshsaa.org/MySchool/Tournament.aspx?s=197&alg=24&tournament=595866","New Bloomfield, MO"
"2","Southern Boone High School","Football","19","Varsity","9/25","7:00 pm","","Boonville","away","https://www.mshsaa.org/MySchool/Schedule.aspx?s=2&alg=19","https://www.mshsaa.org/MySchool/Matchup.aspx?s=2&alg=19&comp=2599043","1 Pirate Dr., Boonville, MO 65233-2740"
"2","Southern Boone High School","Soccer Boys","33","Varsity","⤷ 9/25","TBD","","Camdenton","tournament","https://www.mshsaa.org/MySchool/Schedule.aspx?s=2&alg=33","https://www.mshsaa.org/MySchool/Matchup.aspx?s=2&alg=33&comp=2784178","Jefferson City, MO"
"2","Southern Boone High School","Soccer Boys","33","Varsity","⤷ 9/25","TBD","","Jefferson City","tournament","https://www.mshsaa.org/MySchool/Schedule.aspx?s=2&alg=33","https://www.mshsaa.org/MySchool/Matchup.aspx?s=2&alg=33&comp=2784181","Jefferson City, MO"
"474","Tipton High School","Football","19","Varsity","9/25","7:00 pm","","South Callaway","home","https://www.mshsaa.org/MySchool/Schedule.aspx?s=474&alg=19","https://www.mshsaa.org/MySchool/Matchup.aspx?s=474&alg=19&comp=2633267","334 US Hwy 50 West, Tipton, MO 65081-8606"
"485","Versailles High School","Football","19","Varsity","9/25","7:00 pm","","Warsaw","home","https://www.mshsaa.org/MySchool/Schedule.aspx?s=485&alg=19","https://www.mshsaa.org/MySchool/Matchup.aspx?s=485&alg=19&comp=2516328","913 West Newton Street, Versailles, MO 65084"
"953","Battle High School","Cross Country Boys","11","Varsity","9/26","","","Gans Creek Classic","tournament","https://www.mshsaa.org/MySchool/Schedule.aspx?s=953&alg=11","https://www.mshsaa.org/MySchool/Tournament.aspx?s=953&alg=11&tournament=597910","Columbia, MO"
"953","Battle High School","Cross Country Girls","12","Varsity","9/26","","","Gans Creek Classic","tournament","https://www.mshsaa.org/MySchool/Schedule.aspx?s=953&alg=12","https://www.mshsaa.org/MySchool/Tournament.aspx?s=953&alg=12&tournament=597916","Columbia, MO"
"953","Battle High School","Volleyball Girls","57","Varsity","9/26","","","Megan Gross Invitational","tournament","https://www.mshsaa.org/MySchool/Schedule.aspx?s=953&alg=57","https://www.mshsaa.org/MySchool/Tournament.aspx?s=953&alg=57&tournament=587216","Warrenton, MO"
"217","Blair Oaks High School","Cross Country Boys","11","Varsity","9/26","","","Gans Creek Classic","tournament","https://www.mshsaa.org/MySchool/Schedule.aspx?s=217&alg=11","https://www.mshsaa.org/MySchool/Tournament.aspx?s=217&alg=11&tournament=545755",""
"217","Blair Oaks High School","Cross Country Girls","12","Varsity","9/26","","","Gans Creek Classic","tournament","https://www.mshsaa.org/MySchool/Schedule.aspx?s=217&alg=12","https://www.mshsaa.org/MySchool/Tournament.aspx?s=217&alg=12&tournament=545764",""
"16","Boonville High School","Cross Country Boys","11","Varsity","9/26","","","Gans Creek Classic","tournament","https://www.mshsaa.org/MySchool/Schedule.aspx?s=16&alg=11","https://www.mshsaa.org/MySchool/Tournament.aspx?s=16&alg=11&tournament=585064","Columbia, MO"
"16","Boonville High School","Cross Country Girls","12","Varsity","9/26","","","Gans Creek Classic","tournament","https://www.mshsaa.org/MySchool/Schedule.aspx?s=16&alg=12","https://www.mshsaa.org/MySchool/Tournament.aspx?s=16&alg=12&tournament=585066","Columbia, MO"
"582","California High School","Cross Country Boys","11","Varsity","9/26","","","Gans Creek Classic","tournament","https://www.mshsaa.org/MySchool/Schedule.aspx?s=582&alg=11","https://www.mshsaa.org/MySchool/Tournament.aspx?s=582&alg=11&tournament=544407","Columbia, MO"
"582","California High School","Volleyball Girls","57","Varsity","9/26","","","HyVee Arena Invitational","tournament","https://www.mshsaa.org/MySchool/Schedule.aspx?s=582&alg=57","https://www.mshsaa.org/MySchool/Tournament.aspx?s=582&alg=57&tournament=550471","Kansas City, MO"
"26","Camdenton High School","Cross Country Boys","11","Varsity","9/26","","","Mark Sabala XC Dam Invite","tournament","https://www.mshsaa.org/MySchool/Schedule.aspx?s=26&alg=11","https://www.mshsaa.org/MySchool/Tournament.aspx?s=26&alg=11&tournament=594266","Hermitage, MO"
"26","Camdenton High School","Cross Country Girls","12","Varsity","9/26","","","Mark Sabala XC Dam Invite","tournament","https://www.mshsaa.org/MySchool/Schedule.aspx?s=26&alg=12","https://www.mshsaa.org/MySchool/Tournament.aspx?s=26&alg=12&tournament=594267","Hermitage, MO"
"26","Camdenton High School","Soccer Boys","33","Varsity","9/26","11:30 am","","Republic","home","https://www.mshsaa.org/MySchool/Schedule.aspx?s=26&alg=33","https://www.mshsaa.org/MySchool/Matchup.aspx?s=26&alg=33&comp=2777695","662 Laker Pride Road, Camdenton, MO 65020-1409"
"26","Camdenton High School","Swimming and Diving Boys","44","Varsity","9/26","8:00 am","","Monett with Pierce City","away","https://www.mshsaa.org/MySchool/Schedule.aspx?s=26&alg=44","https://www.mshsaa.org/MySchool/Matchup.aspx?s=26&alg=44&comp=2788307","1 David Sippy Dr, Monett, MO 65708-1375"
"1540","Capital City High School","Cross Country Boys","11","Varsity","9/26","9:00 am","","Gans Creek Classic","tournament","https://www.mshsaa.org/MySchool/Schedule.aspx?s=1540&alg=11","https://www.mshsaa.org/MySchool/Tournament.aspx?s=1540&alg=11&tournament=572810","Columbia, MO"
"1540","Capital City High School","Cross Country Girls","12","Varsity","9/26","9:00 am","","Gans Creek Classic","tournament","https://www.mshsaa.org/MySchool/Schedule.aspx?s=1540&alg=12","https://www.mshsaa.org/MySchool/Tournament.aspx?s=1540&alg=12&tournament=572818","Columbia, MO"
"1540","Capital City High School","Soccer Boys","33","Varsity","9/26","1:30 pm","","West Plains","away","https://www.mshsaa.org/MySchool/Schedule.aspx?s=1540&alg=33","https://www.mshsaa.org/MySchool/Matchup.aspx?s=1540&alg=33&comp=2668189","602 E Olden, West Plains, MO 65775-3334"
"1540","Capital City High School","Softball Fall Season","38","Varsity","9/26","12:00 pm","","Jefferson City","home","https://www.mshsaa.org/MySchool/Schedule.aspx?s=1540&alg=38","https://www.mshsaa.org/MySchool/Matchup.aspx?s=1540&alg=38&comp=2623145","1650 Cavalier Drive, Jefferson City, MO 65109"
"1540","Capital City High School","Volleyball Girls","57","Varsity","9/26","","","Hy-Vee Arena Volleyball Tournament","tournament","https://www.mshsaa.org/MySchool/Schedule.aspx?s=1540&alg=57","https://www.mshsaa.org/MySchool/Tournament.aspx?s=1540&alg=57&tournament=547993","Kansas City, MO"
"53","Centralia High School","Cross Country Boys","11","Varsity","9/26","","","Gans Greek Classic","tournament","https://www.mshsaa.org/MySchool/Schedule.aspx?s=53&alg=11","https://www.mshsaa.org/MySchool/Tournament.aspx?s=53&alg=11&tournament=552239","Columbia, MO"
"53","Centralia High School","Cross Country Girls","12","Varsity","9/26","","","Gans Greek Classic","tournament","https://www.mshsaa.org/MySchool/Schedule.aspx?s=53&alg=12","https://www.mshsaa.org/MySchool/Tournament.aspx?s=53&alg=12&tournament=552246","Columbia, MO"
"53","Centralia High School","Volleyball Girls","57","Varsity","9/26","","","Hallsville Invitational","tournament","https://www.mshsaa.org/MySchool/Schedule.aspx?s=53&alg=57","https://www.mshsaa.org/MySchool/Tournament.aspx?s=53&alg=57&tournament=552321","Hallsville, MO"
"1099","Christian Fellowship","Cross Country Boys","11","Varsity","9/26","","","Gans Creek Classic","tournament","https://www.mshsaa.org/MySchool/Schedule.aspx?s=1099&alg=11","https://www.mshsaa.org/MySchool/Tournament.aspx?s=1099&alg=11&tournament=599396","Columbia, MO"
"1099","Christian Fellowship","Cross Country Girls","12","Varsity","9/26","","","Gans Creek Classic","tournament","https://www.mshsaa.org/MySchool/Schedule.aspx?s=1099&alg=12","https://www.mshsaa.org/MySchool/Tournament.aspx?s=1099&alg=12&tournament=599399","Columbia, MO"
"566","Columbia Independent","Volleyball Girls","57","Varsity","9/26","","","Hallsville Invitational","tournament","https://www.mshsaa.org/MySchool/Schedule.aspx?s=566&alg=57","https://www.mshsaa.org/MySchool/Tournament.aspx?s=566&alg=57&tournament=557994","Hallsville, MO"
"278","Eldon High School","Cross Country Boys","11","Varsity","9/26","","","Mark Sabala XC Dam Invite","tournament","https://www.mshsaa.org/MySchool/Schedule.aspx?s=278&alg=11","https://www.mshsaa.org/MySchool/Tournament.aspx?s=278&alg=11&tournament=544985","Hermitage, MO"
"278","Eldon High School","Cross Country Girls","12","Varsity","9/26","","","Mark Sabala XC Dam Invite","tournament","https://www.mshsaa.org/MySchool/Schedule.aspx?s=278&alg=12","https://www.mshsaa.org/MySchool/Tournament.aspx?s=278&alg=12&tournament=544993","Hermitage, MO"
"278","Eldon High School","Volleyball Girls","57","Varsity","9/26","","","Willard: Lori Endicott Tournament","tournament","https://www.mshsaa.org/MySchool/Schedule.aspx?s=278&alg=57","https://www.mshsaa.org/MySchool/Tournament.aspx?s=278&alg=57&tournament=543787","Willard, MO"
"917","Father Tolton","Soccer Boys","33","Varsity","9/26","1:00 pm","","St. Paul Lutheran (Concordia)","away","https://www.mshsaa.org/MySchool/Schedule.aspx?s=917&alg=33","https://www.mshsaa.org/MySchool/Matchup.aspx?s=917&alg=33&comp=2665266","205 S Main St., Concordia, MO 64020-9669"
"917","Father Tolton","Softball Fall Season","38","Varsity","9/26","","","Fatima Quad","tournament","https://www.mshsaa.org/MySchool/Schedule.aspx?s=917&alg=38","https://www.mshsaa.org/MySchool/Tournament.aspx?s=917&alg=38&tournament=582149","Westphalia, MO"
"917","Father Tolton","Tennis Girls","49","Varsity","9/26","","","Hannibal Invitational","tournament","https://www.mshsaa.org/MySchool/Schedule.aspx?s=917&alg=49","https://www.mshsaa.org/MySchool/Tournament.aspx?s=917&alg=49&tournament=588899","Hannibal, MO"
"917","Father Tolton","Volleyball Girls","57","Varsity","9/26","","","Hallsville Invitational","tournament","https://www.mshsaa.org/MySchool/Schedule.aspx?s=917&alg=57","https://www.mshsaa.org/MySchool/Tournament.aspx?s=917&alg=57&tournament=564416","Hallsville, MO"
"80","Fulton High School","Cross Country Boys","11","Varsity","9/26","","","Gans Creek Classic","tournament","https://www.mshsaa.org/MySchool/Schedule.aspx?s=80&alg=11","https://www.mshsaa.org/MySchool/Tournament.aspx?s=80&alg=11&tournament=580267","Columbia, MO"
"80","Fulton High School","Cross Country Girls","12","Varsity","9/26","","","Gans Creek Classic","tournament","https://www.mshsaa.org/MySchool/Schedule.aspx?s=80&alg=12","https://www.mshsaa.org/MySchool/Tournament.aspx?s=80&alg=12&tournament=594834","Columbia, MO"
"80","Fulton High School","Soccer Boys","33","Varsity","9/26","12:30 pm","","Warrenton","home","https://www.mshsaa.org/MySchool/Schedule.aspx?s=80&alg=33","https://www.mshsaa.org/MySchool/Matchup.aspx?s=80&alg=33&comp=2647572","#1 Hornet Drive, Fulton, MO 65251-2729"
"302","Glasgow High School","Softball Fall Season","38","Varsity","9/26","","","Brunswick Tournament","tournament","https://www.mshsaa.org/MySchool/Schedule.aspx?s=302&alg=38","https://www.mshsaa.org/MySchool/Tournament.aspx?s=302&alg=38&tournament=578786","Brunswick, MO"
"311","Hallsville High School","Volleyball Girls","57","Varsity","9/26","","","Hallsville Invitational","tournament","https://www.mshsaa.org/MySchool/Schedule.aspx?s=311&alg=57","https://www.mshsaa.org/MySchool/Tournament.aspx?s=311&alg=57&tournament=545449","Hallsville, MO"
"313","Harrisburg High School","Cross Country Boys","11","Varsity","9/26","9:00 am","","Gans Creek Classic","tournament","https://www.mshsaa.org/MySchool/Schedule.aspx?s=313&alg=11","https://www.mshsaa.org/MySchool/Tournament.aspx?s=313&alg=11&tournament=591323","Columbia, MO"
"313","Harrisburg High School","Cross Country Girls","12","Varsity","9/26","9:00 am","","Gans Creek Classic","tournament","https://www.mshsaa.org/MySchool/Schedule.aspx?s=313&alg=12","https://www.mshsaa.org/MySchool/Tournament.aspx?s=313&alg=12&tournament=591322","Columbia, MO"
"313","Harrisburg High School","Softball Fall Season","38","Varsity","9/26","10:00 am","","Moberly","home","https://www.mshsaa.org/MySchool/Schedule.aspx?s=313&alg=38","https://www.mshsaa.org/MySchool/Matchup.aspx?s=313&alg=38&comp=2672591","801 S. Harris St., Harrisburg, MO 65256"
"313","Harrisburg High School","Softball Fall Season","38","Varsity","9/26","2:00 pm","","North Callaway","home","https://www.mshsaa.org/MySchool/Schedule.aspx?s=313&alg=38","https://www.mshsaa.org/MySchool/Matchup.aspx?s=313&alg=38&comp=2672594","801 S. Harris St., Harrisburg, MO 65256"
"522","Helias High School","Cross Country Boys","11","Varsity","9/26","8:00 am","","Gans Creek","tournament","https://www.mshsaa.org/MySchool/Schedule.aspx?s=522&alg=11","https://www.mshsaa.org/MySchool/Tournament.aspx?s=522&alg=11&tournament=544812",""
"522","Helias High School","Cross Country Girls","12","Varsity","9/26","8:00 am","","Gans Creek","tournament","https://www.mshsaa.org/MySchool/Schedule.aspx?s=522&alg=12","https://www.mshsaa.org/MySchool/Tournament.aspx?s=522&alg=12&tournament=544822",""
"522","Helias High School","Volleyball Girls","57","Varsity","9/26","","","4 States CJ Classic","tournament","https://www.mshsaa.org/MySchool/Schedule.aspx?s=522&alg=57","https://www.mshsaa.org/MySchool/Tournament.aspx?s=522&alg=57&tournament=556413",""
"85","Hickman High School","Cross Country Boys","11","Varsity","9/26","","","Gans Creek Classic","tournament","https://www.mshsaa.org/MySchool/Schedule.aspx?s=85&alg=11","https://www.mshsaa.org/MySchool/Tournament.aspx?s=85&alg=11&tournament=587512",""
"85","Hickman High School","Cross Country Girls","12","Varsity","9/26","","","Gans Creek Classic","tournament","https://www.mshsaa.org/MySchool/Schedule.aspx?s=85&alg=12","https://www.mshsaa.org/MySchool/Tournament.aspx?s=85&alg=12&tournament=587599",""
"85","Hickman High School","Soccer Boys","33","Varsity","⤷ 9/26","TBD","","North Kansas City","tournament","https://www.mshsaa.org/MySchool/Schedule.aspx?s=85&alg=33","https://www.mshsaa.org/MySchool/Matchup.aspx?s=85&alg=33&comp=2777243","Sedalia, MO"
"85","Hickman High School","Swimming and Diving Boys","44","Varsity","9/26","10:00 am","","COMO Varsity Finals","tournament","https://www.mshsaa.org/MySchool/Schedule.aspx?s=85&alg=44","https://www.mshsaa.org/MySchool/Tournament.aspx?s=85&alg=44&tournament=592807",""
"85","Hickman High School","Volleyball Girls","57","Varsity","9/26","","","Rock Bridge Round Robin","tournament","https://www.mshsaa.org/MySchool/Schedule.aspx?s=85&alg=57","https://www.mshsaa.org/MySchool/Tournament.aspx?s=85&alg=57&tournament=579351","Columbia, MO"
"317","Higbee High School","Softball Fall Season","38","Varsity","9/26","","","Brunswick Tournament","tournament","https://www.mshsaa.org/MySchool/Schedule.aspx?s=317&alg=38","https://www.mshsaa.org/MySchool/Tournament.aspx?s=317&alg=38&tournament=544591","Brunswick, MO"
"84","Jefferson City High School","Cross Country Boys","11","Varsity","9/26","","","Hickman","tournament","https://www.mshsaa.org/MySchool/Schedule.aspx?s=84&alg=11","https://www.mshsaa.org/MySchool/Tournament.aspx?s=84&alg=11&tournament=540378","Columbia, MO"
"84","Jefferson City High School","Cross Country Girls","12","Varsity","9/26","","","Hickman","tournament","https://www.mshsaa.org/MySchool/Schedule.aspx?s=84&alg=12","https://www.mshsaa.org/MySchool/Tournament.aspx?s=84&alg=12&tournament=566506","Columbia, MO"
"84","Jefferson City High School","Softball Fall Season","38","Varsity","9/26","12:00 pm","","Capital City","away","https://www.mshsaa.org/MySchool/Schedule.aspx?s=84&alg=38","https://www.mshsaa.org/MySchool/Matchup.aspx?s=84&alg=38&comp=2639946","1650 Cavalier Drive, Jefferson City, MO 65109"
"360","Marshall High School","Cross Country Boys","11","Varsity","9/26","8:00 am","","Gans Creek Meet","tournament","https://www.mshsaa.org/MySchool/Schedule.aspx?s=360&alg=11","https://www.mshsaa.org/MySchool/Tournament.aspx?s=360&alg=11&tournament=563994","Columbia, MO"
"360","Marshall High School","Cross Country Girls","12","Varsity","9/26","8:00 am","","Gans Creek Meet","tournament","https://www.mshsaa.org/MySchool/Schedule.aspx?s=360&alg=12","https://www.mshsaa.org/MySchool/Tournament.aspx?s=360&alg=12&tournament=584472","Columbia, MO"
"360","Marshall High School","Soccer Boys","33","Varsity","9/26","11:30 am","","Odessa","away","https://www.mshsaa.org/MySchool/Schedule.aspx?s=360&alg=33","https://www.mshsaa.org/MySchool/Matchup.aspx?s=360&alg=33&comp=2662364","713 S 3rd St, Odessa, MO 64076-1498"
"360","Marshall High School","Volleyball Girls","57","Varsity","9/26","","","Smith-Cotton Tournament","tournament","https://www.mshsaa.org/MySchool/Schedule.aspx?s=360&alg=57","https://www.mshsaa.org/MySchool/Tournament.aspx?s=360&alg=57&tournament=554365","Sedalia, MO"
"128","Mexico High School","Cross Country Boys","11","Varsity","9/26","9:00 am","","Gans Creek Festival","tournament","https://www.mshsaa.org/MySchool/Schedule.aspx?s=128&alg=11","https://www.mshsaa.org/MySchool/Tournament.aspx?s=128&alg=11&tournament=569372","Columbia, MO"
"128","Mexico High School","Cross Country Girls","12","Varsity","9/26","9:00 am","","Gans Creek Festival","tournament","https://www.mshsaa.org/MySchool/Schedule.aspx?s=128&alg=12","https://www.mshsaa.org/MySchool/Tournament.aspx?s=128&alg=12&tournament=588295","Columbia, MO"
"128","Mexico High School","Softball Fall Season","38","Varsity","9/26","","","MC Cluster","tournament","https://www.mshsaa.org/MySchool/Schedule.aspx?s=128&alg=38","https://www.mshsaa.org/MySchool/Tournament.aspx?s=128&alg=38&tournament=588862","Montgomery City, MO"
"128","Mexico High School","Volleyball Girls","57","Varsity","9/26","","","Megan Gross Invitational","tournament","https://www.mshsaa.org/MySchool/Schedule.aspx?s=128&alg=57","https://www.mshsaa.org/MySchool/Tournament.aspx?s=128&alg=57&tournament=551164","Warrenton, MO"
"132","Moberly High School","Cross Country Boys","11","Varsity","9/26","","","Gans Creek","tournament","https://www.mshsaa.org/MySchool/Schedule.aspx?s=132&alg=11","https://www.mshsaa.org/MySchool/Tournament.aspx?s=132&alg=11&tournament=584822","Columbia, MO"
"132","Moberly High School","Cross Country Girls","12","Varsity","9/26","","","Gans Creek","tournament","https://www.mshsaa.org/MySchool/Schedule.aspx?s=132&alg=12","https://www.mshsaa.org/MySchool/Tournament.aspx?s=132&alg=12&tournament=585353","Columbia, MO"
"132","Moberly High School","Soccer Boys","33","Varsity","⤷ 9/26","9:00 am","","Hillsboro","tournament","https://www.mshsaa.org/MySchool/Schedule.aspx?s=132&alg=33","https://www.mshsaa.org/MySchool/Matchup.aspx?s=132&alg=33&comp=2788771","Moberly, MO"
"132","Moberly High School","Soccer Boys","33","Varsity","⤷ 9/26","2:00 pm","","Paseo Academy","tournament","https://www.mshsaa.org/MySchool/Schedule.aspx?s=132&alg=33","https://www.mshsaa.org/MySchool/Matchup.aspx?s=132&alg=33&comp=2788772","Moberly, MO"
"132","Moberly High School","Softball Fall Season","38","Varsity","9/26","11:30 am","","North Callaway","away","https://www.mshsaa.org/MySchool/Schedule.aspx?s=132&alg=38","https://www.mshsaa.org/MySchool/Matchup.aspx?s=132&alg=38&comp=2661290","Harrisburg, MO"
"132","Moberly High School","Softball Fall Season","38","Varsity","9/26","10:00 am","","Harrisburg","away","https://www.mshsaa.org/MySchool/Schedule.aspx?s=132&alg=38","https://www.mshsaa.org/MySchool/Matchup.aspx?s=132&alg=38&comp=2672592","801 S Harris St, Harrisburg, MO 65256-9542"
"139","North Callaway High School","Softball Fall Season","38","Varsity","9/26","11:30 am","","Moberly","away","https://www.mshsaa.org/MySchool/Schedule.aspx?s=139&alg=38","https://www.mshsaa.org/MySchool/Matchup.aspx?s=139&alg=38&comp=2614159","Harrisburg, MO"
"139","North Callaway High School","Softball Fall Season","38","Varsity","9/26","2:00 pm","","Harrisburg","away","https://www.mshsaa.org/MySchool/Schedule.aspx?s=139&alg=38","https://www.mshsaa.org/MySchool/Matchup.aspx?s=139&alg=38&comp=2672663","801 S Harris St, Harrisburg, MO 65256-9542"
"139","North Callaway High School","Volleyball Girls","57","Varsity","9/26","","","Winfield Quad","tournament","https://www.mshsaa.org/MySchool/Schedule.aspx?s=139&alg=57","https://www.mshsaa.org/MySchool/Tournament.aspx?s=139&alg=57&tournament=559693","Winfield, MO"
"139","North Callaway High School","Volleyball Girls","57","Varsity","⤷ 9/26","TBD","","STEAM Academy","tournament","https://www.mshsaa.org/MySchool/Schedule.aspx?s=139&alg=57","https://www.mshsaa.org/MySchool/Matchup.aspx?s=139&alg=57&comp=2767671","Winfield, MO"
"139","North Callaway High School","Volleyball Girls","57","Varsity","⤷ 9/26","10:15 am","","Liberty Christian Sr.","tournament","https://www.mshsaa.org/MySchool/Schedule.aspx?s=139&alg=57","https://www.mshsaa.org/MySchool/Matchup.aspx?s=139&alg=57&comp=2767672","Winfield, MO"
"139","North Callaway High School","Volleyball Girls","57","Varsity","⤷ 9/26","12:45 pm","","Winfield","tournament","https://www.mshsaa.org/MySchool/Schedule.aspx?s=139&alg=57","https://www.mshsaa.org/MySchool/Matchup.aspx?s=139&alg=57&comp=2767673","Winfield, MO"
"152","Osage High School","Cross Country Boys","11","Varsity","9/26","","","Mark Sabala XC Dam Invite","tournament","https://www.mshsaa.org/MySchool/Schedule.aspx?s=152&alg=11","https://www.mshsaa.org/MySchool/Tournament.aspx?s=152&alg=11&tournament=578477","Hermitage, MO"
"152","Osage High School","Cross Country Girls","12","Varsity","9/26","","","Mark Sabala XC Dam Invite","tournament","https://www.mshsaa.org/MySchool/Schedule.aspx?s=152&alg=12","https://www.mshsaa.org/MySchool/Tournament.aspx?s=152&alg=12&tournament=578946","Hermitage, MO"
"152","Osage High School","Volleyball Girls","57","Varsity","9/26","","","Smith-Cotton Tournament","tournament","https://www.mshsaa.org/MySchool/Schedule.aspx?s=152&alg=57","https://www.mshsaa.org/MySchool/Tournament.aspx?s=152&alg=57&tournament=562997","Sedalia, MO"
"578","Rock Bridge High School","Soccer Boys","33","Varsity","9/26","1:00 pm","","Blue Valley Southwest Overland Park, KS","home","https://www.mshsaa.org/MySchool/Schedule.aspx?s=578&alg=33","",""
"578","Rock Bridge High School","Volleyball Girls","57","Varsity","9/26","","","Rock Bridge Round Robin","tournament","https://www.mshsaa.org/MySchool/Schedule.aspx?s=578&alg=57","https://www.mshsaa.org/MySchool/Tournament.aspx?s=578&alg=57&tournament=579206","4303 South Providence Road Columbia, MO 65203"
"578","Rock Bridge High School","Volleyball Girls","57","Varsity","⤷ 9/26","TBD","","Blue Springs","tournament","https://www.mshsaa.org/MySchool/Schedule.aspx?s=578&alg=57","https://www.mshsaa.org/MySchool/Matchup.aspx?s=578&alg=57&comp=2784576","Columbia, MO"
"578","Rock Bridge High School","Volleyball Girls","57","Varsity","⤷ 9/26","TBD","","Grain Valley","tournament","https://www.mshsaa.org/MySchool/Schedule.aspx?s=578&alg=57","https://www.mshsaa.org/MySchool/Matchup.aspx?s=578&alg=57&comp=2784577","Columbia, MO"
"578","Rock Bridge High School","Volleyball Girls","57","Varsity","⤷ 9/26","TBD","","North Point","tournament","https://www.mshsaa.org/MySchool/Schedule.aspx?s=578&alg=57","https://www.mshsaa.org/MySchool/Matchup.aspx?s=578&alg=57&comp=2784578","Columbia, MO"
"578","Rock Bridge High School","Volleyball Girls","57","Varsity","⤷ 9/26","TBD","","Westminster Christian Academy","tournament","https://www.mshsaa.org/MySchool/Schedule.aspx?s=578&alg=57","https://www.mshsaa.org/MySchool/Matchup.aspx?s=578&alg=57&comp=2784580","Columbia, MO"
"430","Russellville High School","Cross Country Boys","11","Varsity","9/26","","","Mark Sabala XC Dam Invite","tournament","https://www.mshsaa.org/MySchool/Schedule.aspx?s=430&alg=11","https://www.mshsaa.org/MySchool/Tournament.aspx?s=430&alg=11&tournament=588593","Hermitage, MO"
"430","Russellville High School","Cross Country Girls","12","Varsity","9/26","","","Mark Sabala XC Dam Invite","tournament","https://www.mshsaa.org/MySchool/Schedule.aspx?s=430&alg=12","https://www.mshsaa.org/MySchool/Tournament.aspx?s=430&alg=12&tournament=588594","Hermitage, MO"
"430","Russellville High School","Softball Fall Season","38","Varsity","9/26","","","AA Softball Bash","tournament","https://www.mshsaa.org/MySchool/Schedule.aspx?s=430&alg=38","https://www.mshsaa.org/MySchool/Tournament.aspx?s=430&alg=38&tournament=542287","Russellville, MO"
"431","Salisbury High School","Softball Fall Season","38","Varsity","9/26","","","Paris Softball Tournament","tournament","https://www.mshsaa.org/MySchool/Schedule.aspx?s=431&alg=38","https://www.mshsaa.org/MySchool/Tournament.aspx?s=431&alg=38&tournament=545657","Paris, MO"
"194","Smith-Cotton High School","Cross Country Boys","11","Varsity","9/26","","","Gans Creek Open","tournament","https://www.mshsaa.org/MySchool/Schedule.aspx?s=194&alg=11","https://www.mshsaa.org/MySchool/Tournament.aspx?s=194&alg=11&tournament=556795","Columbia, MO"
"194","Smith-Cotton High School","Cross Country Girls","12","Varsity","9/26","","","Gans Creek Open","tournament","https://www.mshsaa.org/MySchool/Schedule.aspx?s=194&alg=12","https://www.mshsaa.org/MySchool/Tournament.aspx?s=194&alg=12&tournament=558626","Columbia, MO"
"194","Smith-Cotton High School","Soccer Boys","33","Varsity","⤷ 9/26","TBD","","Summit Christian Academy","tournament","https://www.mshsaa.org/MySchool/Schedule.aspx?s=194&alg=33","https://www.mshsaa.org/MySchool/Matchup.aspx?s=194&alg=33&comp=2769331","Sedalia, MO"
"194","Smith-Cotton High School","Softball Fall Season","38","Varsity","9/26","10:00 am","","Chillicothe","home","https://www.mshsaa.org/MySchool/Schedule.aspx?s=194&alg=38","https://www.mshsaa.org/MySchool/Matchup.aspx?s=194&alg=38&comp=2657358","2010 Tiger Pride Blvd, Sedalia, MO 65301-8503"
"194","Smith-Cotton High School","Softball Fall Season","38","Varsity","9/26","2:00 pm","","Platte County","home","https://www.mshsaa.org/MySchool/Schedule.aspx?s=194&alg=38","https://www.mshsaa.org/MySchool/Matchup.aspx?s=194&alg=38&comp=2723996","2010 Tiger Pride Blvd, Sedalia, MO 65301"
"194","Smith-Cotton High School","Volleyball Girls","57","Varsity","9/26","","","Smith-Cotton Tournament","tournament","https://www.mshsaa.org/MySchool/Schedule.aspx?s=194&alg=57","https://www.mshsaa.org/MySchool/Tournament.aspx?s=194&alg=57&tournament=548486","2010 Tiger Pride Blvd Sedalia, MO 65301"
"197","South Callaway High School","Cross Country Boys","11","Varsity","9/26","","","Gans Creek Classic","tournament","https://www.mshsaa.org/MySchool/Schedule.aspx?s=197&alg=11","https://www.mshsaa.org/MySchool/Tournament.aspx?s=197&alg=11&tournament=574535","Columbia, MO"
"197","South Callaway High School","Cross Country Girls","12","Varsity","9/26","9:00 am","","Gans Creek Classic","tournament","https://www.mshsaa.org/MySchool/Schedule.aspx?s=197&alg=12","https://www.mshsaa.org/MySchool/Tournament.aspx?s=197&alg=12&tournament=574538","Columbia, MO"
"197","South Callaway High School","Softball Fall Season","38","Varsity","9/26","","","St. James Invitational","tournament","https://www.mshsaa.org/MySchool/Schedule.aspx?s=197&alg=38","https://www.mshsaa.org/MySchool/Tournament.aspx?s=197&alg=38&tournament=573902","St James, MO"
"2","Southern Boone High School","Cross Country Boys","11","Varsity","9/26","","","Gans Creek Classic","tournament","https://www.mshsaa.org/MySchool/Schedule.aspx?s=2&alg=11","https://www.mshsaa.org/MySchool/Tournament.aspx?s=2&alg=11&tournament=559454","Columbia, MO"
"2","Southern Boone High School","Cross Country Girls","12","Varsity","9/26","","","Gans Creek Classic","tournament","https://www.mshsaa.org/MySchool/Schedule.aspx?s=2&alg=12","https://www.mshsaa.org/MySchool/Tournament.aspx?s=2&alg=12&tournament=559462","Columbia, MO"
"474","Tipton High School","Volleyball Girls","57","Varsity","9/26","","","Smith-Cotton Tournament","tournament","https://www.mshsaa.org/MySchool/Schedule.aspx?s=474&alg=57","https://www.mshsaa.org/MySchool/Tournament.aspx?s=474&alg=57&tournament=558025","Sedalia, MO"
"485","Versailles High School","Cross Country Boys","11","Varsity","9/26","","","Mark Sabala XC Dam Invite","tournament","https://www.mshsaa.org/MySchool/Schedule.aspx?s=485&alg=11","https://www.mshsaa.org/MySchool/Tournament.aspx?s=485&alg=11&tournament=565605","Hermitage, MO"
"485","Versailles High School","Cross Country Girls","12","Varsity","9/26","","","Mark Sabala XC Dam Invite","tournament","https://www.mshsaa.org/MySchool/Schedule.aspx?s=485&alg=12","https://www.mshsaa.org/MySchool/Tournament.aspx?s=485&alg=12&tournament=565614","Hermitage, MO"
"953","Battle High School","Golf Girls","24","Varsity","9/28","","","Lady Jays Invitational","tournament","https://www.mshsaa.org/MySchool/Schedule.aspx?s=953&alg=24","https://www.mshsaa.org/MySchool/Tournament.aspx?s=953&alg=24&tournament=597009",""
"953","Battle High School","Tennis Girls","49","Varsity","9/28","4:30 pm","","Fulton","away","https://www.mshsaa.org/MySchool/Schedule.aspx?s=953&alg=49","https://www.mshsaa.org/MySchool/Matchup.aspx?s=953&alg=49&comp=2766288","#1 Hornet Drive, Fulton, MO 65251-2729"
"217","Blair Oaks High School","Golf Girls","24","Varsity","9/28","","","Jefferson City Jays Invitational","tournament","https://www.mshsaa.org/MySchool/Schedule.aspx?s=217&alg=24","https://www.mshsaa.org/MySchool/Tournament.aspx?s=217&alg=24&tournament=589265","Jefferson City, MO"
"217","Blair Oaks High School","Volleyball Girls","57","Varsity","9/28","7:00 pm","","Southern Boone","home","https://www.mshsaa.org/MySchool/Schedule.aspx?s=217&alg=57","https://www.mshsaa.org/MySchool/Matchup.aspx?s=217&alg=57&comp=2632342","6124 Falcon Ln, Jefferson City, MO 65101-9751"
"16","Boonville High School","Softball Fall Season","38","Varsity","9/28","5:00 pm","","Marshall","away","https://www.mshsaa.org/MySchool/Schedule.aspx?s=16&alg=38","https://www.mshsaa.org/MySchool/Matchup.aspx?s=16&alg=38&comp=2761443","805 S Miami, Marshall, MO 65340-2499"
"16","Boonville High School","Volleyball Girls","57","Varsity","9/28","6:30 pm","","Mexico","away","https://www.mshsaa.org/MySchool/Schedule.aspx?s=16&alg=57","https://www.mshsaa.org/MySchool/Matchup.aspx?s=16&alg=57&comp=2669064","639 N Wade, Mexico, MO 65265-1899"
"582","California High School","Volleyball Girls","57","Varsity","9/28","7:00 pm","","Hallsville","home","https://www.mshsaa.org/MySchool/Schedule.aspx?s=582&alg=57","https://www.mshsaa.org/MySchool/Matchup.aspx?s=582&alg=57&comp=2618098","1501 W Buchanan, California, MO 65018-1279"
"26","Camdenton High School","Golf Girls","24","Varsity","9/28","","","Jefferson City Jays Invitational","tournament","https://www.mshsaa.org/MySchool/Schedule.aspx?s=26&alg=24","https://www.mshsaa.org/MySchool/Tournament.aspx?s=26&alg=24&tournament=590463","Jefferson City, MO"
"26","Camdenton High School","Softball Fall Season","38","Varsity","9/28","4:30 pm","","Capital City","away","https://www.mshsaa.org/MySchool/Schedule.aspx?s=26&alg=38","https://www.mshsaa.org/MySchool/Matchup.aspx?s=26&alg=38&comp=2650270","1650 Cavalier Drive, Jefferson City, MO 65109"
"26","Camdenton High School","Tennis Girls","49","Varsity","9/28","4:30 pm","","Smith-Cotton","home","https://www.mshsaa.org/MySchool/Schedule.aspx?s=26&alg=49","https://www.mshsaa.org/MySchool/Matchup.aspx?s=26&alg=49&comp=2742714","662 Laker Pride Road, Camdenton, MO 65020-1409"
"1540","Capital City High School","Golf Girls","24","Varsity","9/28","","","Jefferson City Jays Invitational","tournament","https://www.mshsaa.org/MySchool/Schedule.aspx?s=1540&alg=24","https://www.mshsaa.org/MySchool/Tournament.aspx?s=1540&alg=24&tournament=591945","Jefferson City, MO"
"1540","Capital City High School","Softball Fall Season","38","Varsity","9/28","4:30 pm","","Camdenton","home","https://www.mshsaa.org/MySchool/Schedule.aspx?s=1540&alg=38","https://www.mshsaa.org/MySchool/Matchup.aspx?s=1540&alg=38&comp=2623146","1650 Cavalier Drive, Jefferson City, MO 65109"
"1540","Capital City High School","Volleyball Girls","57","Varsity","9/28","5:00 pm","","Warrensburg","home","https://www.mshsaa.org/MySchool/Schedule.aspx?s=1540&alg=57","https://www.mshsaa.org/MySchool/Matchup.aspx?s=1540&alg=57&comp=2684505","2610 Mission Drive, Jefferson City, MO 65109"
"53","Centralia High School","Golf Girls","24","Varsity","9/28","","","New Bloomfield Girls Golf Invitational","tournament","https://www.mshsaa.org/MySchool/Schedule.aspx?s=53&alg=24","https://www.mshsaa.org/MySchool/Tournament.aspx?s=53&alg=24&tournament=552262","New Bloomfield, MO"
"53","Centralia High School","Softball Fall Season","38","Varsity","9/28","5:00 pm","","South Shelby","away","https://www.mshsaa.org/MySchool/Schedule.aspx?s=53&alg=38","https://www.mshsaa.org/MySchool/Matchup.aspx?s=53&alg=38&comp=2621770","4154 Hwy 36, Shelbina, MO 63468-9716"
"53","Centralia High School","Volleyball Girls","57","Varsity","9/28","6:00 pm","","Wright City","away","https://www.mshsaa.org/MySchool/Schedule.aspx?s=53&alg=57","https://www.mshsaa.org/MySchool/Matchup.aspx?s=53&alg=57&comp=2655584","90 Bell Road, Wright City, MO 63390-3202"
"1099","Christian Fellowship","Softball Fall Season","38","Varsity","9/28","5:00 pm","","Osage","home","https://www.mshsaa.org/MySchool/Schedule.aspx?s=1099&alg=38","https://www.mshsaa.org/MySchool/Matchup.aspx?s=1099&alg=38&comp=2633020","421 E Hwy 124, Hallsville, MO 65255-9346"
"566","Columbia Independent","Tennis Girls","49","Varsity","9/28","4:00 pm","","Kirksville","away","https://www.mshsaa.org/MySchool/Schedule.aspx?s=566&alg=49","https://www.mshsaa.org/MySchool/Matchup.aspx?s=566&alg=49&comp=2712349","1300 S Cottage Grove, Kirksville, MO 63501-3998"
"278","Eldon High School","Softball Fall Season","38","Varsity","9/28","4:30 pm","","Owensville","home","https://www.mshsaa.org/MySchool/Schedule.aspx?s=278&alg=38","https://www.mshsaa.org/MySchool/Matchup.aspx?s=278&alg=38&comp=2628679","112 S Pine St, Eldon, MO 65026-1594"
"278","Eldon High School","Volleyball Girls","57","Varsity","9/28","6:30 pm","","Lebanon","home","https://www.mshsaa.org/MySchool/Schedule.aspx?s=278&alg=57","https://www.mshsaa.org/MySchool/Matchup.aspx?s=278&alg=57&comp=2623027","112 S Pine St, Eldon, MO 65026-1594"
"917","Father Tolton","Golf Girls","24","Varsity","9/28","","","Jefferson City Jays Invitational","tournament","https://www.mshsaa.org/MySchool/Schedule.aspx?s=917&alg=24","https://www.mshsaa.org/MySchool/Tournament.aspx?s=917&alg=24&tournament=589879","Jefferson City, MO"
"917","Father Tolton","Softball Fall Season","38","Varsity","9/28","5:00 pm","","Jamestown","home","https://www.mshsaa.org/MySchool/Schedule.aspx?s=917&alg=38","https://www.mshsaa.org/MySchool/Matchup.aspx?s=917&alg=38&comp=2750365","3351 E Gans Road, Columbia, MO 65201"
"917","Father Tolton","Volleyball Girls","57","Varsity","9/28","6:30 pm","","Fatima","home","https://www.mshsaa.org/MySchool/Schedule.aspx?s=917&alg=57","https://www.mshsaa.org/MySchool/Matchup.aspx?s=917&alg=57&comp=2733218","3351 E Gans Road, Columbia, MO 65201"
"294","Fayette High School","Softball Fall Season","38","Varsity","9/28","5:00 pm","","Northeast (Cairo)","home","https://www.mshsaa.org/MySchool/Schedule.aspx?s=294&alg=38","https://www.mshsaa.org/MySchool/Matchup.aspx?s=294&alg=38&comp=2634406","510 N. Cleveland St., Fayette, MO 65248-1596"
"80","Fulton High School","Tennis Girls","49","Varsity","9/28","4:30 pm","","Battle","home","https://www.mshsaa.org/MySchool/Schedule.aspx?s=80&alg=49","https://www.mshsaa.org/MySchool/Matchup.aspx?s=80&alg=49&comp=2745185","#1 Hornet Drive, Fulton, MO 65251-2729"
"302","Glasgow High School","Baseball Fall Season","66","Varsity","9/28","6:30 pm","","Higbee","home","https://www.mshsaa.org/MySchool/Schedule.aspx?s=302&alg=66","https://www.mshsaa.org/MySchool/Matchup.aspx?s=302&alg=66&comp=2674680","860 Randolph St, Glasgow, MO 65254-1299"
"302","Glasgow High School","Softball Fall Season","38","Varsity","9/28","5:00 pm","","Higbee","home","https://www.mshsaa.org/MySchool/Schedule.aspx?s=302&alg=38","https://www.mshsaa.org/MySchool/Matchup.aspx?s=302&alg=38&comp=2674681","860 Randolph St, Glasgow, MO 65254-1299"
"311","Hallsville High School","Softball Fall Season","38","Varsity","9/28","5:00 pm","","Osage","home","https://www.mshsaa.org/MySchool/Schedule.aspx?s=311&alg=38","https://www.mshsaa.org/MySchool/Matchup.aspx?s=311&alg=38&comp=2633020","421 E Hwy 124, Hallsville, MO 65255-9346"
"311","Hallsville High School","Volleyball Girls","57","Varsity","9/28","7:00 pm","","California","away","https://www.mshsaa.org/MySchool/Schedule.aspx?s=311&alg=57","https://www.mshsaa.org/MySchool/Matchup.aspx?s=311&alg=57&comp=2619195","1501 W Buchanan, California, MO 65018-1279"
"313","Harrisburg High School","Softball Fall Season","38","Varsity","9/28","5:00 pm","","Linn","away","https://www.mshsaa.org/MySchool/Schedule.aspx?s=313&alg=38","https://www.mshsaa.org/MySchool/Matchup.aspx?s=313&alg=38&comp=2649274","141 Wildcat Drive, Linn, MO 65051"
"522","Helias High School","Golf Girls","24","Varsity","9/28","","","Jefferson City Jays Invitational","tournament","https://www.mshsaa.org/MySchool/Schedule.aspx?s=522&alg=24","https://www.mshsaa.org/MySchool/Tournament.aspx?s=522&alg=24&tournament=589268","Jefferson City, MO"
"85","Hickman High School","Golf Girls","24","Varsity","9/28","","","Columbia Quad","tournament","https://www.mshsaa.org/MySchool/Schedule.aspx?s=85&alg=24","https://www.mshsaa.org/MySchool/Tournament.aspx?s=85&alg=24&tournament=582987","Columbia, MO"
"85","Hickman High School","Golf Girls","24","Varsity","9/28","","","Jefferson City Jays Invitational","tournament","https://www.mshsaa.org/MySchool/Schedule.aspx?s=85&alg=24","https://www.mshsaa.org/MySchool/Tournament.aspx?s=85&alg=24&tournament=592560","Jefferson City, MO"
"85","Hickman High School","Softball Fall Season","38","Varsity","9/28","5:30 pm","","Smith-Cotton","home","https://www.mshsaa.org/MySchool/Schedule.aspx?s=85&alg=38","https://www.mshsaa.org/MySchool/Matchup.aspx?s=85&alg=38&comp=2712416","1104 N Providence Rd, Columbia, MO 65203-4398"
"85","Hickman High School","Tennis Girls","49","Varsity","9/28","4:30 pm","","Moberly","home","https://www.mshsaa.org/MySchool/Schedule.aspx?s=85&alg=49","https://www.mshsaa.org/MySchool/Matchup.aspx?s=85&alg=49&comp=2765033","1104 N Providence Rd, Columbia, MO 65203-4398"
"317","Higbee High School","Baseball Fall Season","66","Varsity","9/28","6:30 pm","","Glasgow","away","https://www.mshsaa.org/MySchool/Schedule.aspx?s=317&alg=66","https://www.mshsaa.org/MySchool/Matchup.aspx?s=317&alg=66&comp=2626887","860 Randolph St, Glasgow, MO 65254-1299"
"317","Higbee High School","Softball Fall Season","38","Varsity","9/28","5:00 pm","","Glasgow","away","https://www.mshsaa.org/MySchool/Schedule.aspx?s=317&alg=38","https://www.mshsaa.org/MySchool/Matchup.aspx?s=317&alg=38&comp=2626907","860 Randolph St, Glasgow, MO 65254-1299"
"84","Jefferson City High School","Golf Girls","24","Varsity","9/28","9:00 am","","Jefferson City Jays Invitational","tournament","https://www.mshsaa.org/MySchool/Schedule.aspx?s=84&alg=24","https://www.mshsaa.org/MySchool/Tournament.aspx?s=84&alg=24&tournament=576805","Jefferson City, MO"
"84","Jefferson City High School","Softball Fall Season","38","Varsity","9/28","5:00 pm","","Union","home","https://www.mshsaa.org/MySchool/Schedule.aspx?s=84&alg=38","https://www.mshsaa.org/MySchool/Matchup.aspx?s=84&alg=38&comp=2639947","609 Union St, Jefferson City, MO 65101-2898"
"84","Jefferson City High School","Swimming and Diving Boys","44","Varsity","9/28","","","Jeff City Invite - Jefferson City, Capital City, MMA, West Plains, Columbia, Camdenton and CIS","tournament","https://www.mshsaa.org/MySchool/Schedule.aspx?s=84&alg=44","https://www.mshsaa.org/MySchool/Tournament.aspx?s=84&alg=44&tournament=593349","Jefferson City, MO"
"360","Marshall High School","Golf Girls","24","Varsity","9/28","10:00 am","","Conference Tournament","tournament","https://www.mshsaa.org/MySchool/Schedule.aspx?s=360&alg=24","https://www.mshsaa.org/MySchool/Tournament.aspx?s=360&alg=24&tournament=583906","Kirksville, MO"
"360","Marshall High School","Softball Fall Season","38","Varsity","9/28","5:00 pm","","Boonville","home","https://www.mshsaa.org/MySchool/Schedule.aspx?s=360&alg=38","https://www.mshsaa.org/MySchool/Matchup.aspx?s=360&alg=38&comp=2650345","805 S Miami, Marshall, MO 65340-2499"
"360","Marshall High School","Tennis Girls","49","Varsity","9/28","4:00 pm","","Chillicothe","home","https://www.mshsaa.org/MySchool/Schedule.aspx?s=360&alg=49","https://www.mshsaa.org/MySchool/Matchup.aspx?s=360&alg=49&comp=2661603","805 S Miami, Marshall, MO 65340-2499"
"360","Marshall High School","Volleyball Girls","57","Varsity","9/28","7:00 pm","","Chillicothe","away","https://www.mshsaa.org/MySchool/Schedule.aspx?s=360&alg=57","https://www.mshsaa.org/MySchool/Matchup.aspx?s=360&alg=57&comp=2719595","2801 Hornet Dr, Chillicothe, MO 64601-3625"
"128","Mexico High School","Golf Girls","24","Varsity","9/28","","","Conference Tournament","tournament","https://www.mshsaa.org/MySchool/Schedule.aspx?s=128&alg=24","https://www.mshsaa.org/MySchool/Tournament.aspx?s=128&alg=24&tournament=585786","Kirksville, MO"
"128","Mexico High School","Soccer Boys","33","Varsity","9/28","5:00 pm","","Fatima","home","https://www.mshsaa.org/MySchool/Schedule.aspx?s=128&alg=33","https://www.mshsaa.org/MySchool/Matchup.aspx?s=128&alg=33&comp=2643189","639 N Wade, Mexico, MO 65265-1899"
"128","Mexico High School","Softball Fall Season","38","Varsity","9/28","5:00 pm","","Kirksville","home","https://www.mshsaa.org/MySchool/Schedule.aspx?s=128&alg=38","https://www.mshsaa.org/MySchool/Matchup.aspx?s=128&alg=38&comp=2663203","639 N Wade, Mexico, MO 65265-1899"
"128","Mexico High School","Tennis Girls","49","Varsity","9/28","4:00 pm","","Palmyra","away","https://www.mshsaa.org/MySchool/Schedule.aspx?s=128&alg=49","https://www.mshsaa.org/MySchool/Matchup.aspx?s=128&alg=49&comp=2778820","1703 S Main St, Palmyra, MO 63461"
"128","Mexico High School","Volleyball Girls","57","Varsity","9/28","6:30 pm","","Boonville","home","https://www.mshsaa.org/MySchool/Schedule.aspx?s=128&alg=57","https://www.mshsaa.org/MySchool/Matchup.aspx?s=128&alg=57&comp=2652135","639 N Wade, Mexico, MO 65265-1899"
"569","Missouri Military Academy","Soccer Boys","33","Varsity","9/28","5:00 pm","","Troy Buchanan","home","https://www.mshsaa.org/MySchool/Schedule.aspx?s=569&alg=33","https://www.mshsaa.org/MySchool/Matchup.aspx?s=569&alg=33&comp=2753262","204 N Grand St, Mexico, MO 65265-3090"
"569","Missouri Military Academy","Swimming and Diving Boys","44","Varsity","9/28","","","Jeff City Invite - Jefferson City, Capital City, MMA, West Plains, Columbia, Camdenton and CIS","tournament","https://www.mshsaa.org/MySchool/Schedule.aspx?s=569&alg=44","https://www.mshsaa.org/MySchool/Tournament.aspx?s=569&alg=44&tournament=589873","Jefferson City, MO"
"132","Moberly High School","Golf Girls","24","Varsity","9/28","","","Conference Tournament","tournament","https://www.mshsaa.org/MySchool/Schedule.aspx?s=132&alg=24","https://www.mshsaa.org/MySchool/Tournament.aspx?s=132&alg=24&tournament=582283","Kirksville, MO"
"132","Moberly High School","Softball Fall Season","38","Varsity","9/28","5:00 pm","","Hannibal","away","https://www.mshsaa.org/MySchool/Schedule.aspx?s=132&alg=38","https://www.mshsaa.org/MySchool/Matchup.aspx?s=132&alg=38&comp=2671687","4500 McMasters Ave, Hannibal, MO 63401-2299"
"132","Moberly High School","Tennis Girls","49","Varsity","9/28","4:30 pm","","Hickman","away","https://www.mshsaa.org/MySchool/Schedule.aspx?s=132&alg=49","https://www.mshsaa.org/MySchool/Matchup.aspx?s=132&alg=49&comp=2766807","1104 N Providence Rd, Columbia, MO 65203-4398"
"139","North Callaway High School","Volleyball Girls","57","Varsity","9/28","6:00 pm","","Russellville","home","https://www.mshsaa.org/MySchool/Schedule.aspx?s=139&alg=57","https://www.mshsaa.org/MySchool/Matchup.aspx?s=139&alg=57&comp=2615040","2700 Thunderbird Dr, Kingdom City, MO 65262-1817"
"152","Osage High School","Softball Fall Season","38","Varsity","9/28","5:00 pm","","Hallsville with Christian Fellowship Sr.","away","https://www.mshsaa.org/MySchool/Schedule.aspx?s=152&alg=38","https://www.mshsaa.org/MySchool/Matchup.aspx?s=152&alg=38&comp=2646049","421 E Hwy 124, Hallsville, MO 65255-9346"
"578","Rock Bridge High School","Golf Girls","24","Varsity","9/28","","","Jefferson City Jays Invitational","tournament","https://www.mshsaa.org/MySchool/Schedule.aspx?s=578&alg=24","https://www.mshsaa.org/MySchool/Tournament.aspx?s=578&alg=24&tournament=589592","Jefferson City, MO"
"430","Russellville High School","Softball Fall Season","38","Varsity","9/28","5:00 pm","","South Callaway","away","https://www.mshsaa.org/MySchool/Schedule.aspx?s=430&alg=38","https://www.mshsaa.org/MySchool/Matchup.aspx?s=430&alg=38&comp=2616308","10135 State Rd C, Mokane, MO 65059-0038"
"430","Russellville High School","Volleyball Girls","57","Varsity","9/28","6:00 pm","","North Callaway","away","https://www.mshsaa.org/MySchool/Schedule.aspx?s=430&alg=57","https://www.mshsaa.org/MySchool/Matchup.aspx?s=430&alg=57&comp=2669284","2700 Thunderbird Dr, Kingdom City, MO 65262-1817"
"431","Salisbury High School","Softball Fall Season","38","Varsity","9/28","5:00 pm","","Knox County","away","https://www.mshsaa.org/MySchool/Schedule.aspx?s=431&alg=38","https://www.mshsaa.org/MySchool/Matchup.aspx?s=431&alg=38&comp=2596026","55701 State Highway 6, Edina, MO 63537-4131"
"194","Smith-Cotton High School","Softball Fall Season","38","Varsity","9/28","5:30 pm","","Hickman","away","https://www.mshsaa.org/MySchool/Schedule.aspx?s=194&alg=38","https://www.mshsaa.org/MySchool/Matchup.aspx?s=194&alg=38&comp=2657351","1104 N Providence Rd, Columbia, MO 65203-4398"
"194","Smith-Cotton High School","Tennis Girls","49","Varsity","9/28","4:30 pm","","Camdenton","away","https://www.mshsaa.org/MySchool/Schedule.aspx?s=194&alg=49","https://www.mshsaa.org/MySchool/Matchup.aspx?s=194&alg=49&comp=2669525","662 Laker Pride Road, Camdenton, MO 65020-1409"
"194","Smith-Cotton High School","Volleyball Girls","57","Varsity","9/28","7:00 pm","","Versailles","away","https://www.mshsaa.org/MySchool/Schedule.aspx?s=194&alg=57","https://www.mshsaa.org/MySchool/Matchup.aspx?s=194&alg=57&comp=2760881","913 W Newton, Versailles, MO 65084-1811"
"197","South Callaway High School","Softball Fall Season","38","Varsity","9/28","5:00 pm","","Russellville","home","https://www.mshsaa.org/MySchool/Schedule.aspx?s=197&alg=38","https://www.mshsaa.org/MySchool/Matchup.aspx?s=197&alg=38&comp=2646681","10135 State Rd C, Mokane, MO 65059-0038"
"2","Southern Boone High School","Volleyball Girls","57","Varsity","9/28","7:00 pm","","Blair Oaks","away","https://www.mshsaa.org/MySchool/Schedule.aspx?s=2&alg=57","https://www.mshsaa.org/MySchool/Matchup.aspx?s=2&alg=57&comp=2653887","6124 Falcon Ln, Jefferson City, MO 65101-9751"
"474","Tipton High School","Golf Girls","24","Varsity","9/28","","","Jefferson City Jays Invitational","tournament","https://www.mshsaa.org/MySchool/Schedule.aspx?s=474&alg=24","https://www.mshsaa.org/MySchool/Tournament.aspx?s=474&alg=24&tournament=590891","Jefferson City, MO"
"474","Tipton High School","Volleyball Girls","57","Varsity","9/28","6:30 pm","","Cole Camp","home","https://www.mshsaa.org/MySchool/Schedule.aspx?s=474&alg=57","https://www.mshsaa.org/MySchool/Matchup.aspx?s=474&alg=57&comp=2633244","334 US Hwy 50 West, Tipton, MO 65081-8606"
"485","Versailles High School","Volleyball Girls","57","Varsity","9/28","7:00 pm","","Smith-Cotton","home","https://www.mshsaa.org/MySchool/Schedule.aspx?s=485&alg=57","https://www.mshsaa.org/MySchool/Matchup.aspx?s=485&alg=57&comp=2760882","913 W Newton, Versailles, MO 65084-1811"
"953","Battle High School","Soccer Boys","33","Varsity","9/29","6:30 pm","","Camdenton","home","https://www.mshsaa.org/MySchool/Schedule.aspx?s=953&alg=33","https://www.mshsaa.org/MySchool/Matchup.aspx?s=953&alg=33&comp=2767056","7575 St. Charles Road, Columbia, MO 65202"
"953","Battle High School","Softball Fall Season","38","Varsity","9/29","5:00 pm","","Jefferson City","away","https://www.mshsaa.org/MySchool/Schedule.aspx?s=953&alg=38","https://www.mshsaa.org/MySchool/Matchup.aspx?s=953&alg=38&comp=2762403","609 Union St, Jefferson City, MO 65101-2898"
"953","Battle High School","Volleyball Girls","57","Varsity","9/29","6:00 pm","","Union","away","https://www.mshsaa.org/MySchool/Schedule.aspx?s=953&alg=57","https://www.mshsaa.org/MySchool/Matchup.aspx?s=953&alg=57&comp=2762760","1217 W. Main Street, Union, MO 63084"
"217","Blair Oaks High School","Golf Girls","24","Varsity","9/29","","","Tri County Conference Tournament","tournament","https://www.mshsaa.org/MySchool/Schedule.aspx?s=217&alg=24","https://www.mshsaa.org/MySchool/Tournament.aspx?s=217&alg=24&tournament=581391","Ashland, MO"
"217","Blair Oaks High School","Softball Fall Season","38","Varsity","9/29","5:00 pm","","California","away","https://www.mshsaa.org/MySchool/Schedule.aspx?s=217&alg=38","https://www.mshsaa.org/MySchool/Matchup.aspx?s=217&alg=38&comp=2622508","1501 W Buchanan, California, MO 65018-1279"
"217","Blair Oaks High School","Volleyball Girls","57","Varsity","9/29","7:00 pm","","Fulton","home","https://www.mshsaa.org/MySchool/Schedule.aspx?s=217&alg=57","https://www.mshsaa.org/MySchool/Matchup.aspx?s=217&alg=57&comp=2662888","6124 Falcon Ln, Jefferson City, MO 65101-9751"
"16","Boonville High School","Golf Girls","24","Varsity","9/29","9:00 am","","Tri County Conference Tournament","tournament","https://www.mshsaa.org/MySchool/Schedule.aspx?s=16&alg=24","https://www.mshsaa.org/MySchool/Tournament.aspx?s=16&alg=24&tournament=581663","Boonville, MO"
"16","Boonville High School","Soccer Boys","33","Varsity","9/29","6:45 pm","","Osage","away","https://www.mshsaa.org/MySchool/Schedule.aspx?s=16&alg=33","https://www.mshsaa.org/MySchool/Matchup.aspx?s=16&alg=33&comp=2710330","636 Hwy 42, Osage Beach, MO 65065-5301"
"16","Boonville High School","Softball Fall Season","38","Varsity","9/29","5:00 pm","","Father Tolton","away","https://www.mshsaa.org/MySchool/Schedule.aspx?s=16&alg=38","https://www.mshsaa.org/MySchool/Matchup.aspx?s=16&alg=38&comp=2754499","3351 E Gans Road, Columbia, MO 65201"
"16","Boonville High School","Tennis Girls","49","Varsity","9/29","4:30 pm","","Father Tolton","home","https://www.mshsaa.org/MySchool/Schedule.aspx?s=16&alg=49","https://www.mshsaa.org/MySchool/Matchup.aspx?s=16&alg=49&comp=2765947","1 Pirate Dr., Boonville, MO 65233-2740"
"16","Boonville High School","Volleyball Girls","57","Varsity","9/29","6:30 pm","","Christian Fellowship Sr.","home","https://www.mshsaa.org/MySchool/Schedule.aspx?s=16&alg=57","https://www.mshsaa.org/MySchool/Matchup.aspx?s=16&alg=57&comp=2723499","1 Pirate Dr., Boonville, MO 65233-2740"
"582","California High School","Golf Girls","24","Varsity","9/29","","","Tri County Conference Tournament","tournament","https://www.mshsaa.org/MySchool/Schedule.aspx?s=582&alg=24","https://www.mshsaa.org/MySchool/Tournament.aspx?s=582&alg=24&tournament=547325","Osage Beach, MO"
"582","California High School","Softball Fall Season","38","Varsity","9/29","5:00 pm","","Blair Oaks","home","https://www.mshsaa.org/MySchool/Schedule.aspx?s=582&alg=38","https://www.mshsaa.org/MySchool/Matchup.aspx?s=582&alg=38&comp=2618139","1501 W Buchanan, California, MO 65018-1279"
"582","California High School","Volleyball Girls","57","Varsity","9/29","7:30 pm","","Southern Boone","home","https://www.mshsaa.org/MySchool/Schedule.aspx?s=582&alg=57","https://www.mshsaa.org/MySchool/Matchup.aspx?s=582&alg=57&comp=2618099","1501 W Buchanan, California, MO 65018-1279"
"26","Camdenton High School","Golf Girls","24","Varsity","9/29","4:00 pm","","Nixa","away","https://www.mshsaa.org/MySchool/Schedule.aspx?s=26&alg=24","https://www.mshsaa.org/MySchool/Matchup.aspx?s=26&alg=24&comp=2707125","514 S Nicholas Rd, Nixa, MO 65714-8663"
"26","Camdenton High School","Soccer Boys","33","Varsity","9/29","6:30 pm","","Battle with Columbia Independent","away","https://www.mshsaa.org/MySchool/Schedule.aspx?s=26&alg=33","https://www.mshsaa.org/MySchool/Matchup.aspx?s=26&alg=33&comp=2742664","7575 St. Charles Road, Columbia, MO 65202"
"26","Camdenton High School","Softball Fall Season","38","Varsity","9/29","5:00 pm","","Eugene","away","https://www.mshsaa.org/MySchool/Schedule.aspx?s=26&alg=38","https://www.mshsaa.org/MySchool/Matchup.aspx?s=26&alg=38&comp=2742728","14803 Hwy 17, Eugene, MO 65032"
"26","Camdenton High School","Volleyball Girls","57","Varsity","9/29","7:30 pm","","Jefferson City","home","https://www.mshsaa.org/MySchool/Schedule.aspx?s=26&alg=57","https://www.mshsaa.org/MySchool/Matchup.aspx?s=26&alg=57&comp=2742766","662 Laker Pride Road, Camdenton, MO 65020-1409"
"1540","Capital City High School","Golf Girls","24","Varsity","9/29","4:00 pm","","Jefferson City","home","https://www.mshsaa.org/MySchool/Schedule.aspx?s=1540&alg=24","https://www.mshsaa.org/MySchool/Matchup.aspx?s=1540&alg=24&comp=2692793","1650 Cavalier Drive, Jefferson City, MO 65109"
"1540","Capital City High School","Soccer Boys","33","Varsity","9/29","7:00 pm","","Helias Catholic","home","https://www.mshsaa.org/MySchool/Schedule.aspx?s=1540&alg=33","https://www.mshsaa.org/MySchool/Matchup.aspx?s=1540&alg=33&comp=2662534","2610 Mission Drive, Jefferson City, MO 65109"
"1540","Capital City High School","Softball Fall Season","38","Varsity","9/29","5:30 pm","","Southern Boone","away","https://www.mshsaa.org/MySchool/Schedule.aspx?s=1540&alg=38","https://www.mshsaa.org/MySchool/Matchup.aspx?s=1540&alg=38&comp=2623147","14520 Crump Lane, Ashland, MO 65010-9464"
"1540","Capital City High School","Tennis Girls","49","Varsity","9/29","4:00 pm","","Rolla","home","https://www.mshsaa.org/MySchool/Schedule.aspx?s=1540&alg=49","https://www.mshsaa.org/MySchool/Matchup.aspx?s=1540&alg=49&comp=2647854","1650 Cavalier Drive, Jefferson City, MO 65109"
"1540","Capital City High School","Volleyball Girls","57","Varsity","9/29","7:00 pm","","Linn","away","https://www.mshsaa.org/MySchool/Schedule.aspx?s=1540&alg=57","https://www.mshsaa.org/MySchool/Matchup.aspx?s=1540&alg=57&comp=2684510","141 Wildcat Drive, Linn, MO 65051"
"53","Centralia High School","Softball Fall Season","38","Varsity","9/29","6:30 pm","","Chillicothe","home","https://www.mshsaa.org/MySchool/Schedule.aspx?s=53&alg=38","https://www.mshsaa.org/MySchool/Matchup.aspx?s=53&alg=38&comp=2655439","849 S Jefferson St, Centralia, MO 65240-1605"
"53","Centralia High School","Volleyball Girls","57","Varsity","9/29","7:00 pm","","Hallsville","away","https://www.mshsaa.org/MySchool/Schedule.aspx?s=53&alg=57","https://www.mshsaa.org/MySchool/Matchup.aspx?s=53&alg=57&comp=2644708","421 E Hwy 124, Hallsville, MO 65255-9346"
"1099","Christian Fellowship","Soccer Boys","33","Varsity","9/29","5:00 pm","","Stover","away","https://www.mshsaa.org/MySchool/Schedule.aspx?s=1099&alg=33","https://www.mshsaa.org/MySchool/Matchup.aspx?s=1099&alg=33&comp=2695940","701 N Oak St, Stover, MO 65078-0842"
"1099","Christian Fellowship","Softball Fall Season","38","Varsity","9/29","5:00 pm","","Fulton","away","https://www.mshsaa.org/MySchool/Schedule.aspx?s=1099&alg=38","https://www.mshsaa.org/MySchool/Matchup.aspx?s=1099&alg=38&comp=2654173","#1 Hornet Drive, Fulton, MO 65251-2729"
"1099","Christian Fellowship","Volleyball Girls","57","Varsity","9/29","6:30 pm","","Boonville","away","https://www.mshsaa.org/MySchool/Schedule.aspx?s=1099&alg=57","https://www.mshsaa.org/MySchool/Matchup.aspx?s=1099&alg=57&comp=2723503","1 Pirate Dr., Boonville, MO 65233-2740"
"566","Columbia Independent","Soccer Boys","33","Varsity","9/29","6:30 pm","","Camdenton","home","https://www.mshsaa.org/MySchool/Schedule.aspx?s=566&alg=33","https://www.mshsaa.org/MySchool/Matchup.aspx?s=566&alg=33&comp=2767056","7575 St. Charles Road, Columbia, MO 65202"
"566","Columbia Independent","Volleyball Girls","57","Varsity","9/29","6:00 pm","","Lighthouse Sr.","home","https://www.mshsaa.org/MySchool/Schedule.aspx?s=566&alg=57","https://www.mshsaa.org/MySchool/Matchup.aspx?s=566&alg=57&comp=2721144","1801 N. Stadium Blvd., Columbia, MO 65202"
"278","Eldon High School","Golf Girls","24","Varsity","9/29","","","Tri County Conference Tournament","tournament","https://www.mshsaa.org/MySchool/Schedule.aspx?s=278&alg=24","https://www.mshsaa.org/MySchool/Tournament.aspx?s=278&alg=24&tournament=545003","Ashland, MO"
"917","Father Tolton","Golf Girls","24","Varsity","9/29","12:00 pm","","Angel Classic","tournament","https://www.mshsaa.org/MySchool/Schedule.aspx?s=917&alg=24","https://www.mshsaa.org/MySchool/Tournament.aspx?s=917&alg=24&tournament=589860","Wentzville, MO"
"917","Father Tolton","Soccer Boys","33","Varsity","9/29","6:45 pm","","St. Charles","away","https://www.mshsaa.org/MySchool/Schedule.aspx?s=917&alg=33","https://www.mshsaa.org/MySchool/Matchup.aspx?s=917&alg=33&comp=2665276","725 N Kingshighway St, St. Charles, MO 63301-1797"
"917","Father Tolton","Softball Fall Season","38","Varsity","9/29","5:00 pm","","Boonville","home","https://www.mshsaa.org/MySchool/Schedule.aspx?s=917&alg=38","https://www.mshsaa.org/MySchool/Matchup.aspx?s=917&alg=38&comp=2695768","3351 E Gans Road, Columbia, MO 65201"
"917","Father Tolton","Tennis Girls","49","Varsity","9/29","4:30 pm","","Boonville","away","https://www.mshsaa.org/MySchool/Schedule.aspx?s=917&alg=49","https://www.mshsaa.org/MySchool/Matchup.aspx?s=917&alg=49&comp=2766819","1 Pirate Dr., Boonville, MO 65233-2740"
"294","Fayette High School","Golf Girls","24","Varsity","9/29","4:00 pm","","Glasgow","away","https://www.mshsaa.org/MySchool/Schedule.aspx?s=294&alg=24","https://www.mshsaa.org/MySchool/Matchup.aspx?s=294&alg=24&comp=2719124","Salisbury, MO"
"294","Fayette High School","Softball Fall Season","38","Varsity","9/29","5:00 pm","","Paris","away","https://www.mshsaa.org/MySchool/Schedule.aspx?s=294&alg=38","https://www.mshsaa.org/MySchool/Matchup.aspx?s=294&alg=38&comp=2635051","25686 Business Hwy 24, Paris, MO 65275-9503"
"80","Fulton High School","Golf Girls","24","Varsity","9/29","","","Tri County Conference Tournament","tournament","https://www.mshsaa.org/MySchool/Schedule.aspx?s=80&alg=24","https://www.mshsaa.org/MySchool/Tournament.aspx?s=80&alg=24&tournament=582491","Boonville, MO"
"80","Fulton High School","Soccer Boys","33","Varsity","9/29","5:00 pm","","Moberly","home","https://www.mshsaa.org/MySchool/Schedule.aspx?s=80&alg=33","https://www.mshsaa.org/MySchool/Matchup.aspx?s=80&alg=33&comp=2647573","#1 Hornet Drive, Fulton, MO 65251-2729"
"80","Fulton High School","Softball Fall Season","38","Varsity","9/29","5:00 pm","","Hallsville with Christian Fellowship Sr.","home","https://www.mshsaa.org/MySchool/Schedule.aspx?s=80&alg=38","https://www.mshsaa.org/MySchool/Matchup.aspx?s=80&alg=38&comp=2653049","#1 Hornet Drive, Fulton, MO 65251-2729"
"80","Fulton High School","Volleyball Girls","57","Varsity","9/29","7:00 pm","","Blair Oaks","away","https://www.mshsaa.org/MySchool/Schedule.aspx?s=80&alg=57","https://www.mshsaa.org/MySchool/Matchup.aspx?s=80&alg=57&comp=2666422","6124 Falcon Ln, Jefferson City, MO 65101-9751"
"302","Glasgow High School","Baseball Fall Season","66","Varsity","9/29","5:00 pm","","Prairie Home with Bunceton","home","https://www.mshsaa.org/MySchool/Schedule.aspx?s=302&alg=66","https://www.mshsaa.org/MySchool/Matchup.aspx?s=302&alg=66&comp=2788560","860 Randolph St, Glasgow, MO 65254-1299"
"302","Glasgow High School","Golf Girls","24","Varsity","9/29","4:00 pm","","Fayette","away","https://www.mshsaa.org/MySchool/Schedule.aspx?s=302&alg=24","https://www.mshsaa.org/MySchool/Matchup.aspx?s=302&alg=24&comp=2768869","Salisbury, MO"
"302","Glasgow High School","Softball Fall Season","38","Varsity","9/29","5:00 pm","","Brunswick with Keytesville, Northwestern (Mendon)","away","https://www.mshsaa.org/MySchool/Schedule.aspx?s=302&alg=38","https://www.mshsaa.org/MySchool/Matchup.aspx?s=302&alg=38&comp=2737356","1008 County Rd, Brunswick, MO 65236-1499"
"311","Hallsville High School","Golf Girls","24","Varsity","9/29","","","Tri County Conference Tournament","tournament","https://www.mshsaa.org/MySchool/Schedule.aspx?s=311&alg=24","https://www.mshsaa.org/MySchool/Tournament.aspx?s=311&alg=24&tournament=581718","Boonville, MO"
"311","Hallsville High School","Soccer Boys","33","Varsity","9/29","5:00 pm","","Stover","away","https://www.mshsaa.org/MySchool/Schedule.aspx?s=311&alg=33","https://www.mshsaa.org/MySchool/Matchup.aspx?s=311&alg=33&comp=2695940","701 N Oak St, Stover, MO 65078-0842"
"311","Hallsville High School","Softball Fall Season","38","Varsity","9/29","5:00 pm","","Fulton","away","https://www.mshsaa.org/MySchool/Schedule.aspx?s=311&alg=38","https://www.mshsaa.org/MySchool/Matchup.aspx?s=311&alg=38&comp=2654173","#1 Hornet Drive, Fulton, MO 65251-2729"
"311","Hallsville High School","Volleyball Girls","57","Varsity","9/29","7:00 pm","","Centralia","home","https://www.mshsaa.org/MySchool/Schedule.aspx?s=311&alg=57","https://www.mshsaa.org/MySchool/Matchup.aspx?s=311&alg=57&comp=2638637","421 E Hwy 124, Hallsville, MO 65255-9346"
"313","Harrisburg High School","Cross Country Boys","11","Varsity","9/29","","","Warsaw Invitational","tournament","https://www.mshsaa.org/MySchool/Schedule.aspx?s=313&alg=11","https://www.mshsaa.org/MySchool/Tournament.aspx?s=313&alg=11&tournament=578154","Warsaw, MO"
"313","Harrisburg High School","Cross Country Girls","12","Varsity","9/29","","","Warsaw Invitational","tournament","https://www.mshsaa.org/MySchool/Schedule.aspx?s=313&alg=12","https://www.mshsaa.org/MySchool/Tournament.aspx?s=313&alg=12&tournament=578155","Warsaw, MO"
"522","Helias High School","Soccer Boys","33","Varsity","9/29","7:00 pm","","Capital City","away","https://www.mshsaa.org/MySchool/Schedule.aspx?s=522&alg=33","https://www.mshsaa.org/MySchool/Matchup.aspx?s=522&alg=33&comp=2666710","1650 Cavalier Drive, Jefferson City, MO 65109"
"522","Helias High School","Softball Fall Season","38","Varsity","9/29","5:00 pm","","Rock Bridge","home","https://www.mshsaa.org/MySchool/Schedule.aspx?s=522&alg=38","https://www.mshsaa.org/MySchool/Matchup.aspx?s=522&alg=38&comp=2641011","1305 Swifts Hwy, Jefferson City, MO 65109-2595"
"522","Helias High School","Tennis Girls","49","Varsity","9/29","4:00 pm","","Osage","home","https://www.mshsaa.org/MySchool/Schedule.aspx?s=522&alg=49","https://www.mshsaa.org/MySchool/Matchup.aspx?s=522&alg=49&comp=2627977","1305 Swifts Hwy, Jefferson City, MO 65109-2595"
"522","Helias High School","Volleyball Girls","57","Varsity","9/29","7:30 pm","","Rock Bridge","away","https://www.mshsaa.org/MySchool/Schedule.aspx?s=522&alg=57","https://www.mshsaa.org/MySchool/Matchup.aspx?s=522&alg=57&comp=2676612","4303 S Providence Rd, Columbia, MO 65203-7198"
"85","Hickman High School","Soccer Boys","33","Varsity","9/29","6:30 pm","","Jefferson City","away","https://www.mshsaa.org/MySchool/Schedule.aspx?s=85&alg=33","https://www.mshsaa.org/MySchool/Matchup.aspx?s=85&alg=33&comp=2675494","609 Union St, Jefferson City, MO 65101-2898"
"85","Hickman High School","Tennis Girls","49","Varsity","9/29","4:30 pm","","Rock Bridge","home","https://www.mshsaa.org/MySchool/Schedule.aspx?s=85&alg=49","https://www.mshsaa.org/MySchool/Matchup.aspx?s=85&alg=49&comp=2744162","1104 N Providence Rd, Columbia, MO 65203-4398"
"85","Hickman High School","Volleyball Girls","57","Varsity","9/29","7:30 pm","","Smith-Cotton","home","https://www.mshsaa.org/MySchool/Schedule.aspx?s=85&alg=57","https://www.mshsaa.org/MySchool/Matchup.aspx?s=85&alg=57&comp=2710746","1104 N Providence Rd, Columbia, MO 65203-4398"
"317","Higbee High School","Baseball Fall Season","66","Varsity","9/29","5:00 pm","","Atlanta","home","https://www.mshsaa.org/MySchool/Schedule.aspx?s=317&alg=66","https://www.mshsaa.org/MySchool/Matchup.aspx?s=317&alg=66&comp=2626888","101 Evans, Higbee, MO 65257"
"317","Higbee High School","Softball Fall Season","38","Varsity","9/29","5:00 pm","","Atlanta","home","https://www.mshsaa.org/MySchool/Schedule.aspx?s=317&alg=38","https://www.mshsaa.org/MySchool/Matchup.aspx?s=317&alg=38&comp=2626908","101 Evans, Higbee, MO 65257"
"84","Jefferson City High School","Golf Girls","24","Varsity","9/29","3:30 pm","","Capital City","home","https://www.mshsaa.org/MySchool/Schedule.aspx?s=84&alg=24","https://www.mshsaa.org/MySchool/Matchup.aspx?s=84&alg=24&comp=2736029","609 Union St, Jefferson City, MO 65101-2898"
"84","Jefferson City High School","Soccer Boys","33","Varsity","9/29","6:30 pm","","Hickman","home","https://www.mshsaa.org/MySchool/Schedule.aspx?s=84&alg=33","https://www.mshsaa.org/MySchool/Matchup.aspx?s=84&alg=33&comp=2660271","1215 Adams St, Jefferson City, MO 65101"
"84","Jefferson City High School","Softball Fall Season","38","Varsity","9/29","5:00 pm","","Battle","home","https://www.mshsaa.org/MySchool/Schedule.aspx?s=84&alg=38","https://www.mshsaa.org/MySchool/Matchup.aspx?s=84&alg=38&comp=2639948","609 Union St, Jefferson City, MO 65101-2898"
"84","Jefferson City High School","Volleyball Girls","57","Varsity","9/29","6:30 pm","","Camdenton","away","https://www.mshsaa.org/MySchool/Schedule.aspx?s=84&alg=57","https://www.mshsaa.org/MySchool/Matchup.aspx?s=84&alg=57&comp=2653579","662 Laker Pride Road, Camdenton, MO 65020-1409"
"360","Marshall High School","Cross Country Boys","11","Varsity","9/29","","","Warsaw Invitational","tournament","https://www.mshsaa.org/MySchool/Schedule.aspx?s=360&alg=11","https://www.mshsaa.org/MySchool/Tournament.aspx?s=360&alg=11&tournament=563995","Warsaw, MO"
"360","Marshall High School","Cross Country Girls","12","Varsity","9/29","","","Warsaw Invitational","tournament","https://www.mshsaa.org/MySchool/Schedule.aspx?s=360&alg=12","https://www.mshsaa.org/MySchool/Tournament.aspx?s=360&alg=12&tournament=578258","Warsaw, MO"
"360","Marshall High School","Soccer Boys","33","Varsity","9/29","6:30 pm","","Warrensburg","home","https://www.mshsaa.org/MySchool/Schedule.aspx?s=360&alg=33","https://www.mshsaa.org/MySchool/Matchup.aspx?s=360&alg=33&comp=2676332","805 South Miami, Marshall, MO 65340"
"360","Marshall High School","Tennis Girls","49","Varsity","9/29","5:00 pm","","Sacred Heart","home","https://www.mshsaa.org/MySchool/Schedule.aspx?s=360&alg=49","https://www.mshsaa.org/MySchool/Matchup.aspx?s=360&alg=49&comp=2769618","805 South Miami, Marshall, MO 65340"
"128","Mexico High School","Soccer Boys","33","Varsity","9/29","6:30 pm","","Southern Boone","away","https://www.mshsaa.org/MySchool/Schedule.aspx?s=128&alg=33","https://www.mshsaa.org/MySchool/Matchup.aspx?s=128&alg=33&comp=2643190","14520 Crump Lane, Ashland, MO 65010-9464"
"128","Mexico High School","Softball Fall Season","38","Varsity","9/29","5:00 pm","","Elsberry","away","https://www.mshsaa.org/MySchool/Schedule.aspx?s=128&alg=38","https://www.mshsaa.org/MySchool/Matchup.aspx?s=128&alg=38&comp=2788659","138 Tomahawk Dr, Elsberry, MO 63343-0106"
"128","Mexico High School","Volleyball Girls","57","Varsity","9/29","6:00 pm","","Chamois","home","https://www.mshsaa.org/MySchool/Schedule.aspx?s=128&alg=57","https://www.mshsaa.org/MySchool/Matchup.aspx?s=128&alg=57&comp=2652136","639 N Wade, Mexico, MO 65265-1899"
"569","Missouri Military Academy","Soccer Boys","33","Varsity","9/29","5:00 pm","","Kirksville","home","https://www.mshsaa.org/MySchool/Schedule.aspx?s=569&alg=33","https://www.mshsaa.org/MySchool/Matchup.aspx?s=569&alg=33&comp=2691218","204 N Grand St, Mexico, MO 65265-3090"
"132","Moberly High School","Golf Girls","24","Varsity","9/29","","","Randolph County Cup","tournament","https://www.mshsaa.org/MySchool/Schedule.aspx?s=132&alg=24","https://www.mshsaa.org/MySchool/Tournament.aspx?s=132&alg=24&tournament=575669","Moberly, MO"
"132","Moberly High School","Soccer Boys","33","Varsity","9/29","5:00 pm","","Fulton","away","https://www.mshsaa.org/MySchool/Schedule.aspx?s=132&alg=33","https://www.mshsaa.org/MySchool/Matchup.aspx?s=132&alg=33&comp=2718397","#1 Hornet Drive, Fulton, MO 65251-2729"
"132","Moberly High School","Softball Fall Season","38","Varsity","9/29","5:00 pm","","Northeast (Cairo)","away","https://www.mshsaa.org/MySchool/Schedule.aspx?s=132&alg=38","https://www.mshsaa.org/MySchool/Matchup.aspx?s=132&alg=38&comp=2661292","301 W Martin St, Cairo, MO 65239-1006"
"139","North Callaway High School","Softball Fall Season","38","Varsity","9/29","5:00 pm","","Louisiana","away","https://www.mshsaa.org/MySchool/Schedule.aspx?s=139&alg=38","https://www.mshsaa.org/MySchool/Matchup.aspx?s=139&alg=38&comp=2614162","3321 W Georgia St, Louisiana, MO 63353-2751"
"139","North Callaway High School","Volleyball Girls","57","Varsity","9/29","6:00 pm","","Osage","home","https://www.mshsaa.org/MySchool/Schedule.aspx?s=139&alg=57","https://www.mshsaa.org/MySchool/Matchup.aspx?s=139&alg=57&comp=2769972","2700 Thunderbird Dr, Kingdom City, MO 65262-1817"
"152","Osage High School","Golf Girls","24","Varsity","9/29","","","Tri County Conference Tournament","tournament","https://www.mshsaa.org/MySchool/Schedule.aspx?s=152&alg=24","https://www.mshsaa.org/MySchool/Tournament.aspx?s=152&alg=24&tournament=581417","Boonville, MO"
"152","Osage High School","Soccer Boys","33","Varsity","9/29","6:45 pm","","Boonville","home","https://www.mshsaa.org/MySchool/Schedule.aspx?s=152&alg=33","https://www.mshsaa.org/MySchool/Matchup.aspx?s=152&alg=33&comp=2702059","636 Hwy 42, Osage Beach, MO 65065-5301"
"152","Osage High School","Softball Fall Season","38","Varsity","9/29","4:30 pm","","Crocker","away","https://www.mshsaa.org/MySchool/Schedule.aspx?s=152&alg=38","https://www.mshsaa.org/MySchool/Matchup.aspx?s=152&alg=38&comp=2656331","601 N Commercial, Crocker, MO 65452"
"152","Osage High School","Tennis Girls","49","Varsity","9/29","4:00 pm","","Helias Catholic","away","https://www.mshsaa.org/MySchool/Schedule.aspx?s=152&alg=49","https://www.mshsaa.org/MySchool/Matchup.aspx?s=152&alg=49&comp=2697358","1305 Swifts Hwy, Jefferson City, MO 65109-2595"
"152","Osage High School","Volleyball Girls","57","Varsity","9/29","6:00 pm","","North Callaway","away","https://www.mshsaa.org/MySchool/Schedule.aspx?s=152&alg=57","https://www.mshsaa.org/MySchool/Matchup.aspx?s=152&alg=57&comp=2769167","2700 Thunderbird Dr, Kingdom City, MO 65262-1817"
"578","Rock Bridge High School","Soccer Boys","33","Varsity","9/29","6:30 pm","","Smith-Cotton","away","https://www.mshsaa.org/MySchool/Schedule.aspx?s=578&alg=33","https://www.mshsaa.org/MySchool/Matchup.aspx?s=578&alg=33&comp=2678983","2010 Tiger Pride Blvd, Sedalia, MO 65301-8503"
"578","Rock Bridge High School","Softball Fall Season","38","Varsity","9/29","5:00 pm","","Helias Catholic","away","https://www.mshsaa.org/MySchool/Schedule.aspx?s=578&alg=38","https://www.mshsaa.org/MySchool/Matchup.aspx?s=578&alg=38&comp=2641058","1305 Swifts Hwy, Jefferson City, MO 65109-2595"
"578","Rock Bridge High School","Tennis Girls","49","Varsity","9/29","4:30 pm","","Hickman","away","https://www.mshsaa.org/MySchool/Schedule.aspx?s=578&alg=49","https://www.mshsaa.org/MySchool/Matchup.aspx?s=578&alg=49&comp=2722094","1104 N Providence Rd, Columbia, MO 65203-4398"
"578","Rock Bridge High School","Volleyball Girls","57","Varsity","9/29","7:30 pm","","Helias Catholic","home","https://www.mshsaa.org/MySchool/Schedule.aspx?s=578&alg=57","https://www.mshsaa.org/MySchool/Matchup.aspx?s=578&alg=57&comp=2675980","4303 S Providence Rd, Columbia, MO 65203-7198"
"430","Russellville High School","Softball Fall Season","38","Varsity","9/29","5:00 pm","","St. Elizabeth","away","https://www.mshsaa.org/MySchool/Schedule.aspx?s=430&alg=38","https://www.mshsaa.org/MySchool/Matchup.aspx?s=430&alg=38&comp=2616309","240 Church, St. Elizabeth, MO 65075"
"430","Russellville High School","Volleyball Girls","57","Varsity","9/29","7:00 pm","","Sunnydale Adventist Acad HS","home","https://www.mshsaa.org/MySchool/Schedule.aspx?s=430&alg=57","https://www.mshsaa.org/MySchool/Matchup.aspx?s=430&alg=57&comp=2612888","13600 Rte C, Russellville, MO 65074"
"431","Salisbury High School","Golf Girls","24","Varsity","9/29","9:00 am","","Paris Tournament Scramble","tournament","https://www.mshsaa.org/MySchool/Schedule.aspx?s=431&alg=24","https://www.mshsaa.org/MySchool/Tournament.aspx?s=431&alg=24&tournament=599860","Paris, MO"
"431","Salisbury High School","Softball Fall Season","38","Varsity","9/29","5:00 pm","","Westran","away","https://www.mshsaa.org/MySchool/Schedule.aspx?s=431&alg=38","https://www.mshsaa.org/MySchool/Matchup.aspx?s=431&alg=38&comp=2601469","601 Hornet Ln, Huntsville, MO 65259-9685"
"194","Smith-Cotton High School","Soccer Boys","33","Varsity","9/29","6:30 pm","","Rock Bridge","home","https://www.mshsaa.org/MySchool/Schedule.aspx?s=194&alg=33","https://www.mshsaa.org/MySchool/Matchup.aspx?s=194&alg=33&comp=2677008","2010 Tiger Pride Blvd, Sedalia, MO 65301-8503"
"194","Smith-Cotton High School","Swimming and Diving Boys","44","Varsity","9/29","4:00 pm","","Blue Springs Invite","tournament","https://www.mshsaa.org/MySchool/Schedule.aspx?s=194&alg=44","https://www.mshsaa.org/MySchool/Tournament.aspx?s=194&alg=44&tournament=589590","Blue Springs, MO"
"194","Smith-Cotton High School","Volleyball Girls","57","Varsity","9/29","7:30 pm","","Hickman","away","https://www.mshsaa.org/MySchool/Schedule.aspx?s=194&alg=57","https://www.mshsaa.org/MySchool/Matchup.aspx?s=194&alg=57&comp=2643404","1104 N Providence Rd, Columbia, MO 65203-4398"
"2","Southern Boone High School","Golf Girls","24","Varsity","9/29","","","Tri County Conference Tournament","tournament","https://www.mshsaa.org/MySchool/Schedule.aspx?s=2&alg=24","https://www.mshsaa.org/MySchool/Tournament.aspx?s=2&alg=24&tournament=564537","Columbia, MO"
"2","Southern Boone High School","Soccer Boys","33","Varsity","9/29","6:30 pm","","Mexico","home","https://www.mshsaa.org/MySchool/Schedule.aspx?s=2&alg=33","https://www.mshsaa.org/MySchool/Matchup.aspx?s=2&alg=33&comp=2632895","14520 Crump Lane, Ashland, MO 65010-9464"
"2","Southern Boone High School","Softball Fall Season","38","Varsity","9/29","5:30 pm","","Capital City","home","https://www.mshsaa.org/MySchool/Schedule.aspx?s=2&alg=38","https://www.mshsaa.org/MySchool/Matchup.aspx?s=2&alg=38&comp=2650868","14520 Crump Lane, Ashland, MO 65010-9464"
"2","Southern Boone High School","Volleyball Girls","57","Varsity","9/29","7:30 pm","","California","away","https://www.mshsaa.org/MySchool/Schedule.aspx?s=2&alg=57","https://www.mshsaa.org/MySchool/Matchup.aspx?s=2&alg=57&comp=2627341","1501 W Buchanan, California, MO 65018-1279"
"485","Versailles High School","Cross Country Boys","11","Varsity","9/29","","","Warsaw Invitational","tournament","https://www.mshsaa.org/MySchool/Schedule.aspx?s=485&alg=11","https://www.mshsaa.org/MySchool/Tournament.aspx?s=485&alg=11&tournament=565606","Warsaw, MO"
"485","Versailles High School","Cross Country Girls","12","Varsity","9/29","","","Warsaw Invitational","tournament","https://www.mshsaa.org/MySchool/Schedule.aspx?s=485&alg=12","https://www.mshsaa.org/MySchool/Tournament.aspx?s=485&alg=12&tournament=565615","Warsaw, MO"
"485","Versailles High School","Volleyball Girls","57","Varsity","9/29","6:30 pm","","Eugene","away","https://www.mshsaa.org/MySchool/Schedule.aspx?s=485&alg=57","https://www.mshsaa.org/MySchool/Matchup.aspx?s=485&alg=57&comp=2662815","14803 Hwy 17, Eugene, MO 65032"
"953","Battle High School","Tennis Girls","49","Varsity","9/30","4:30 pm","","Hannibal","home","https://www.mshsaa.org/MySchool/Schedule.aspx?s=953&alg=49","https://www.mshsaa.org/MySchool/Matchup.aspx?s=953&alg=49&comp=2755146","7575 St. Charles Road, Columbia, MO 65202"
"26","Camdenton High School","Tennis Girls","49","Varsity","9/30","","","Smith-Cotton Doubles Tournament","tournament","https://www.mshsaa.org/MySchool/Schedule.aspx?s=26&alg=49","https://www.mshsaa.org/MySchool/Tournament.aspx?s=26&alg=49&tournament=578968","Sedalia, MO"
"1540","Capital City High School","Softball Fall Season","38","Varsity","9/30","5:00 pm","","Rolla","home","https://www.mshsaa.org/MySchool/Schedule.aspx?s=1540&alg=38","https://www.mshsaa.org/MySchool/Matchup.aspx?s=1540&alg=38&comp=2670984","1650 Cavalier Drive, Jefferson City, MO 65109"
"1540","Capital City High School","Tennis Girls","49","Varsity","9/30","","","Waynesville Invitational","tournament","https://www.mshsaa.org/MySchool/Schedule.aspx?s=1540&alg=49","https://www.mshsaa.org/MySchool/Tournament.aspx?s=1540&alg=49&tournament=543535","Waynesville, MO"
"53","Centralia High School","Golf Girls","24","Varsity","9/30","","","Canton Quad","tournament","https://www.mshsaa.org/MySchool/Schedule.aspx?s=53&alg=24","https://www.mshsaa.org/MySchool/Tournament.aspx?s=53&alg=24&tournament=552263","Canton, MO"
"278","Eldon High School","Golf Girls","24","Varsity","9/30","","","Eldon Tri w/ Osage and ?","tournament","https://www.mshsaa.org/MySchool/Schedule.aspx?s=278&alg=24","https://www.mshsaa.org/MySchool/Tournament.aspx?s=278&alg=24&tournament=545004","Eldon, MO"
"278","Eldon High School","Golf Girls","24","Varsity","⤷ 9/30","TBD","","Osage","tournament","https://www.mshsaa.org/MySchool/Schedule.aspx?s=278&alg=24","https://www.mshsaa.org/MySchool/Matchup.aspx?s=278&alg=24&comp=2758807","112 S Pine St, Eldon, MO 65026-1594"
"917","Father Tolton","Tennis Girls","49","Varsity","9/30","","","Smith Cotton Doubles Tournament","tournament","https://www.mshsaa.org/MySchool/Schedule.aspx?s=917&alg=49","https://www.mshsaa.org/MySchool/Tournament.aspx?s=917&alg=49&tournament=588900","Sedalia, MO"
"917","Father Tolton","Volleyball Girls","57","Varsity","9/30","6:30 pm","","Helias Catholic","home","https://www.mshsaa.org/MySchool/Schedule.aspx?s=917&alg=57","https://www.mshsaa.org/MySchool/Matchup.aspx?s=917&alg=57&comp=2733217","3351 E Gans Road, Columbia, MO 65201"
"294","Fayette High School","Golf Girls","24","Varsity","9/30","","","Central State 8 Conference Tournament","tournament","https://www.mshsaa.org/MySchool/Schedule.aspx?s=294&alg=24","https://www.mshsaa.org/MySchool/Tournament.aspx?s=294&alg=24&tournament=552617","Harrisburg, MO"
"80","Fulton High School","Golf Girls","24","Varsity","9/30","4:00 pm","","Fulton Tri","tournament","https://www.mshsaa.org/MySchool/Schedule.aspx?s=80&alg=24","https://www.mshsaa.org/MySchool/Tournament.aspx?s=80&alg=24&tournament=579525","Fulton, MO"
"311","Hallsville High School","Golf Girls","24","Varsity","9/30","","","Fulton Tri","tournament","https://www.mshsaa.org/MySchool/Schedule.aspx?s=311&alg=24","https://www.mshsaa.org/MySchool/Tournament.aspx?s=311&alg=24&tournament=600895","Fulton, MO"
"313","Harrisburg High School","Golf Girls","24","Varsity","9/30","9:00 am","","Central State 8 Conference Tournament","tournament","https://www.mshsaa.org/MySchool/Schedule.aspx?s=313&alg=24","https://www.mshsaa.org/MySchool/Tournament.aspx?s=313&alg=24&tournament=543832","Harrisburg, MO"
"313","Harrisburg High School","Softball Fall Season","38","Varsity","9/30","5:00 pm","","New Franklin","home","https://www.mshsaa.org/MySchool/Schedule.aspx?s=313&alg=38","https://www.mshsaa.org/MySchool/Matchup.aspx?s=313&alg=38&comp=2649310","801 S Harris St, Harrisburg, MO 65256-9542"
"522","Helias High School","Soccer Boys","33","Varsity","9/30","7:00 pm","","Rolla","home","https://www.mshsaa.org/MySchool/Schedule.aspx?s=522&alg=33","https://www.mshsaa.org/MySchool/Matchup.aspx?s=522&alg=33&comp=2644760","1305 Swifts Hwy, Jefferson City, MO 65109-2595"
"522","Helias High School","Softball Fall Season","38","Varsity","9/30","5:00 pm","","Hickman","home","https://www.mshsaa.org/MySchool/Schedule.aspx?s=522&alg=38","https://www.mshsaa.org/MySchool/Matchup.aspx?s=522&alg=38&comp=2693078","1305 Swifts Hwy, Jefferson City, MO 65109-2595"
"522","Helias High School","Volleyball Girls","57","Varsity","9/30","6:30 pm","","Father Tolton","away","https://www.mshsaa.org/MySchool/Schedule.aspx?s=522&alg=57","https://www.mshsaa.org/MySchool/Matchup.aspx?s=522&alg=57&comp=2733241","3351 E Gans Road, Columbia, MO 65201"
"85","Hickman High School","Soccer Boys","33","Varsity","9/30","6:30 pm","","Hannibal","away","https://www.mshsaa.org/MySchool/Schedule.aspx?s=85&alg=33","https://www.mshsaa.org/MySchool/Matchup.aspx?s=85&alg=33&comp=2649954","4500 McMasters Ave, Hannibal, MO 63401-2299"
"85","Hickman High School","Softball Fall Season","38","Varsity","9/30","5:00 pm","","Helias Catholic","away","https://www.mshsaa.org/MySchool/Schedule.aspx?s=85&alg=38","https://www.mshsaa.org/MySchool/Matchup.aspx?s=85&alg=38&comp=2712414","1305 Swifts Hwy, Jefferson City, MO 65109-2595"
"85","Hickman High School","Tennis Girls","49","Varsity","9/30","3:30 pm","","Ft. Zumwalt North","away","https://www.mshsaa.org/MySchool/Schedule.aspx?s=85&alg=49","https://www.mshsaa.org/MySchool/Matchup.aspx?s=85&alg=49&comp=2765034","1230 Tom Ginnever Ave, O'fallon, MO 63366-4499"
"84","Jefferson City High School","Tennis Girls","49","Varsity","9/30","4:30 pm","","Rock Bridge","home","https://www.mshsaa.org/MySchool/Schedule.aspx?s=84&alg=49","https://www.mshsaa.org/MySchool/Matchup.aspx?s=84&alg=49&comp=2752548","609 Union St, Jefferson City, MO 65101-2898"
"360","Marshall High School","Swimming and Diving Boys","44","Varsity","9/30","5:00 pm","","Belton","away","https://www.mshsaa.org/MySchool/Schedule.aspx?s=360&alg=44","https://www.mshsaa.org/MySchool/Matchup.aspx?s=360&alg=44&comp=2773841","801 W. North Ave., Belton, MO 64012-1885"
"360","Marshall High School","Swimming and Diving Boys","44","Varsity","9/30","","","Grain Valley/Marshall/Rockhurst","tournament","https://www.mshsaa.org/MySchool/Schedule.aspx?s=360&alg=44","https://www.mshsaa.org/MySchool/Tournament.aspx?s=360&alg=44&tournament=592482","Belton, MO"
"128","Mexico High School","Golf Girls","24","Varsity","9/30","","","Fulton Tri","tournament","https://www.mshsaa.org/MySchool/Schedule.aspx?s=128&alg=24","https://www.mshsaa.org/MySchool/Tournament.aspx?s=128&alg=24&tournament=586786","Fulton, MO"
"132","Moberly High School","Golf Girls","24","Varsity","9/30","","","Fulton Tri","tournament","https://www.mshsaa.org/MySchool/Schedule.aspx?s=132&alg=24","https://www.mshsaa.org/MySchool/Tournament.aspx?s=132&alg=24&tournament=586895","Fulton, MO"
"132","Moberly High School","Tennis Girls","49","Varsity","9/30","5:00 pm","","Sacred Heart","home","https://www.mshsaa.org/MySchool/Schedule.aspx?s=132&alg=49","https://www.mshsaa.org/MySchool/Matchup.aspx?s=132&alg=49&comp=2769898","1625 Gratz Brown, Moberly, MO 65270-1904"
"139","North Callaway High School","Softball Fall Season","38","Varsity","9/30","3:00 pm","","Fatima","home","https://www.mshsaa.org/MySchool/Schedule.aspx?s=139&alg=38","https://www.mshsaa.org/MySchool/Matchup.aspx?s=139&alg=38&comp=2614163","2700 Thunderbird Dr, Kingdom City, MO 65262-1817"
"152","Osage High School","Golf Girls","24","Varsity","9/30","4:00 pm","","Eldon","away","https://www.mshsaa.org/MySchool/Schedule.aspx?s=152&alg=24","https://www.mshsaa.org/MySchool/Matchup.aspx?s=152&alg=24&comp=2750155","112 S Pine St, Eldon, MO 65026-1594"
"152","Osage High School","Tennis Girls","49","Varsity","9/30","9:00 am","","Waynesville Invitational","tournament","https://www.mshsaa.org/MySchool/Schedule.aspx?s=152&alg=49","https://www.mshsaa.org/MySchool/Tournament.aspx?s=152&alg=49&tournament=564932","Waynesville, MO"
"578","Rock Bridge High School","Tennis Girls","49","Varsity","9/30","4:30 pm","","Jefferson City","away","https://www.mshsaa.org/MySchool/Schedule.aspx?s=578&alg=49","https://www.mshsaa.org/MySchool/Matchup.aspx?s=578&alg=49&comp=2722095","609 Union St, Jefferson City, MO 65101-2898"
"430","Russellville High School","Golf Girls","24","Varsity","9/30","","","Central State 8 Conference Tournament","tournament","https://www.mshsaa.org/MySchool/Schedule.aspx?s=430&alg=24","https://www.mshsaa.org/MySchool/Tournament.aspx?s=430&alg=24&tournament=544229","Harrisburg, MO"
"194","Smith-Cotton High School","Softball Fall Season","38","Varsity","9/30","5:00 pm","","Clinton","home","https://www.mshsaa.org/MySchool/Schedule.aspx?s=194&alg=38","https://www.mshsaa.org/MySchool/Matchup.aspx?s=194&alg=38&comp=2764742","2010 Tiger Pride Blvd, Sedalia, MO 65301-8503"
"194","Smith-Cotton High School","Tennis Girls","49","Varsity","9/30","9:00 am","","Smith-Cotton Doubles Tournament","tournament","https://www.mshsaa.org/MySchool/Schedule.aspx?s=194&alg=49","https://www.mshsaa.org/MySchool/Tournament.aspx?s=194&alg=49&tournament=556735","Sedalia, MO"
"197","South Callaway High School","Golf Girls","24","Varsity","9/30","","","Central State 8 Conference Tournament","tournament","https://www.mshsaa.org/MySchool/Schedule.aspx?s=197&alg=24","https://www.mshsaa.org/MySchool/Tournament.aspx?s=197&alg=24&tournament=549496","Harrisburg, MO"
"2","Southern Boone High School","Soccer Boys","33","Varsity","9/30","4:30 pm","","Wright City","home","https://www.mshsaa.org/MySchool/Schedule.aspx?s=2&alg=33","https://www.mshsaa.org/MySchool/Matchup.aspx?s=2&alg=33&comp=2703032","14520 Crump Lane, Ashland, MO 65010-9464"
"474","Tipton High School","Golf Girls","24","Varsity","9/30","","","Central State 8 Conference Tournament","tournament","https://www.mshsaa.org/MySchool/Schedule.aspx?s=474&alg=24","https://www.mshsaa.org/MySchool/Tournament.aspx?s=474&alg=24&tournament=544667","Harrisburg, MO"
"953","Battle High School","Golf Girls","24","Varsity","10/1","","","CMAC Tournament","tournament","https://www.mshsaa.org/MySchool/Schedule.aspx?s=953&alg=24","https://www.mshsaa.org/MySchool/Tournament.aspx?s=953&alg=24&tournament=597007","Columbia, MO"
"953","Battle High School","Tennis Girls","49","Varsity","10/1","4:30 pm","","Moberly","away","https://www.mshsaa.org/MySchool/Schedule.aspx?s=953&alg=49","https://www.mshsaa.org/MySchool/Matchup.aspx?s=953&alg=49&comp=2766958","1625 Gratz Brown, Moberly, MO 65270-1904"
"953","Battle High School","Volleyball Girls","57","Varsity","10/1","6:45 pm","","Capital City","away","https://www.mshsaa.org/MySchool/Schedule.aspx?s=953&alg=57","https://www.mshsaa.org/MySchool/Matchup.aspx?s=953&alg=57&comp=2762761","1650 Cavalier Drive, Jefferson City, MO 65109"
"217","Blair Oaks High School","Volleyball Girls","57","Varsity","10/1","7:00 pm","","Fatima","home","https://www.mshsaa.org/MySchool/Schedule.aspx?s=217&alg=57","https://www.mshsaa.org/MySchool/Matchup.aspx?s=217&alg=57&comp=2632344","6124 Falcon Ln, Jefferson City, MO 65101-9751"
"16","Boonville High School","Cross Country Boys","11","Varsity","10/1","","","Moberly Invitational","tournament","https://www.mshsaa.org/MySchool/Schedule.aspx?s=16&alg=11","https://www.mshsaa.org/MySchool/Tournament.aspx?s=16&alg=11&tournament=584948","Moberly, MO"
"16","Boonville High School","Cross Country Girls","12","Varsity","10/1","","","Moberly Invitational","tournament","https://www.mshsaa.org/MySchool/Schedule.aspx?s=16&alg=12","https://www.mshsaa.org/MySchool/Tournament.aspx?s=16&alg=12&tournament=585068","Moberly, MO"
"16","Boonville High School","Golf Girls","24","Varsity","10/1","4:00 pm","","Marshall","away","https://www.mshsaa.org/MySchool/Schedule.aspx?s=16&alg=24","https://www.mshsaa.org/MySchool/Matchup.aspx?s=16&alg=24&comp=2765929","805 S Miami, Marshall, MO 65340-2499"
"16","Boonville High School","Soccer Boys","33","Varsity","10/1","5:00 pm","","Knob Noster","home","https://www.mshsaa.org/MySchool/Schedule.aspx?s=16&alg=33","https://www.mshsaa.org/MySchool/Matchup.aspx?s=16&alg=33&comp=2784068","1 Pirate Dr., Boonville, MO 65233-2740"
"16","Boonville High School","Softball Fall Season","38","Varsity","10/1","5:00 pm","","California","home","https://www.mshsaa.org/MySchool/Schedule.aspx?s=16&alg=38","https://www.mshsaa.org/MySchool/Matchup.aspx?s=16&alg=38&comp=2651905","1 Pirate Dr., Boonville, MO 65233-2740"
"16","Boonville High School","Tennis Girls","49","Varsity","10/1","4:30 pm","","Smith-Cotton","away","https://www.mshsaa.org/MySchool/Schedule.aspx?s=16&alg=49","https://www.mshsaa.org/MySchool/Matchup.aspx?s=16&alg=49&comp=2765940","2010 Tiger Pride Blvd, Sedalia, MO 65301-8503"
"16","Boonville High School","Volleyball Girls","57","Varsity","10/1","6:00 pm","","Fulton","home","https://www.mshsaa.org/MySchool/Schedule.aspx?s=16&alg=57","https://www.mshsaa.org/MySchool/Matchup.aspx?s=16&alg=57&comp=2662550","1 Pirate Dr., Boonville, MO 65233-2740"
"582","California High School","Golf Girls","24","Varsity","10/1","","","Fulton Classic Tournament","tournament","https://www.mshsaa.org/MySchool/Schedule.aspx?s=582&alg=24","https://www.mshsaa.org/MySchool/Tournament.aspx?s=582&alg=24&tournament=596410","Fulton, MO"
"582","California High School","Softball Fall Season","38","Varsity","10/1","5:00 pm","","Boonville","away","https://www.mshsaa.org/MySchool/Schedule.aspx?s=582&alg=38","https://www.mshsaa.org/MySchool/Matchup.aspx?s=582&alg=38&comp=2618140","1 Pirate Dr., Boonville, MO 65233-2740"
"582","California High School","Volleyball Girls","57","Varsity","10/1","6:30 pm","","Russellville","home","https://www.mshsaa.org/MySchool/Schedule.aspx?s=582&alg=57","https://www.mshsaa.org/MySchool/Matchup.aspx?s=582&alg=57&comp=2618100","1501 W Buchanan, California, MO 65018-1279"
"26","Camdenton High School","Golf Girls","24","Varsity","10/1","","","CMAC Tournament","tournament","https://www.mshsaa.org/MySchool/Schedule.aspx?s=26&alg=24","https://www.mshsaa.org/MySchool/Tournament.aspx?s=26&alg=24&tournament=568367","Sedalia, MO"
"26","Camdenton High School","Soccer Boys","33","Varsity","10/1-3","","","Laker Shootout","tournament","https://www.mshsaa.org/MySchool/Schedule.aspx?s=26&alg=33","https://www.mshsaa.org/MySchool/Tournament.aspx?s=26&alg=33&tournament=571169","Camdenton, MO"
"26","Camdenton High School","Volleyball Girls","57","Varsity","10/1","6:30 pm","","Smith-Cotton","away","https://www.mshsaa.org/MySchool/Schedule.aspx?s=26&alg=57","https://www.mshsaa.org/MySchool/Matchup.aspx?s=26&alg=57&comp=2670323","2010 Tiger Pride Blvd, Sedalia, MO 65301-8503"
"1540","Capital City High School","Golf Girls","24","Varsity","10/1","","","CMAC Tournament","tournament","https://www.mshsaa.org/MySchool/Schedule.aspx?s=1540&alg=24","https://www.mshsaa.org/MySchool/Tournament.aspx?s=1540&alg=24&tournament=563808","Sedalia, MO"
"1540","Capital City High School","Soccer Boys","33","Varsity","10/1","4:00 pm","","Troy Buchanan","away","https://www.mshsaa.org/MySchool/Schedule.aspx?s=1540&alg=33","https://www.mshsaa.org/MySchool/Matchup.aspx?s=1540&alg=33&comp=2656537","1190 Old Cap Au Gris Rd, Troy, MO 63379-2300"
"1540","Capital City High School","Tennis Girls","49","Varsity","10/1","4:30 pm","","Helias Catholic","away","https://www.mshsaa.org/MySchool/Schedule.aspx?s=1540&alg=49","https://www.mshsaa.org/MySchool/Matchup.aspx?s=1540&alg=49&comp=2793095","1305 Swifts Hwy, Jefferson City, MO 65109-2595"
"1540","Capital City High School","Volleyball Girls","57","Varsity","10/1","6:45 pm","","Battle","home","https://www.mshsaa.org/MySchool/Schedule.aspx?s=1540&alg=57","https://www.mshsaa.org/MySchool/Matchup.aspx?s=1540&alg=57&comp=2641603","1650 Cavalier Drive, Jefferson City, MO 65109"
"53","Centralia High School","Softball Fall Season","38","Varsity","10/1","5:00 pm","","Clark County","away","https://www.mshsaa.org/MySchool/Schedule.aspx?s=53&alg=38","https://www.mshsaa.org/MySchool/Matchup.aspx?s=53&alg=38&comp=2655440","384 N. Jefferson St., Kahoka, MO 63445"
"53","Centralia High School","Volleyball Girls","57","Varsity","10/1","7:00 pm","","Southern Boone","away","https://www.mshsaa.org/MySchool/Schedule.aspx?s=53&alg=57","https://www.mshsaa.org/MySchool/Matchup.aspx?s=53&alg=57&comp=2655585","14520 Crump Lane, Ashland, MO 65010-9464"
"1099","Christian Fellowship","Cross Country Boys","11","Varsity","10/1","","","Moberly Invitational","tournament","https://www.mshsaa.org/MySchool/Schedule.aspx?s=1099&alg=11","https://www.mshsaa.org/MySchool/Tournament.aspx?s=1099&alg=11&tournament=599397","Moberly, MO"
"1099","Christian Fellowship","Cross Country Girls","12","Varsity","10/1","","","Moberly Invitational","tournament","https://www.mshsaa.org/MySchool/Schedule.aspx?s=1099&alg=12","https://www.mshsaa.org/MySchool/Tournament.aspx?s=1099&alg=12&tournament=599400","Moberly, MO"
"1099","Christian Fellowship","Soccer Boys","33","Varsity","10/1","6:30 pm","","Hickman (JV)","away","https://www.mshsaa.org/MySchool/Schedule.aspx?s=1099&alg=33","https://www.mshsaa.org/MySchool/Matchup.aspx?s=1099&alg=33&comp=2720994","1104 N Providence Rd, Columbia, MO 65203-4398"
"1099","Christian Fellowship","Softball Fall Season","38","Varsity","10/1","5:00 pm","","Eldon","away","https://www.mshsaa.org/MySchool/Schedule.aspx?s=1099&alg=38","https://www.mshsaa.org/MySchool/Matchup.aspx?s=1099&alg=38&comp=2713136","112 S Pine St, Eldon, MO 65026-1594"
"1099","Christian Fellowship","Volleyball Girls","57","Varsity","10/1","7:00 pm","","Hallsville","home","https://www.mshsaa.org/MySchool/Schedule.aspx?s=1099&alg=57","https://www.mshsaa.org/MySchool/Matchup.aspx?s=1099&alg=57&comp=2721913","4600 Christian Fellowship Rd, Columbia, MO 65203"
"566","Columbia Independent","Cross Country Boys","11","Varsity","10/1","","","Moberly Invitational","tournament","https://www.mshsaa.org/MySchool/Schedule.aspx?s=566&alg=11","https://www.mshsaa.org/MySchool/Tournament.aspx?s=566&alg=11&tournament=594222",""
"566","Columbia Independent","Cross Country Girls","12","Varsity","10/1","","","Moberly Invitational","tournament","https://www.mshsaa.org/MySchool/Schedule.aspx?s=566&alg=12","https://www.mshsaa.org/MySchool/Tournament.aspx?s=566&alg=12&tournament=594228",""
"566","Columbia Independent","Volleyball Girls","57","Varsity","10/1","7:00 pm","","Calvary Lutheran","away","https://www.mshsaa.org/MySchool/Schedule.aspx?s=566&alg=57","https://www.mshsaa.org/MySchool/Matchup.aspx?s=566&alg=57&comp=2712348","2525 Route B, Jefferson City, MO 65101-8902"
"278","Eldon High School","Cross Country Boys","11","Varsity","10/1","","","Moberly Invitational","tournament","https://www.mshsaa.org/MySchool/Schedule.aspx?s=278&alg=11","https://www.mshsaa.org/MySchool/Tournament.aspx?s=278&alg=11&tournament=544986","Moberly, MO"
"278","Eldon High School","Cross Country Girls","12","Varsity","10/1","","","Moberly Invitational","tournament","https://www.mshsaa.org/MySchool/Schedule.aspx?s=278&alg=12","https://www.mshsaa.org/MySchool/Tournament.aspx?s=278&alg=12&tournament=544994","Moberly, MO"
"278","Eldon High School","Golf Girls","24","Varsity","10/1","","","Fulton Classic Tournament","tournament","https://www.mshsaa.org/MySchool/Schedule.aspx?s=278&alg=24","https://www.mshsaa.org/MySchool/Tournament.aspx?s=278&alg=24&tournament=589274","Fulton, MO"
"278","Eldon High School","Softball Fall Season","38","Varsity","10/1","5:00 pm","","Hallsville with Christian Fellowship Sr.","home","https://www.mshsaa.org/MySchool/Schedule.aspx?s=278&alg=38","https://www.mshsaa.org/MySchool/Matchup.aspx?s=278&alg=38&comp=2628680","112 S Pine St, Eldon, MO 65026-1594"
"278","Eldon High School","Volleyball Girls","57","Varsity","10/1","7:30 pm","","Osage","away","https://www.mshsaa.org/MySchool/Schedule.aspx?s=278&alg=57","https://www.mshsaa.org/MySchool/Matchup.aspx?s=278&alg=57&comp=2623028","636 Hwy 42, Osage Beach, MO 65065-5301"
"917","Father Tolton","Softball Fall Season","38","Varsity","10/1","5:30 pm","","Southern Boone","away","https://www.mshsaa.org/MySchool/Schedule.aspx?s=917&alg=38","https://www.mshsaa.org/MySchool/Matchup.aspx?s=917&alg=38&comp=2679873","14520 Crump Lane, Ashland, MO 65010-9464"
"917","Father Tolton","Tennis Girls","49","Varsity","10/1","TBD","","Osage","home","https://www.mshsaa.org/MySchool/Schedule.aspx?s=917&alg=49","https://www.mshsaa.org/MySchool/Matchup.aspx?s=917&alg=49&comp=2791439","3351 E Gans Road, Columbia, MO 65201"
"294","Fayette High School","Cross Country Boys","11","Varsity","10/1","","","Moberly Invitational","tournament","https://www.mshsaa.org/MySchool/Schedule.aspx?s=294&alg=11","https://www.mshsaa.org/MySchool/Tournament.aspx?s=294&alg=11&tournament=590172","Moberly, MO"
"294","Fayette High School","Softball Fall Season","38","Varsity","10/1","5:00 pm","","South Callaway","home","https://www.mshsaa.org/MySchool/Schedule.aspx?s=294&alg=38","https://www.mshsaa.org/MySchool/Matchup.aspx?s=294&alg=38&comp=2635052","510 N. Cleveland St., Fayette, MO 65248-1596"
"80","Fulton High School","Golf Girls","24","Varsity","10/1","10:00 am","","Fulton Classic Tournament","tournament","https://www.mshsaa.org/MySchool/Schedule.aspx?s=80&alg=24","https://www.mshsaa.org/MySchool/Tournament.aspx?s=80&alg=24&tournament=596292","Fulton, MO"
"80","Fulton High School","Softball Fall Season","38","Varsity","10/1","5:00 pm","","Hannibal","away","https://www.mshsaa.org/MySchool/Schedule.aspx?s=80&alg=38","https://www.mshsaa.org/MySchool/Matchup.aspx?s=80&alg=38&comp=2681986","4500 McMasters Ave, Hannibal, MO 63401-2299"
"80","Fulton High School","Tennis Girls","49","Varsity","10/1","4:00 pm","","Mexico","away","https://www.mshsaa.org/MySchool/Schedule.aspx?s=80&alg=49","https://www.mshsaa.org/MySchool/Matchup.aspx?s=80&alg=49&comp=2780504","639 N Wade, Mexico, MO 65265-1899"
"80","Fulton High School","Volleyball Girls","57","Varsity","10/1","7:00 pm","","Boonville","away","https://www.mshsaa.org/MySchool/Schedule.aspx?s=80&alg=57","https://www.mshsaa.org/MySchool/Matchup.aspx?s=80&alg=57&comp=2642119","1 Pirate Dr., Boonville, MO 65233-2740"
"302","Glasgow High School","Baseball Fall Season","66","Varsity","10/1","7:00 pm","","Sturgeon","home","https://www.mshsaa.org/MySchool/Schedule.aspx?s=302&alg=66","https://www.mshsaa.org/MySchool/Matchup.aspx?s=302&alg=66&comp=2724723","860 Randolph St, Glasgow, MO 65254-1299"
"302","Glasgow High School","Cross Country Boys","11","Varsity","10/1","","","Moberly Invitational","tournament","https://www.mshsaa.org/MySchool/Schedule.aspx?s=302&alg=11","https://www.mshsaa.org/MySchool/Tournament.aspx?s=302&alg=11&tournament=584917","Moberly, MO"
"302","Glasgow High School","Cross Country Girls","12","Varsity","10/1","","","Moberly Invitational","tournament","https://www.mshsaa.org/MySchool/Schedule.aspx?s=302&alg=12","https://www.mshsaa.org/MySchool/Tournament.aspx?s=302&alg=12&tournament=586727","Moberly, MO"
"302","Glasgow High School","Golf Girls","24","Varsity","10/1","","","Brookfield Girls Golf Invitational","tournament","https://www.mshsaa.org/MySchool/Schedule.aspx?s=302&alg=24","https://www.mshsaa.org/MySchool/Tournament.aspx?s=302&alg=24&tournament=596147","Brookfield, MO"
"302","Glasgow High School","Softball Fall Season","38","Varsity","10/1","5:00 pm","","Sturgeon","home","https://www.mshsaa.org/MySchool/Schedule.aspx?s=302&alg=38","https://www.mshsaa.org/MySchool/Matchup.aspx?s=302&alg=38&comp=2724722","860 Randolph St, Glasgow, MO 65254-1299"
"311","Hallsville High School","Cross Country Boys","11","Varsity","10/1","","","Moberly Invitational","tournament","https://www.mshsaa.org/MySchool/Schedule.aspx?s=311&alg=11","https://www.mshsaa.org/MySchool/Tournament.aspx?s=311&alg=11&tournament=584830","Moberly, MO"
"311","Hallsville High School","Cross Country Girls","12","Varsity","10/1","","","Moberly Invitational","tournament","https://www.mshsaa.org/MySchool/Schedule.aspx?s=311&alg=12","https://www.mshsaa.org/MySchool/Tournament.aspx?s=311&alg=12&tournament=585852","Moberly, MO"
"311","Hallsville High School","Golf Girls","24","Varsity","10/1","","","Hallsville Tri: Salisbury & S. Callaway","tournament","https://www.mshsaa.org/MySchool/Schedule.aspx?s=311&alg=24","https://www.mshsaa.org/MySchool/Tournament.aspx?s=311&alg=24&tournament=579474","Hallsville, MO"
"311","Hallsville High School","Soccer Boys","33","Varsity","10/1","6:30 pm","","Hickman (JV)","away","https://www.mshsaa.org/MySchool/Schedule.aspx?s=311&alg=33","https://www.mshsaa.org/MySchool/Matchup.aspx?s=311&alg=33&comp=2720994","1104 N Providence Rd, Columbia, MO 65203-4398"
"311","Hallsville High School","Softball Fall Season","38","Varsity","10/1","5:00 pm","","Eldon","away","https://www.mshsaa.org/MySchool/Schedule.aspx?s=311&alg=38","https://www.mshsaa.org/MySchool/Matchup.aspx?s=311&alg=38&comp=2713136","112 S Pine St, Eldon, MO 65026-1594"
"311","Hallsville High School","Volleyball Girls","57","Varsity","10/1","7:00 pm","","Christian Fellowship Sr.","away","https://www.mshsaa.org/MySchool/Schedule.aspx?s=311&alg=57","https://www.mshsaa.org/MySchool/Matchup.aspx?s=311&alg=57&comp=2721780","4600 Christian Fellowship Rd, Columbia, MO 65203"
"313","Harrisburg High School","Softball Fall Season","38","Varsity","10/1","5:00 pm","","Osage","home","https://www.mshsaa.org/MySchool/Schedule.aspx?s=313&alg=38","https://www.mshsaa.org/MySchool/Matchup.aspx?s=313&alg=38&comp=2653276","801 S. Harris St., Harrisburg, MO 65256"
"522","Helias High School","Golf Girls","24","Varsity","10/1","9:00 am","","CMAC Tournament","tournament","https://www.mshsaa.org/MySchool/Schedule.aspx?s=522&alg=24","https://www.mshsaa.org/MySchool/Tournament.aspx?s=522&alg=24&tournament=547259","Columbia, MO"
"522","Helias High School","Softball Fall Season","38","Varsity","10/1","4:30 pm","","Sullivan","away","https://www.mshsaa.org/MySchool/Schedule.aspx?s=522&alg=38","https://www.mshsaa.org/MySchool/Matchup.aspx?s=522&alg=38&comp=2694906","1073 E Vine St, Sullivan, MO 63080-2160"
"522","Helias High School","Tennis Girls","49","Varsity","10/1","4:30 pm","","Capital City","home","https://www.mshsaa.org/MySchool/Schedule.aspx?s=522&alg=49","https://www.mshsaa.org/MySchool/Matchup.aspx?s=522&alg=49&comp=2775206","1305 Swifts Hwy, Jefferson City, MO 65109-2595"
"85","Hickman High School","Tennis Girls","49","Varsity","10/1","4:30 pm","","Jefferson City","away","https://www.mshsaa.org/MySchool/Schedule.aspx?s=85&alg=49","https://www.mshsaa.org/MySchool/Matchup.aspx?s=85&alg=49&comp=2765027","609 Union St, Jefferson City, MO 65101-2898"
"317","Higbee High School","Cross Country Girls","12","Varsity","10/1","","","Moberly Invitational","tournament","https://www.mshsaa.org/MySchool/Schedule.aspx?s=317&alg=12","https://www.mshsaa.org/MySchool/Tournament.aspx?s=317&alg=12&tournament=585693","Moberly, MO"
"84","Jefferson City High School","Golf Girls","24","Varsity","10/1","9:00 am","","CMAC Tournament","tournament","https://www.mshsaa.org/MySchool/Schedule.aspx?s=84&alg=24","https://www.mshsaa.org/MySchool/Tournament.aspx?s=84&alg=24&tournament=576808","Columbia, MO"
"84","Jefferson City High School","Tennis Girls","49","Varsity","10/1","4:30 pm","","Hickman","home","https://www.mshsaa.org/MySchool/Schedule.aspx?s=84&alg=49","https://www.mshsaa.org/MySchool/Matchup.aspx?s=84&alg=49&comp=2752549","609 Union St, Jefferson City, MO 65101-2898"
"84","Jefferson City High School","Volleyball Girls","57","Varsity","10/1","7:00 pm","","Rolla","home","https://www.mshsaa.org/MySchool/Schedule.aspx?s=84&alg=57","https://www.mshsaa.org/MySchool/Matchup.aspx?s=84&alg=57&comp=2653581","609 Union St, Jefferson City, MO 65101-2898"
"360","Marshall High School","Golf Girls","24","Varsity","10/1","","","Boonville/Chillicothe Match","tournament","https://www.mshsaa.org/MySchool/Schedule.aspx?s=360&alg=24","https://www.mshsaa.org/MySchool/Tournament.aspx?s=360&alg=24&tournament=601067","1510 East Eastwood Street Marshall, MO 65340"
"360","Marshall High School","Golf Girls","24","Varsity","⤷ 10/1","TBD","","Boonville","tournament","https://www.mshsaa.org/MySchool/Schedule.aspx?s=360&alg=24","https://www.mshsaa.org/MySchool/Matchup.aspx?s=360&alg=24&comp=2793054","Indian Foothills Park, Marshall, MO"
"360","Marshall High School","Golf Girls","24","Varsity","⤷ 10/1","TBD","","Chillicothe","tournament","https://www.mshsaa.org/MySchool/Schedule.aspx?s=360&alg=24","https://www.mshsaa.org/MySchool/Matchup.aspx?s=360&alg=24&comp=2793055","Indian Foothills Park, Marshall, MO"
"360","Marshall High School","Soccer Boys","33","Varsity","10/1","6:30 pm","","Kirksville","away","https://www.mshsaa.org/MySchool/Schedule.aspx?s=360&alg=33","https://www.mshsaa.org/MySchool/Matchup.aspx?s=360&alg=33&comp=2675297","1300 S Cottage Grove, Kirksville, MO 63501-3998"
"360","Marshall High School","Softball Fall Season","38","Varsity","10/1","5:00 pm","","Smith-Cotton","away","https://www.mshsaa.org/MySchool/Schedule.aspx?s=360&alg=38","https://www.mshsaa.org/MySchool/Matchup.aspx?s=360&alg=38&comp=2779787","2010 Tiger Pride Blvd, Sedalia, MO 65301-8503"
"360","Marshall High School","Volleyball Girls","57","Varsity","10/1","6:30 pm","","Kirksville","home","https://www.mshsaa.org/MySchool/Schedule.aspx?s=360&alg=57","https://www.mshsaa.org/MySchool/Matchup.aspx?s=360&alg=57&comp=2661612","805 S Miami, Marshall, MO 65340-2499"
"128","Mexico High School","Golf Girls","24","Varsity","10/1","","","Fulton Classic Tournament","tournament","https://www.mshsaa.org/MySchool/Schedule.aspx?s=128&alg=24","https://www.mshsaa.org/MySchool/Tournament.aspx?s=128&alg=24&tournament=596455","Fulton, MO"
"128","Mexico High School","Soccer Boys","33","Varsity","10/1","5:00 pm","","Missouri Military Academy","home","https://www.mshsaa.org/MySchool/Schedule.aspx?s=128&alg=33","https://www.mshsaa.org/MySchool/Matchup.aspx?s=128&alg=33&comp=2643191","639 N Wade, Mexico, MO 65265-1899"
"128","Mexico High School","Softball Fall Season","38","Varsity","10/1","5:00 pm","","Moberly","away","https://www.mshsaa.org/MySchool/Schedule.aspx?s=128&alg=38","https://www.mshsaa.org/MySchool/Matchup.aspx?s=128&alg=38&comp=2663204","1625 Gratz Brown, Moberly, MO 65270-1904"
"128","Mexico High School","Tennis Girls","49","Varsity","10/1","4:00 pm","","Fulton","home","https://www.mshsaa.org/MySchool/Schedule.aspx?s=128&alg=49","https://www.mshsaa.org/MySchool/Matchup.aspx?s=128&alg=49&comp=2767190","639 N Wade, Mexico, MO 65265-1899"
"128","Mexico High School","Volleyball Girls","57","Varsity","10/1","6:30 pm","","Montgomery County","away","https://www.mshsaa.org/MySchool/Schedule.aspx?s=128&alg=57","https://www.mshsaa.org/MySchool/Matchup.aspx?s=128&alg=57&comp=2652137","394 N Hwy 19, Montgomery City, MO 63361-5216"
"569","Missouri Military Academy","Soccer Boys","33","Varsity","10/1","5:00 pm","","Mexico","away","https://www.mshsaa.org/MySchool/Schedule.aspx?s=569&alg=33","https://www.mshsaa.org/MySchool/Matchup.aspx?s=569&alg=33&comp=2762021","639 N Wade, Mexico, MO 65265-1899"
"132","Moberly High School","Cross Country Boys","11","Varsity","10/1","4:00 pm","","Moberly Invitational","tournament","https://www.mshsaa.org/MySchool/Schedule.aspx?s=132&alg=11","https://www.mshsaa.org/MySchool/Tournament.aspx?s=132&alg=11&tournament=584823","Moberly, MO"
"132","Moberly High School","Cross Country Girls","12","Varsity","10/1","4:00 pm","","Moberly Invitational","tournament","https://www.mshsaa.org/MySchool/Schedule.aspx?s=132&alg=12","https://www.mshsaa.org/MySchool/Tournament.aspx?s=132&alg=12&tournament=585354","Moberly, MO"
"132","Moberly High School","Golf Girls","24","Varsity","10/1","","","Fulton Classic Tournament","tournament","https://www.mshsaa.org/MySchool/Schedule.aspx?s=132&alg=24","https://www.mshsaa.org/MySchool/Tournament.aspx?s=132&alg=24&tournament=596421","Fulton, MO"
"132","Moberly High School","Soccer Boys","33","Varsity","10/1","6:00 pm","","Sumner Kansas City, KS","home","https://www.mshsaa.org/MySchool/Schedule.aspx?s=132&alg=33","",""
"132","Moberly High School","Softball Fall Season","38","Varsity","10/1","5:00 pm","","Mexico","home","https://www.mshsaa.org/MySchool/Schedule.aspx?s=132&alg=38","https://www.mshsaa.org/MySchool/Matchup.aspx?s=132&alg=38&comp=2756859","1625 Gratz Brown Street, Moberly, MO 65270"
"132","Moberly High School","Tennis Girls","49","Varsity","10/1","4:30 pm","","Battle","home","https://www.mshsaa.org/MySchool/Schedule.aspx?s=132&alg=49","https://www.mshsaa.org/MySchool/Matchup.aspx?s=132&alg=49&comp=2766959","1625 Gratz Brown, Moberly, MO 65270-1904"
"139","North Callaway High School","Softball Fall Season","38","Varsity","10/1","5:00 pm","","Silex","home","https://www.mshsaa.org/MySchool/Schedule.aspx?s=139&alg=38","https://www.mshsaa.org/MySchool/Matchup.aspx?s=139&alg=38&comp=2614164","2700 Thunderbird Dr, Kingdom City, MO 65262-1817"
"139","North Callaway High School","Volleyball Girls","57","Varsity","10/1","6:00 pm","","Bowling Green","away","https://www.mshsaa.org/MySchool/Schedule.aspx?s=139&alg=57","https://www.mshsaa.org/MySchool/Matchup.aspx?s=139&alg=57&comp=2606513","700 W Adams Street, Bowling Green, MO 63334-2033"
"152","Osage High School","Golf Girls","24","Varsity","10/1","","","Fulton Classic Tournament","tournament","https://www.mshsaa.org/MySchool/Schedule.aspx?s=152&alg=24","https://www.mshsaa.org/MySchool/Tournament.aspx?s=152&alg=24&tournament=596677","Fulton, MO"
"152","Osage High School","Softball Fall Season","38","Varsity","10/1","5:00 pm","","Harrisburg","away","https://www.mshsaa.org/MySchool/Schedule.aspx?s=152&alg=38","https://www.mshsaa.org/MySchool/Matchup.aspx?s=152&alg=38&comp=2654122","801 S Harris St, Harrisburg, MO 65256-9542"
"152","Osage High School","Tennis Girls","49","Varsity","10/1","4:00 pm","","Father Tolton","away","https://www.mshsaa.org/MySchool/Schedule.aspx?s=152&alg=49","https://www.mshsaa.org/MySchool/Matchup.aspx?s=152&alg=49&comp=2791999","3351 E Gans Road, Columbia, MO 65201"
"152","Osage High School","Volleyball Girls","57","Varsity","10/1","7:30 pm","","Eldon","home","https://www.mshsaa.org/MySchool/Schedule.aspx?s=152&alg=57","https://www.mshsaa.org/MySchool/Matchup.aspx?s=152&alg=57&comp=2709000","636 Hwy 42, Osage Beach, MO 65065-5301"
"578","Rock Bridge High School","Soccer Boys","33","Varsity","10/1","6:45 pm","","Francis Howell","home","https://www.mshsaa.org/MySchool/Schedule.aspx?s=578&alg=33","https://www.mshsaa.org/MySchool/Matchup.aspx?s=578&alg=33&comp=2652485","4303 South Providence Road, Columbia, MO 65203"
"430","Russellville High School","Golf Girls","24","Varsity","10/1","","","Lady Bulldog Invitational","tournament","https://www.mshsaa.org/MySchool/Schedule.aspx?s=430&alg=24","https://www.mshsaa.org/MySchool/Tournament.aspx?s=430&alg=24&tournament=584781","Stover, MO"
"430","Russellville High School","Softball Fall Season","38","Varsity","10/1","5:00 pm","","New Bloomfield","home","https://www.mshsaa.org/MySchool/Schedule.aspx?s=430&alg=38","https://www.mshsaa.org/MySchool/Matchup.aspx?s=430&alg=38&comp=2616311","13600 Rte C, Russellville, MO 65074"
"430","Russellville High School","Volleyball Girls","57","Varsity","10/1","6:30 pm","","California","away","https://www.mshsaa.org/MySchool/Schedule.aspx?s=430&alg=57","https://www.mshsaa.org/MySchool/Matchup.aspx?s=430&alg=57&comp=2612889","1501 W Buchanan, California, MO 65018-1279"
"431","Salisbury High School","Cross Country Boys","11","Varsity","10/1","","","Moberly Invitational","tournament","https://www.mshsaa.org/MySchool/Schedule.aspx?s=431&alg=11","https://www.mshsaa.org/MySchool/Tournament.aspx?s=431&alg=11&tournament=545824","Moberly, MO"
"431","Salisbury High School","Cross Country Girls","12","Varsity","10/1","","","Moberly Invitational","tournament","https://www.mshsaa.org/MySchool/Schedule.aspx?s=431&alg=12","https://www.mshsaa.org/MySchool/Tournament.aspx?s=431&alg=12&tournament=545834","Moberly, MO"
"431","Salisbury High School","Golf Girls","24","Varsity","10/1","","","Hallsville Tri: Salisbury & S. Callaway","tournament","https://www.mshsaa.org/MySchool/Schedule.aspx?s=431&alg=24","https://www.mshsaa.org/MySchool/Tournament.aspx?s=431&alg=24&tournament=545818","Hallsville, MO"
"431","Salisbury High School","Softball Fall Season","38","Varsity","10/1","5:00 pm","","Scotland County","away","https://www.mshsaa.org/MySchool/Schedule.aspx?s=431&alg=38","https://www.mshsaa.org/MySchool/Matchup.aspx?s=431&alg=38&comp=2632152","606 W. Lovers Lane, Memphis, MO 63555-1931"
"194","Smith-Cotton High School","Golf Girls","24","Varsity","10/1","10:00 am","","CMAC Tournament","tournament","https://www.mshsaa.org/MySchool/Schedule.aspx?s=194&alg=24","https://www.mshsaa.org/MySchool/Tournament.aspx?s=194&alg=24&tournament=557517","Columbia, MO"
"194","Smith-Cotton High School","Soccer Boys","33","Varsity","10/1","6:30 pm","","Hillcrest","home","https://www.mshsaa.org/MySchool/Schedule.aspx?s=194&alg=33","https://www.mshsaa.org/MySchool/Matchup.aspx?s=194&alg=33&comp=2663091","2010 Tiger Pride Blvd, Sedalia, MO 65301-8503"
"194","Smith-Cotton High School","Softball Fall Season","38","Varsity","10/1","5:00 pm","","Marshall","home","https://www.mshsaa.org/MySchool/Schedule.aspx?s=194&alg=38","https://www.mshsaa.org/MySchool/Matchup.aspx?s=194&alg=38&comp=2657352","2010 Tiger Pride Blvd, Sedalia, MO 65301-8503"
"194","Smith-Cotton High School","Tennis Girls","49","Varsity","10/1","4:30 pm","","Boonville","home","https://www.mshsaa.org/MySchool/Schedule.aspx?s=194&alg=49","https://www.mshsaa.org/MySchool/Matchup.aspx?s=194&alg=49&comp=2669527","2010 Tiger Pride Blvd, Sedalia, MO 65301-8503"
"194","Smith-Cotton High School","Volleyball Girls","57","Varsity","10/1","6:30 pm","","Camdenton","home","https://www.mshsaa.org/MySchool/Schedule.aspx?s=194&alg=57","https://www.mshsaa.org/MySchool/Matchup.aspx?s=194&alg=57&comp=2643406","2010 Tiger Pride Blvd, Sedalia, MO 65301-8503"
"197","South Callaway High School","Golf Girls","24","Varsity","10/1","","","Hallsville Tri: Salisbury & S. Callaway","tournament","https://www.mshsaa.org/MySchool/Schedule.aspx?s=197&alg=24","https://www.mshsaa.org/MySchool/Tournament.aspx?s=197&alg=24&tournament=583086","Hallsville, MO"
"197","South Callaway High School","Softball Fall Season","38","Varsity","10/1","5:00 pm","","Fayette","away","https://www.mshsaa.org/MySchool/Schedule.aspx?s=197&alg=38","https://www.mshsaa.org/MySchool/Matchup.aspx?s=197&alg=38&comp=2646682","510 N. Cleveland St., Fayette, MO 65248-1596"
"2","Southern Boone High School","Cross Country Boys","11","Varsity","10/1","","","Moberly Invitational","tournament","https://www.mshsaa.org/MySchool/Schedule.aspx?s=2&alg=11","https://www.mshsaa.org/MySchool/Tournament.aspx?s=2&alg=11&tournament=559455","Moberly, MO"
"2","Southern Boone High School","Cross Country Girls","12","Varsity","10/1","","","Moberly Invitational","tournament","https://www.mshsaa.org/MySchool/Schedule.aspx?s=2&alg=12","https://www.mshsaa.org/MySchool/Tournament.aspx?s=2&alg=12&tournament=559463","Moberly, MO"
"2","Southern Boone High School","Golf Girls","24","Varsity","10/1","","","Fulton Classic Tournament","tournament","https://www.mshsaa.org/MySchool/Schedule.aspx?s=2&alg=24","https://www.mshsaa.org/MySchool/Tournament.aspx?s=2&alg=24&tournament=596296","Fulton, MO"
"2","Southern Boone High School","Softball Fall Season","38","Varsity","10/1","5:30 pm","","Father Tolton","home","https://www.mshsaa.org/MySchool/Schedule.aspx?s=2&alg=38","https://www.mshsaa.org/MySchool/Matchup.aspx?s=2&alg=38&comp=2650869","14520 Crump Lane, Ashland, MO 65010-9464"
"2","Southern Boone High School","Volleyball Girls","57","Varsity","10/1","7:00 pm","","Centralia","home","https://www.mshsaa.org/MySchool/Schedule.aspx?s=2&alg=57","https://www.mshsaa.org/MySchool/Matchup.aspx?s=2&alg=57&comp=2653888","14520 Crump Lane, Ashland, MO 65010-9464"
"474","Tipton High School","Cross Country Boys","11","Varsity","10/1","","","Moberly Invitational","tournament","https://www.mshsaa.org/MySchool/Schedule.aspx?s=474&alg=11","https://www.mshsaa.org/MySchool/Tournament.aspx?s=474&alg=11&tournament=584970","Moberly, MO"
"474","Tipton High School","Cross Country Girls","12","Varsity","10/1","","","Moberly Invitational","tournament","https://www.mshsaa.org/MySchool/Schedule.aspx?s=474&alg=12","https://www.mshsaa.org/MySchool/Tournament.aspx?s=474&alg=12&tournament=585647","Moberly, MO"
"474","Tipton High School","Volleyball Girls","57","Varsity","10/1","7:00 pm","","Linn","home","https://www.mshsaa.org/MySchool/Schedule.aspx?s=474&alg=57","https://www.mshsaa.org/MySchool/Matchup.aspx?s=474&alg=57&comp=2635302","334 US Hwy 50 West, Tipton, MO 65081-8606"
"485","Versailles High School","Golf Girls","24","Varsity","10/1","","","Lady Bulldog Invitational","tournament","https://www.mshsaa.org/MySchool/Schedule.aspx?s=485&alg=24","https://www.mshsaa.org/MySchool/Tournament.aspx?s=485&alg=24&tournament=545181","Stover, MO"
"485","Versailles High School","Volleyball Girls","57","Varsity","10/1","6:15 pm","","El Dorado Springs","home","https://www.mshsaa.org/MySchool/Schedule.aspx?s=485&alg=57","https://www.mshsaa.org/MySchool/Matchup.aspx?s=485&alg=57&comp=2672090","913 W Newton, Versailles, MO 65084-1811"
"953","Battle High School","Cross Country Boys","11","Varsity","10/2","","","Camdenton Laker Invitational Day 1","tournament","https://www.mshsaa.org/MySchool/Schedule.aspx?s=953&alg=11","https://www.mshsaa.org/MySchool/Tournament.aspx?s=953&alg=11&tournament=597911","Camdenton, MO"
"953","Battle High School","Cross Country Girls","12","Varsity","10/2","","","FRIDAY- Laker Invitational at Collins Farm","tournament","https://www.mshsaa.org/MySchool/Schedule.aspx?s=953&alg=12","https://www.mshsaa.org/MySchool/Tournament.aspx?s=953&alg=12&tournament=597917","Camdenton, MO"
"953","Battle High School","Football","19","Varsity","10/2","7:00 pm","","Smith-Cotton","home","https://www.mshsaa.org/MySchool/Schedule.aspx?s=953&alg=19","https://www.mshsaa.org/MySchool/Matchup.aspx?s=953&alg=19&comp=2666895","7575 St. Charles Road, Columbia, MO 65202"
"953","Battle High School","Softball Fall Season","38","Varsity","10/2-3","","","Hillcrest Tournament","tournament","https://www.mshsaa.org/MySchool/Schedule.aspx?s=953&alg=38","https://www.mshsaa.org/MySchool/Tournament.aspx?s=953&alg=38&tournament=587104",""
"953","Battle High School","Tennis Girls","49","Varsity","10/2","4:30 pm","","Columbia Independent","home","https://www.mshsaa.org/MySchool/Schedule.aspx?s=953&alg=49","https://www.mshsaa.org/MySchool/Matchup.aspx?s=953&alg=49&comp=2766289","7575 St. Charles Road, Columbia, MO 65202"
"217","Blair Oaks High School","Football","19","Varsity","10/2","7:00 pm","","Boonville","home","https://www.mshsaa.org/MySchool/Schedule.aspx?s=217&alg=19","https://www.mshsaa.org/MySchool/Matchup.aspx?s=217&alg=19&comp=2627479","6124 Falcon Ln, Jefferson City, MO 65101-9751"
"217","Blair Oaks High School","Softball Fall Season","38","Varsity","10/2-3","","","Kewpie Classic Tournament at Antimi Fields in Columbia","tournament","https://www.mshsaa.org/MySchool/Schedule.aspx?s=217&alg=38","https://www.mshsaa.org/MySchool/Tournament.aspx?s=217&alg=38&tournament=545736","Columbia, MO"
"217","Blair Oaks High School","Volleyball Girls","57","Varsity","10/2-3","","","Lutheran St. Charles Tournament","tournament","https://www.mshsaa.org/MySchool/Schedule.aspx?s=217&alg=57","https://www.mshsaa.org/MySchool/Tournament.aspx?s=217&alg=57&tournament=545745","St. Charles, MO"
"16","Boonville High School","Football","19","Varsity","10/2","7:00 pm","","Blair Oaks","away","https://www.mshsaa.org/MySchool/Schedule.aspx?s=16&alg=19","https://www.mshsaa.org/MySchool/Matchup.aspx?s=16&alg=19&comp=2628858","6124 Falcon Ln, Jefferson City, MO 65101-9751"
"582","California High School","Football","19","Varsity","10/2","7:00 pm","","Osage","home","https://www.mshsaa.org/MySchool/Schedule.aspx?s=582&alg=19","https://www.mshsaa.org/MySchool/Matchup.aspx?s=582&alg=19&comp=2519665","1501 W Buchanan, California, MO 65018-1279"
"26","Camdenton High School","Cross Country Boys","11","Varsity","10/2","","","Camdenton Laker Invitational Day 1","tournament","https://www.mshsaa.org/MySchool/Schedule.aspx?s=26&alg=11","https://www.mshsaa.org/MySchool/Tournament.aspx?s=26&alg=11&tournament=578484","2450 Dry Hollow Rd Camdenton, MO 65020"
"26","Camdenton High School","Cross Country Girls","12","Varsity","10/2","","","FRIDAY- Laker Invitational at Collins Farm","tournament","https://www.mshsaa.org/MySchool/Schedule.aspx?s=26&alg=12","https://www.mshsaa.org/MySchool/Tournament.aspx?s=26&alg=12&tournament=578931","Camdenton, MO"
"26","Camdenton High School","Football","19","Varsity","10/2","7:00 pm","","Rock Bridge","away","https://www.mshsaa.org/MySchool/Schedule.aspx?s=26&alg=19","https://www.mshsaa.org/MySchool/Matchup.aspx?s=26&alg=19&comp=2696896","4303 S Providence Rd, Columbia, MO 65203-7198"
"26","Camdenton High School","Softball Fall Season","38","Varsity","10/2-3","","","Springfield Tournament","tournament","https://www.mshsaa.org/MySchool/Schedule.aspx?s=26&alg=38","https://www.mshsaa.org/MySchool/Tournament.aspx?s=26&alg=38&tournament=550493","Springfield, MO"
"26","Camdenton High School","Swimming and Diving Boys","44","Varsity","10/2","4:30 pm","","Kickapoo","away","https://www.mshsaa.org/MySchool/Schedule.aspx?s=26&alg=44","https://www.mshsaa.org/MySchool/Matchup.aspx?s=26&alg=44&comp=2788296","3710 S Jefferson Ave, Springfield, MO 65807-5298"
"26","Camdenton High School","Tennis Girls","49","Varsity","10/2","","","Waynesville Invitational","tournament","https://www.mshsaa.org/MySchool/Schedule.aspx?s=26&alg=49","https://www.mshsaa.org/MySchool/Tournament.aspx?s=26&alg=49&tournament=593817","Waynesville, MO"
"1540","Capital City High School","Football","19","Varsity","10/2","7:00 pm","","Helias Catholic","home","https://www.mshsaa.org/MySchool/Schedule.aspx?s=1540&alg=19","https://www.mshsaa.org/MySchool/Matchup.aspx?s=1540&alg=19&comp=2622658","2610 Mission Drive, Jefferson City, MO 65109"
"1540","Capital City High School","Soccer Boys","33","Varsity","10/2","4:00 pm","","Parkway North","away","https://www.mshsaa.org/MySchool/Schedule.aspx?s=1540&alg=33","https://www.mshsaa.org/MySchool/Matchup.aspx?s=1540&alg=33&comp=2656538","12860 Fee Fee Rd, St Louis, MO 63146"
"1540","Capital City High School","Softball Fall Season","38","Varsity","10/2-3","","","Springfield Invitational","tournament","https://www.mshsaa.org/MySchool/Schedule.aspx?s=1540&alg=38","https://www.mshsaa.org/MySchool/Tournament.aspx?s=1540&alg=38&tournament=557095",""
"1540","Capital City High School","Softball Fall Season","38","Varsity","⤷ 10/2","12:45 pm","","Liberty","tournament","https://www.mshsaa.org/MySchool/Schedule.aspx?s=1540&alg=38","https://www.mshsaa.org/MySchool/Matchup.aspx?s=1540&alg=38&comp=2786213",""
"1540","Capital City High School","Softball Fall Season","38","Varsity","⤷ 10/2","2:30 pm","","Willard","tournament","https://www.mshsaa.org/MySchool/Schedule.aspx?s=1540&alg=38","https://www.mshsaa.org/MySchool/Matchup.aspx?s=1540&alg=38&comp=2786214",""
"53","Centralia High School","Football","19","Varsity","10/2","7:00 pm","","Monroe City","home","https://www.mshsaa.org/MySchool/Schedule.aspx?s=53&alg=19","https://www.mshsaa.org/MySchool/Matchup.aspx?s=53&alg=19&comp=2584437","849 S Jefferson St, Centralia, MO 65240-1605"
"1099","Christian Fellowship","Swimming and Diving Boys","44","Varsity","10/2-3","","","COMO Invite","tournament","https://www.mshsaa.org/MySchool/Schedule.aspx?s=1099&alg=44","https://www.mshsaa.org/MySchool/Tournament.aspx?s=1099&alg=44&tournament=594246",""
"566","Columbia Independent","Swimming and Diving Boys","44","Varsity","10/2-3","","","COMO Invite","tournament","https://www.mshsaa.org/MySchool/Schedule.aspx?s=566&alg=44","https://www.mshsaa.org/MySchool/Tournament.aspx?s=566&alg=44&tournament=594246",""
"566","Columbia Independent","Tennis Girls","49","Varsity","10/2","4:30 pm","","Battle","away","https://www.mshsaa.org/MySchool/Schedule.aspx?s=566&alg=49","https://www.mshsaa.org/MySchool/Matchup.aspx?s=566&alg=49&comp=2721142","7575 St. Charles Road, Columbia, MO 65202"
"278","Eldon High School","Football","19","Varsity","10/2","7:00 pm","","Hallsville","home","https://www.mshsaa.org/MySchool/Schedule.aspx?s=278&alg=19","https://www.mshsaa.org/MySchool/Matchup.aspx?s=278&alg=19&comp=2609439","112 S Pine St, Eldon, MO 65026-1594"
"917","Father Tolton","Football","19","Varsity","10/2","7:00 pm","","Chillicothe","home","https://www.mshsaa.org/MySchool/Schedule.aspx?s=917&alg=19","https://www.mshsaa.org/MySchool/Matchup.aspx?s=917&alg=19&comp=2692385","3351 E Gans Road, Columbia, MO 65201"
"917","Father Tolton","Soccer Boys","33","Varsity","10/2","6:30 pm","","Warrenton","away","https://www.mshsaa.org/MySchool/Schedule.aspx?s=917&alg=33","https://www.mshsaa.org/MySchool/Matchup.aspx?s=917&alg=33&comp=2768065","803 Pinckney, Warrenton, MO 63383-2335"
"294","Fayette High School","Football","19","Varsity","10/2","7:00 pm","","Linn","away","https://www.mshsaa.org/MySchool/Schedule.aspx?s=294&alg=19","https://www.mshsaa.org/MySchool/Matchup.aspx?s=294&alg=19&comp=2644965","141 Wildcat Drive, Linn, MO 65051"
"80","Fulton High School","Cross Country Boys","11","Varsity","10/2","","","Camdenton Laker Invitational Day 1","tournament","https://www.mshsaa.org/MySchool/Schedule.aspx?s=80&alg=11","https://www.mshsaa.org/MySchool/Tournament.aspx?s=80&alg=11&tournament=580268","Camdenton, MO"
"80","Fulton High School","Cross Country Girls","12","Varsity","10/2","","","FRIDAY- Laker Invitational at Collins Farm","tournament","https://www.mshsaa.org/MySchool/Schedule.aspx?s=80&alg=12","https://www.mshsaa.org/MySchool/Tournament.aspx?s=80&alg=12&tournament=594835","Camdenton, MO"
"80","Fulton High School","Football","19","Varsity","10/2","7:00 pm","","Southern Boone","away","https://www.mshsaa.org/MySchool/Schedule.aspx?s=80&alg=19","https://www.mshsaa.org/MySchool/Matchup.aspx?s=80&alg=19&comp=2589274","14520 Crump Lane, Ashland, MO 65010-9464"
"311","Hallsville High School","Football","19","Varsity","10/2","7:00 pm","","Eldon","away","https://www.mshsaa.org/MySchool/Schedule.aspx?s=311&alg=19","https://www.mshsaa.org/MySchool/Matchup.aspx?s=311&alg=19&comp=2589271","112 S Pine St, Eldon, MO 65026-1594"
"313","Harrisburg High School","Cross Country Boys","11","Varsity","10/2","","","Camdenton Laker Invitational Day 1","tournament","https://www.mshsaa.org/MySchool/Schedule.aspx?s=313&alg=11","https://www.mshsaa.org/MySchool/Tournament.aspx?s=313&alg=11&tournament=580832","Camdenton, MO"
"313","Harrisburg High School","Cross Country Girls","12","Varsity","10/2","","","FRIDAY- Laker Invitational at Collins Farm","tournament","https://www.mshsaa.org/MySchool/Schedule.aspx?s=313&alg=12","https://www.mshsaa.org/MySchool/Tournament.aspx?s=313&alg=12&tournament=580839","Camdenton, MO"
"313","Harrisburg High School","Football","19","Varsity","10/2","7:00 pm","","Tipton with Bunceton","away","https://www.mshsaa.org/MySchool/Schedule.aspx?s=313&alg=19","https://www.mshsaa.org/MySchool/Matchup.aspx?s=313&alg=19&comp=2633496","334 US Hwy 50 West, Tipton, MO 65081-8606"
"522","Helias High School","Cross Country Boys","11","Varsity","10/2","","","Camdenton Laker Invitational Day 1","tournament","https://www.mshsaa.org/MySchool/Schedule.aspx?s=522&alg=11","https://www.mshsaa.org/MySchool/Tournament.aspx?s=522&alg=11&tournament=600055","Camdenton, MO"
"522","Helias High School","Cross Country Girls","12","Varsity","10/2","","","FRIDAY- Laker Invitational at Collins Farm","tournament","https://www.mshsaa.org/MySchool/Schedule.aspx?s=522&alg=12","https://www.mshsaa.org/MySchool/Tournament.aspx?s=522&alg=12&tournament=600056","Camdenton, MO"
"522","Helias High School","Football","19","Varsity","10/2","7:00 pm","","Capital City","away","https://www.mshsaa.org/MySchool/Schedule.aspx?s=522&alg=19","https://www.mshsaa.org/MySchool/Matchup.aspx?s=522&alg=19&comp=2627942","1650 Cavalier Drive, Jefferson City, MO 65109"
"85","Hickman High School","Cross Country Boys","11","Varsity","10/2-3","","","Chili Pepper Race","tournament","https://www.mshsaa.org/MySchool/Schedule.aspx?s=85&alg=11","https://www.mshsaa.org/MySchool/Tournament.aspx?s=85&alg=11&tournament=587513",""
"85","Hickman High School","Cross Country Girls","12","Varsity","10/2-3","","","Chili Pepper Race","tournament","https://www.mshsaa.org/MySchool/Schedule.aspx?s=85&alg=12","https://www.mshsaa.org/MySchool/Tournament.aspx?s=85&alg=12&tournament=587600",""
"85","Hickman High School","Football","19","Varsity","10/2","7:00 pm","","Jefferson City","home","https://www.mshsaa.org/MySchool/Schedule.aspx?s=85&alg=19","https://www.mshsaa.org/MySchool/Matchup.aspx?s=85&alg=19&comp=2646529","1104 N Providence Rd, Columbia, MO 65203-4398"
"85","Hickman High School","Soccer Boys","33","Varsity","10/2-3","","","Kickapoo Shootout","tournament","https://www.mshsaa.org/MySchool/Schedule.aspx?s=85&alg=33","https://www.mshsaa.org/MySchool/Tournament.aspx?s=85&alg=33&tournament=558288",""
"85","Hickman High School","Soccer Boys","33","Varsity","⤷ 10/2","TBD","","Ozark","tournament","https://www.mshsaa.org/MySchool/Schedule.aspx?s=85&alg=33","https://www.mshsaa.org/MySchool/Matchup.aspx?s=85&alg=33&comp=2780668",""
"85","Hickman High School","Softball Fall Season","38","Varsity","10/2-3","","","Kewpie Classic Tournament at Antimi Fields in Columbia","tournament","https://www.mshsaa.org/MySchool/Schedule.aspx?s=85&alg=38","https://www.mshsaa.org/MySchool/Tournament.aspx?s=85&alg=38&tournament=579350","Columbia, MO"
"317","Higbee High School","Baseball Fall Season","66","Varsity","10/2","5:00 pm","","Jamestown","away","https://www.mshsaa.org/MySchool/Schedule.aspx?s=317&alg=66","https://www.mshsaa.org/MySchool/Matchup.aspx?s=317&alg=66&comp=2626889","222 School St, Jamestown, MO 65046-0200"
"317","Higbee High School","Softball Fall Season","38","Varsity","10/2","5:00 pm","","Jamestown","away","https://www.mshsaa.org/MySchool/Schedule.aspx?s=317&alg=38","https://www.mshsaa.org/MySchool/Matchup.aspx?s=317&alg=38&comp=2626909","222 School St, Jamestown, MO 65046-0200"
"84","Jefferson City High School","Football","19","Varsity","10/2","7:00 pm","","Hickman","away","https://www.mshsaa.org/MySchool/Schedule.aspx?s=84&alg=19","https://www.mshsaa.org/MySchool/Matchup.aspx?s=84&alg=19&comp=2560883","1104 N Providence Rd, Columbia, MO 65203-4398"
"84","Jefferson City High School","Soccer Boys","33","Varsity","10/2-3","","","Laker Shootout","tournament","https://www.mshsaa.org/MySchool/Schedule.aspx?s=84&alg=33","https://www.mshsaa.org/MySchool/Tournament.aspx?s=84&alg=33&tournament=553908","Camdenton, MO"
"84","Jefferson City High School","Softball Fall Season","38","Varsity","10/2-3","","","Kewpie Classic Tournament at Antimi Fields in Columbia","tournament","https://www.mshsaa.org/MySchool/Schedule.aspx?s=84&alg=38","https://www.mshsaa.org/MySchool/Tournament.aspx?s=84&alg=38&tournament=547668","Columbia, MO"
"84","Jefferson City High School","Swimming and Diving Boys","44","Varsity","10/2-3","","","Como Invite","tournament","https://www.mshsaa.org/MySchool/Schedule.aspx?s=84&alg=44","https://www.mshsaa.org/MySchool/Tournament.aspx?s=84&alg=44&tournament=593350","Columbia, MO"
"360","Marshall High School","Football","19","Varsity","10/2","7:00 pm","","Moberly","away","https://www.mshsaa.org/MySchool/Schedule.aspx?s=360&alg=19","https://www.mshsaa.org/MySchool/Matchup.aspx?s=360&alg=19&comp=2450272","1625 Gratz Brown, Moberly, MO 65270-1904"
"128","Mexico High School","Football","19","Varsity","10/2","7:00 pm","","Kirksville","away","https://www.mshsaa.org/MySchool/Schedule.aspx?s=128&alg=19","https://www.mshsaa.org/MySchool/Matchup.aspx?s=128&alg=19&comp=2539270","1300 S Cottage Grove, Kirksville, MO 63501-3998"
"128","Mexico High School","Golf Girls","24","Varsity","10/2","","","Fulton/Mexico/Moberly","tournament","https://www.mshsaa.org/MySchool/Schedule.aspx?s=128&alg=24","https://www.mshsaa.org/MySchool/Tournament.aspx?s=128&alg=24&tournament=560162","Hannibal, MO"
"128","Mexico High School","Softball Fall Season","38","Varsity","10/2-3","","","Kewpie Classic","tournament","https://www.mshsaa.org/MySchool/Schedule.aspx?s=128&alg=38","https://www.mshsaa.org/MySchool/Tournament.aspx?s=128&alg=38&tournament=554939","Columbia, MO"
"132","Moberly High School","Football","19","Varsity","10/2","7:00 pm","","Marshall","home","https://www.mshsaa.org/MySchool/Schedule.aspx?s=132&alg=19","https://www.mshsaa.org/MySchool/Matchup.aspx?s=132&alg=19&comp=2518208","1625 Gratz Brown Street, Moberly, MO 65270"
"139","North Callaway High School","Football","19","Varsity","10/2","7:00 pm","","Louisiana","home","https://www.mshsaa.org/MySchool/Schedule.aspx?s=139&alg=19","https://www.mshsaa.org/MySchool/Matchup.aspx?s=139&alg=19&comp=2591220","2700 Thunderbird Dr, Kingdom City, MO 65262-1817"
"152","Osage High School","Cross Country Boys","11","Varsity","10/2","","","Camdenton Laker Invitational Day 1","tournament","https://www.mshsaa.org/MySchool/Schedule.aspx?s=152&alg=11","https://www.mshsaa.org/MySchool/Tournament.aspx?s=152&alg=11&tournament=600053","Camdenton, MO"
"152","Osage High School","Cross Country Girls","12","Varsity","10/2","","","FRIDAY- Laker Invitational at Collins Farm","tournament","https://www.mshsaa.org/MySchool/Schedule.aspx?s=152&alg=12","https://www.mshsaa.org/MySchool/Tournament.aspx?s=152&alg=12&tournament=600054","Camdenton, MO"
"152","Osage High School","Football","19","Varsity","10/2","7:00 pm","","California","away","https://www.mshsaa.org/MySchool/Schedule.aspx?s=152&alg=19","https://www.mshsaa.org/MySchool/Matchup.aspx?s=152&alg=19&comp=2518998","1501 W Buchanan, California, MO 65018-1279"
"152","Osage High School","Soccer Boys","33","Varsity","10/2","6:00 pm","","Central (Springfield)","away","https://www.mshsaa.org/MySchool/Schedule.aspx?s=152&alg=33","https://www.mshsaa.org/MySchool/Matchup.aspx?s=152&alg=33&comp=2779473","423 E Central St, Springfield, MO 65802-3765"
"578","Rock Bridge High School","Football","19","Varsity","10/2","7:00 pm","","Camdenton","home","https://www.mshsaa.org/MySchool/Schedule.aspx?s=578&alg=19","https://www.mshsaa.org/MySchool/Matchup.aspx?s=578&alg=19&comp=2683320","4303 South Providence Road, Columbia, MO 65203"
"578","Rock Bridge High School","Tennis Girls","49","Varsity","10/2","4:00 pm","","Parkway West","away","https://www.mshsaa.org/MySchool/Schedule.aspx?s=578&alg=49","https://www.mshsaa.org/MySchool/Matchup.aspx?s=578&alg=49&comp=2722096","14653 Clayton Rd, Ballwin, MO 63011-2656"
"430","Russellville High School","Football","19","Varsity","10/2","7:00 pm","","South Callaway","home","https://www.mshsaa.org/MySchool/Schedule.aspx?s=430&alg=19","https://www.mshsaa.org/MySchool/Matchup.aspx?s=430&alg=19&comp=2633129","13600 Hwy C, Russellville, MO 65074"
"431","Salisbury High School","Football","19","Varsity","10/2","7:00 pm","","Crystal City","away","https://www.mshsaa.org/MySchool/Schedule.aspx?s=431&alg=19","https://www.mshsaa.org/MySchool/Matchup.aspx?s=431&alg=19&comp=2661510","1100 Mississippi, Crystal City, MO 63019-1207"
"194","Smith-Cotton High School","Cross Country Boys","11","Varsity","10/2","","","Camdenton Laker Invitational Day 1","tournament","https://www.mshsaa.org/MySchool/Schedule.aspx?s=194&alg=11","https://www.mshsaa.org/MySchool/Tournament.aspx?s=194&alg=11&tournament=556796","Camdenton, MO"
"194","Smith-Cotton High School","Cross Country Girls","12","Varsity","10/2","","","FRIDAY- Laker Invitational at Collins Farm","tournament","https://www.mshsaa.org/MySchool/Schedule.aspx?s=194&alg=12","https://www.mshsaa.org/MySchool/Tournament.aspx?s=194&alg=12&tournament=558627","Camdenton, MO"
"194","Smith-Cotton High School","Football","19","Varsity","10/2","7:00 pm","","Battle","away","https://www.mshsaa.org/MySchool/Schedule.aspx?s=194&alg=19","https://www.mshsaa.org/MySchool/Matchup.aspx?s=194&alg=19&comp=2669260","7575 St. Charles Road, Columbia, MO 65202"
"197","South Callaway High School","Cross Country Boys","11","Varsity","10/2","TBD","","Camdenton","away","https://www.mshsaa.org/MySchool/Schedule.aspx?s=197&alg=11","https://www.mshsaa.org/MySchool/Matchup.aspx?s=197&alg=11&comp=2726985","662 Laker Pride Road, Camdenton, MO 65020-1409"
"197","South Callaway High School","Cross Country Boys","11","Varsity","10/2","","","Camdenton Laker Invitational Day 1","tournament","https://www.mshsaa.org/MySchool/Schedule.aspx?s=197&alg=11","https://www.mshsaa.org/MySchool/Tournament.aspx?s=197&alg=11&tournament=600863","Camdenton, MO"
"197","South Callaway High School","Cross Country Girls","12","Varsity","10/2","TBD","","Camdenton","away","https://www.mshsaa.org/MySchool/Schedule.aspx?s=197&alg=12","https://www.mshsaa.org/MySchool/Matchup.aspx?s=197&alg=12&comp=2726985","662 Laker Pride Road, Camdenton, MO 65020-1409"
"197","South Callaway High School","Cross Country Girls","12","Varsity","10/2","","","FRIDAY- Laker Invitational at Collins Farm","tournament","https://www.mshsaa.org/MySchool/Schedule.aspx?s=197&alg=12","https://www.mshsaa.org/MySchool/Tournament.aspx?s=197&alg=12&tournament=600864","Camdenton, MO"
"197","South Callaway High School","Football","19","Varsity","10/2","7:00 pm","","Russellville","away","https://www.mshsaa.org/MySchool/Schedule.aspx?s=197&alg=19","https://www.mshsaa.org/MySchool/Matchup.aspx?s=197&alg=19&comp=2647638","13600 Rte C, Russellville, MO 65074"
"2","Southern Boone High School","Football","19","Varsity","10/2","7:00 pm","","Fulton","home","https://www.mshsaa.org/MySchool/Schedule.aspx?s=2&alg=19","https://www.mshsaa.org/MySchool/Matchup.aspx?s=2&alg=19&comp=2626138","14520 Crump Lane, Ashland, MO 65010-9464"
"474","Tipton High School","Football","19","Varsity","10/2","7:00 pm","","Harrisburg","home","https://www.mshsaa.org/MySchool/Schedule.aspx?s=474&alg=19","https://www.mshsaa.org/MySchool/Matchup.aspx?s=474&alg=19&comp=2633261","334 US Hwy 50 West, Tipton, MO 65081-8606"
"474","Tipton High School","Golf Girls","24","Varsity","10/2","","","Versailles Tri","tournament","https://www.mshsaa.org/MySchool/Schedule.aspx?s=474&alg=24","https://www.mshsaa.org/MySchool/Tournament.aspx?s=474&alg=24&tournament=583138","Versailles, MO"
"485","Versailles High School","Cross Country Boys","11","Varsity","10/2","","","Camdenton Laker Invitational Day 1","tournament","https://www.mshsaa.org/MySchool/Schedule.aspx?s=485&alg=11","https://www.mshsaa.org/MySchool/Tournament.aspx?s=485&alg=11&tournament=565607","Camdenton, MO"
"485","Versailles High School","Cross Country Girls","12","Varsity","10/2","","","FRIDAY- Laker Invitational at Collins Farm","tournament","https://www.mshsaa.org/MySchool/Schedule.aspx?s=485&alg=12","https://www.mshsaa.org/MySchool/Tournament.aspx?s=485&alg=12&tournament=585913","Camdenton, MO"
"485","Versailles High School","Football","19","Varsity","10/2","7:00 pm","","Adrian","away","https://www.mshsaa.org/MySchool/Schedule.aspx?s=485&alg=19","https://www.mshsaa.org/MySchool/Matchup.aspx?s=485&alg=19&comp=2498735","601 N Houston, Adrian, MO 64720-0098"
"485","Versailles High School","Golf Girls","24","Varsity","10/2","2:00 pm","","Versailles Tri","tournament","https://www.mshsaa.org/MySchool/Schedule.aspx?s=485&alg=24","https://www.mshsaa.org/MySchool/Tournament.aspx?s=485&alg=24&tournament=545182","Versailles, MO"
"485","Versailles High School","Golf Girls","24","Varsity","⤷ 10/2","TBD","","Blair Oaks","tournament","https://www.mshsaa.org/MySchool/Schedule.aspx?s=485&alg=24","https://www.mshsaa.org/MySchool/Matchup.aspx?s=485&alg=24&comp=2790331","913 W Newton, Versailles, MO 65084-1811"
"485","Versailles High School","Golf Girls","24","Varsity","⤷ 10/2","TBD","","Cole Camp","tournament","https://www.mshsaa.org/MySchool/Schedule.aspx?s=485&alg=24","https://www.mshsaa.org/MySchool/Matchup.aspx?s=485&alg=24&comp=2790332","913 W Newton, Versailles, MO 65084-1811"
"582","California High School","Cross Country Boys","11","Varsity","10/3","","","Camdenton Laker Invitational Day 2","tournament","https://www.mshsaa.org/MySchool/Schedule.aspx?s=582&alg=11","https://www.mshsaa.org/MySchool/Tournament.aspx?s=582&alg=11&tournament=544408","Camdenton, MO"
"582","California High School","Softball Fall Season","38","Varsity","10/3","","","Centralia Invitational","tournament","https://www.mshsaa.org/MySchool/Schedule.aspx?s=582&alg=38","https://www.mshsaa.org/MySchool/Tournament.aspx?s=582&alg=38&tournament=542708","Centralia, MO"
"582","California High School","Volleyball Girls","57","Varsity","10/3","","","Warrensburg Invitational Tournament","tournament","https://www.mshsaa.org/MySchool/Schedule.aspx?s=582&alg=57","https://www.mshsaa.org/MySchool/Tournament.aspx?s=582&alg=57&tournament=542695","Warrensburg, MO"
"26","Camdenton High School","Cross Country Boys","11","Varsity","10/3","8:00 am","","Camdenton Laker Invitational Day 2","tournament","https://www.mshsaa.org/MySchool/Schedule.aspx?s=26&alg=11","https://www.mshsaa.org/MySchool/Tournament.aspx?s=26&alg=11&tournament=578485","2450 Dry Hollow Rd Camdenton, MO 65020"
"26","Camdenton High School","Cross Country Girls","12","Varsity","10/3","8:00 am","","Camdenton Invitational at HaHa Tonka- Saturday Races","tournament","https://www.mshsaa.org/MySchool/Schedule.aspx?s=26&alg=12","https://www.mshsaa.org/MySchool/Tournament.aspx?s=26&alg=12&tournament=578932","Camdenton, MO"
"26","Camdenton High School","Volleyball Girls","57","Varsity","10/3","","","Mt. Vernon October Aces Tournament","tournament","https://www.mshsaa.org/MySchool/Schedule.aspx?s=26&alg=57","https://www.mshsaa.org/MySchool/Tournament.aspx?s=26&alg=57&tournament=556945","Mount Vernon, MO"
"1540","Capital City High School","Softball Fall Season","38","Varsity","⤷ 10/3","10:45 am","","Aurora","tournament","https://www.mshsaa.org/MySchool/Schedule.aspx?s=1540&alg=38","https://www.mshsaa.org/MySchool/Matchup.aspx?s=1540&alg=38&comp=2786215",""
"1540","Capital City High School","Softball Fall Season","38","Varsity","⤷ 10/3","12:30 pm","","Francis Howell","tournament","https://www.mshsaa.org/MySchool/Schedule.aspx?s=1540&alg=38","https://www.mshsaa.org/MySchool/Matchup.aspx?s=1540&alg=38&comp=2786216",""
"1540","Capital City High School","Volleyball Girls","57","Varsity","10/3","","","Rolla Invitational","tournament","https://www.mshsaa.org/MySchool/Schedule.aspx?s=1540&alg=57","https://www.mshsaa.org/MySchool/Tournament.aspx?s=1540&alg=57&tournament=547996","Rolla, MO"
"53","Centralia High School","Softball Fall Season","38","Varsity","10/3","","","Centralia Invitational","tournament","https://www.mshsaa.org/MySchool/Schedule.aspx?s=53&alg=38","https://www.mshsaa.org/MySchool/Tournament.aspx?s=53&alg=38&tournament=552270","Centralia, MO"
"1099","Christian Fellowship","Softball Fall Season","38","Varsity","10/3","","","Centralia Invitational","tournament","https://www.mshsaa.org/MySchool/Schedule.aspx?s=1099&alg=38","https://www.mshsaa.org/MySchool/Tournament.aspx?s=1099&alg=38&tournament=552281","Centralia, MO"
"278","Eldon High School","Softball Fall Season","38","Varsity","10/3","","","Centralia Invitational","tournament","https://www.mshsaa.org/MySchool/Schedule.aspx?s=278&alg=38","https://www.mshsaa.org/MySchool/Tournament.aspx?s=278&alg=38&tournament=596510","Centralia, MO"
"917","Father Tolton","Cross Country Boys","11","Varsity","10/3","","","Chile Pepper XC Festival","tournament","https://www.mshsaa.org/MySchool/Schedule.aspx?s=917&alg=11","https://www.mshsaa.org/MySchool/Tournament.aspx?s=917&alg=11&tournament=589896","Fayettville, AR"
"917","Father Tolton","Cross Country Girls","12","Varsity","10/3","","","Chile Pepper XC Festival","tournament","https://www.mshsaa.org/MySchool/Schedule.aspx?s=917&alg=12","https://www.mshsaa.org/MySchool/Tournament.aspx?s=917&alg=12&tournament=589950","Fayettville, AR"
"80","Fulton High School","Softball Fall Season","38","Varsity","10/3","","","South Callaway Varsity Softball Tournament","tournament","https://www.mshsaa.org/MySchool/Schedule.aspx?s=80&alg=38","https://www.mshsaa.org/MySchool/Tournament.aspx?s=80&alg=38&tournament=574641","Mokane, MO"
"311","Hallsville High School","Softball Fall Season","38","Varsity","10/3","","","Centralia Invitational","tournament","https://www.mshsaa.org/MySchool/Schedule.aspx?s=311&alg=38","https://www.mshsaa.org/MySchool/Tournament.aspx?s=311&alg=38&tournament=552281","Centralia, MO"
"313","Harrisburg High School","Softball Fall Season","38","Varsity","10/3","","","Cohagan Classic - Schuyler V Tournament","tournament","https://www.mshsaa.org/MySchool/Schedule.aspx?s=313&alg=38","https://www.mshsaa.org/MySchool/Tournament.aspx?s=313&alg=38&tournament=527750","Queen City, MO"
"522","Helias High School","Soccer Boys","33","Varsity","10/3","12:30 pm","","St. Francis Borgia","away","https://www.mshsaa.org/MySchool/Schedule.aspx?s=522&alg=33","https://www.mshsaa.org/MySchool/Matchup.aspx?s=522&alg=33&comp=2685932","1000 Borgia Dr, Washington, MO 63090-4112"
"85","Hickman High School","Soccer Boys","33","Varsity","⤷ 10/3","TBD","","Carthage","tournament","https://www.mshsaa.org/MySchool/Schedule.aspx?s=85&alg=33","https://www.mshsaa.org/MySchool/Matchup.aspx?s=85&alg=33&comp=2780669",""
"317","Higbee High School","Cross Country Girls","12","Varsity","10/3","","","Calvary Lutheran Invitational","tournament","https://www.mshsaa.org/MySchool/Schedule.aspx?s=317&alg=12","https://www.mshsaa.org/MySchool/Tournament.aspx?s=317&alg=12&tournament=587645","Jefferson City, MO"
"84","Jefferson City High School","Cross Country Girls","12","Varsity","10/3","","","Camdenton Invitational at HaHa Tonka- Saturday Races","tournament","https://www.mshsaa.org/MySchool/Schedule.aspx?s=84&alg=12","https://www.mshsaa.org/MySchool/Tournament.aspx?s=84&alg=12&tournament=566507","Camdenton, MO"
"360","Marshall High School","Softball Fall Season","38","Varsity","10/3","2:00 pm","","Cameron","home","https://www.mshsaa.org/MySchool/Schedule.aspx?s=360&alg=38","https://www.mshsaa.org/MySchool/Matchup.aspx?s=360&alg=38&comp=2650347","805 S Miami, Marshall, MO 65340-2499"
"360","Marshall High School","Softball Fall Season","38","Varsity","10/3","10:00 am","","Lexington","home","https://www.mshsaa.org/MySchool/Schedule.aspx?s=360&alg=38","https://www.mshsaa.org/MySchool/Matchup.aspx?s=360&alg=38&comp=2650348","805 S Miami, Marshall, MO 65340-2499"
"360","Marshall High School","Swimming and Diving Boys","44","Varsity","10/3","9:00 am","","Platte County","away","https://www.mshsaa.org/MySchool/Schedule.aspx?s=360&alg=44","https://www.mshsaa.org/MySchool/Matchup.aspx?s=360&alg=44&comp=2773842","1501 Branch St, Platte City, MO 64079-8386"
"360","Marshall High School","Volleyball Girls","57","Varsity","10/3","","","Carrollton Invitational","tournament","https://www.mshsaa.org/MySchool/Schedule.aspx?s=360&alg=57","https://www.mshsaa.org/MySchool/Tournament.aspx?s=360&alg=57&tournament=554366","Carrollton, MO"
"128","Mexico High School","Cross Country Boys","11","Varsity","10/3","","","Camdenton Laker Invitational Day 2","tournament","https://www.mshsaa.org/MySchool/Schedule.aspx?s=128&alg=11","https://www.mshsaa.org/MySchool/Tournament.aspx?s=128&alg=11&tournament=569373","Camdenton, MO"
"128","Mexico High School","Cross Country Girls","12","Varsity","10/3","","","Camdenton Invitational at HaHa Tonka- Saturday Races","tournament","https://www.mshsaa.org/MySchool/Schedule.aspx?s=128&alg=12","https://www.mshsaa.org/MySchool/Tournament.aspx?s=128&alg=12&tournament=588296","Camdenton, MO"
"132","Moberly High School","Softball Fall Season","38","Varsity","10/3","","","Westran Triangular","tournament","https://www.mshsaa.org/MySchool/Schedule.aspx?s=132&alg=38","https://www.mshsaa.org/MySchool/Tournament.aspx?s=132&alg=38&tournament=554264","Huntsville, MO"
"139","North Callaway High School","Cross Country Boys","11","Varsity","10/3","8:00 am","","Camdenton","home","https://www.mshsaa.org/MySchool/Schedule.aspx?s=139&alg=11","https://www.mshsaa.org/MySchool/Matchup.aspx?s=139&alg=11&comp=2656601","2700 Thunderbird Dr, Kingdom City, MO 65262-1817"
"139","North Callaway High School","Cross Country Girls","12","Varsity","10/3","8:00 am","","Camdenton","home","https://www.mshsaa.org/MySchool/Schedule.aspx?s=139&alg=12","https://www.mshsaa.org/MySchool/Matchup.aspx?s=139&alg=12&comp=2656601","2700 Thunderbird Dr, Kingdom City, MO 65262-1817"
"139","North Callaway High School","Softball Fall Season","38","Varsity","10/3","","","Centralia Invitational","tournament","https://www.mshsaa.org/MySchool/Schedule.aspx?s=139&alg=38","https://www.mshsaa.org/MySchool/Tournament.aspx?s=139&alg=38&tournament=541707","Centralia, MO"
"578","Rock Bridge High School","Cross Country Boys","11","Varsity","10/3","","","Hoka Frank Horton Twilight","tournament","https://www.mshsaa.org/MySchool/Schedule.aspx?s=578&alg=11","https://www.mshsaa.org/MySchool/Tournament.aspx?s=578&alg=11&tournament=596595","Memphis, TN"
"578","Rock Bridge High School","Cross Country Girls","12","Varsity","10/3","","","Hoka Frank Horton Twilight","tournament","https://www.mshsaa.org/MySchool/Schedule.aspx?s=578&alg=12","https://www.mshsaa.org/MySchool/Tournament.aspx?s=578&alg=12&tournament=596603","Memphis, TN"
"578","Rock Bridge High School","Softball Fall Season","38","Varsity","10/3","10:00 am","","Staley","away","https://www.mshsaa.org/MySchool/Schedule.aspx?s=578&alg=38","https://www.mshsaa.org/MySchool/Matchup.aspx?s=578&alg=38&comp=2768057","Columbia, MO"
"578","Rock Bridge High School","Tennis Girls","49","Varsity","10/3","8:00 am","","Tournament of Champions","tournament","https://www.mshsaa.org/MySchool/Schedule.aspx?s=578&alg=49","https://www.mshsaa.org/MySchool/Tournament.aspx?s=578&alg=49&tournament=573149","St. Louis, MO"
"578","Rock Bridge High School","Volleyball Girls","57","Varsity","10/3","","","St. Thomas Aquinas Tournament","tournament","https://www.mshsaa.org/MySchool/Schedule.aspx?s=578&alg=57","https://www.mshsaa.org/MySchool/Tournament.aspx?s=578&alg=57&tournament=579210","Overland Park, KS"
"430","Russellville High School","Cross Country Boys","11","Varsity","10/3","","","Calvary Lutheran Invitational","tournament","https://www.mshsaa.org/MySchool/Schedule.aspx?s=430&alg=11","https://www.mshsaa.org/MySchool/Tournament.aspx?s=430&alg=11&tournament=586732","Jefferson City, MO"
"430","Russellville High School","Cross Country Girls","12","Varsity","10/3","","","Calvary Lutheran Invitational","tournament","https://www.mshsaa.org/MySchool/Schedule.aspx?s=430&alg=12","https://www.mshsaa.org/MySchool/Tournament.aspx?s=430&alg=12&tournament=586733","Jefferson City, MO"
"431","Salisbury High School","Softball Fall Season","38","Varsity","10/3","","","La Plata Invitational","tournament","https://www.mshsaa.org/MySchool/Schedule.aspx?s=431&alg=38","https://www.mshsaa.org/MySchool/Tournament.aspx?s=431&alg=38&tournament=547757","Laplata, MO"
"197","South Callaway High School","Softball Fall Season","38","Varsity","10/3","","","South Callaway Varsity Softball Tournament","tournament","https://www.mshsaa.org/MySchool/Schedule.aspx?s=197&alg=38","https://www.mshsaa.org/MySchool/Tournament.aspx?s=197&alg=38&tournament=574374","Mokane, MO"
"2","Southern Boone High School","Cross Country Boys","11","Varsity","10/3","9:00 am","","Chile Pepper Cross Country Festival","tournament","https://www.mshsaa.org/MySchool/Schedule.aspx?s=2&alg=11","https://www.mshsaa.org/MySchool/Tournament.aspx?s=2&alg=11&tournament=559456","Fayetteville, AR"
"2","Southern Boone High School","Cross Country Girls","12","Varsity","10/3","9:00 am","","Chile Pepper Cross Country Festival","tournament","https://www.mshsaa.org/MySchool/Schedule.aspx?s=2&alg=12","https://www.mshsaa.org/MySchool/Tournament.aspx?s=2&alg=12&tournament=589471","Fayetteville, AR"
"953","Battle High School","Golf Girls","24","Varsity","10/5","","","Battle Spartan Invitational","tournament","https://www.mshsaa.org/MySchool/Schedule.aspx?s=953&alg=24","https://www.mshsaa.org/MySchool/Tournament.aspx?s=953&alg=24&tournament=597008","Columbia, MO"
"953","Battle High School","Tennis Girls","49","Varsity","10/5","4:00 pm","","Camdenton","away","https://www.mshsaa.org/MySchool/Schedule.aspx?s=953&alg=49","https://www.mshsaa.org/MySchool/Matchup.aspx?s=953&alg=49&comp=2766290","Columbia, MO"
"953","Battle High School","Volleyball Girls","57","Varsity","10/5","7:00 pm","","Smith-Cotton","away","https://www.mshsaa.org/MySchool/Schedule.aspx?s=953&alg=57","https://www.mshsaa.org/MySchool/Matchup.aspx?s=953&alg=57&comp=2762762","2010 Tiger Pride Blvd, Sedalia, MO 65301-8503"
"217","Blair Oaks High School","Softball Fall Season","38","Varsity","10/5","5:00 pm","","Hickman","away","https://www.mshsaa.org/MySchool/Schedule.aspx?s=217&alg=38","https://www.mshsaa.org/MySchool/Matchup.aspx?s=217&alg=38&comp=2632327","1104 N Providence Rd, Columbia, MO 65203-4398"
"16","Boonville High School","Soccer Boys","33","Varsity","10/5","6:30 pm","","Oak Grove","away","https://www.mshsaa.org/MySchool/Schedule.aspx?s=16&alg=33","https://www.mshsaa.org/MySchool/Matchup.aspx?s=16&alg=33&comp=2766132","605 SE 12th St, Oak Grove, MO 64075-9392"
"16","Boonville High School","Softball Fall Season","38","Varsity","10/5","5:00 pm","","New Franklin","away","https://www.mshsaa.org/MySchool/Schedule.aspx?s=16&alg=38","https://www.mshsaa.org/MySchool/Matchup.aspx?s=16&alg=38&comp=2615761","412 W Broadway, New Franklin, MO 65274-9720"
"16","Boonville High School","Tennis Girls","49","Varsity","10/5","5:00 pm","","Sacred Heart","away","https://www.mshsaa.org/MySchool/Schedule.aspx?s=16&alg=49","https://www.mshsaa.org/MySchool/Matchup.aspx?s=16&alg=49&comp=2772738","416 W 3rd St, Sedalia, MO 65301-4398"
"16","Boonville High School","Volleyball Girls","57","Varsity","10/5","6:00 pm","","Kirksville","home","https://www.mshsaa.org/MySchool/Schedule.aspx?s=16&alg=57","https://www.mshsaa.org/MySchool/Matchup.aspx?s=16&alg=57&comp=2764530","1 Pirate Dr., Boonville, MO 65233-2740"
"582","California High School","Softball Fall Season","38","Varsity","10/5","5:30 pm","","Jamestown","home","https://www.mshsaa.org/MySchool/Schedule.aspx?s=582&alg=38","https://www.mshsaa.org/MySchool/Matchup.aspx?s=582&alg=38&comp=2618141","1501 W Buchanan, California, MO 65018-1279"
"26","Camdenton High School","Golf Girls","24","Varsity","10/5","","","Battle Sparta Invite","tournament","https://www.mshsaa.org/MySchool/Schedule.aspx?s=26&alg=24","https://www.mshsaa.org/MySchool/Tournament.aspx?s=26&alg=24&tournament=578587","Columbia, MO"
"26","Camdenton High School","Tennis Girls","49","Varsity","10/5","2:00 pm","","Hickman","home","https://www.mshsaa.org/MySchool/Schedule.aspx?s=26&alg=49","https://www.mshsaa.org/MySchool/Matchup.aspx?s=26&alg=49&comp=2742715","662 Laker Pride Road, Camdenton, MO 65020-1409"
"26","Camdenton High School","Tennis Girls","49","Varsity","10/5","4:00 pm","","Battle","away","https://www.mshsaa.org/MySchool/Schedule.aspx?s=26&alg=49","https://www.mshsaa.org/MySchool/Matchup.aspx?s=26&alg=49&comp=2742716","Columbia, MO"
"26","Camdenton High School","Volleyball Girls","57","Varsity","10/5","7:30 pm","","Branson","away","https://www.mshsaa.org/MySchool/Schedule.aspx?s=26&alg=57","https://www.mshsaa.org/MySchool/Matchup.aspx?s=26&alg=57&comp=2786695","935 Buchanan Rd, Branson, MO 65616-9668"
"1540","Capital City High School","Golf Girls","24","Varsity","10/5","","","Battle Spartan Invitational","tournament","https://www.mshsaa.org/MySchool/Schedule.aspx?s=1540&alg=24","https://www.mshsaa.org/MySchool/Tournament.aspx?s=1540&alg=24&tournament=563809","Columbia, MO"
"1540","Capital City High School","Soccer Boys","33","Varsity","10/5","6:45 pm","","Osage","away","https://www.mshsaa.org/MySchool/Schedule.aspx?s=1540&alg=33","https://www.mshsaa.org/MySchool/Matchup.aspx?s=1540&alg=33&comp=2668181","636 Hwy 42, Osage Beach, MO 65065-5301"
"1540","Capital City High School","Softball Fall Season","38","Varsity","10/5","5:00 pm","","Helias Catholic","home","https://www.mshsaa.org/MySchool/Schedule.aspx?s=1540&alg=38","https://www.mshsaa.org/MySchool/Matchup.aspx?s=1540&alg=38&comp=2670979","1650 Cavalier Drive, Jefferson City, MO 65109"
"1540","Capital City High School","Tennis Girls","49","Varsity","10/5","4:30 pm","","Rock Bridge","home","https://www.mshsaa.org/MySchool/Schedule.aspx?s=1540&alg=49","https://www.mshsaa.org/MySchool/Matchup.aspx?s=1540&alg=49&comp=2621729","1650 Cavalier Drive, Jefferson City, MO 65109"
"1540","Capital City High School","Volleyball Girls","57","Varsity","10/5","6:45 pm","","Father Tolton","home","https://www.mshsaa.org/MySchool/Schedule.aspx?s=1540&alg=57","https://www.mshsaa.org/MySchool/Matchup.aspx?s=1540&alg=57&comp=2641604","1650 Cavalier Drive, Jefferson City, MO 65109"
"53","Centralia High School","Cross Country Boys","11","Varsity","10/5","","","CCC Meet @ Monroe City","tournament","https://www.mshsaa.org/MySchool/Schedule.aspx?s=53&alg=11","https://www.mshsaa.org/MySchool/Tournament.aspx?s=53&alg=11&tournament=552240","Macon, MO"
"53","Centralia High School","Cross Country Girls","12","Varsity","10/5","","","CCC Meet @ Monroe City","tournament","https://www.mshsaa.org/MySchool/Schedule.aspx?s=53&alg=12","https://www.mshsaa.org/MySchool/Tournament.aspx?s=53&alg=12&tournament=552247","Macon, MO"
"53","Centralia High School","Golf Girls","24","Varsity","10/5","","","CCC Tournament","tournament","https://www.mshsaa.org/MySchool/Schedule.aspx?s=53&alg=24","https://www.mshsaa.org/MySchool/Tournament.aspx?s=53&alg=24&tournament=552264","Hannibal, MO"
"53","Centralia High School","Softball Fall Season","38","Varsity","10/5","5:00 pm","","North Callaway","away","https://www.mshsaa.org/MySchool/Schedule.aspx?s=53&alg=38","https://www.mshsaa.org/MySchool/Matchup.aspx?s=53&alg=38&comp=2655441","2700 Thunderbird Dr, Kingdom City, MO 65262-1817"
"53","Centralia High School","Volleyball Girls","57","Varsity","10/5","7:00 pm","","Mexico","home","https://www.mshsaa.org/MySchool/Schedule.aspx?s=53&alg=57","https://www.mshsaa.org/MySchool/Matchup.aspx?s=53&alg=57&comp=2655586","849 S Jefferson St, Centralia, MO 65240-1605"
"1099","Christian Fellowship","Soccer Boys","33","Varsity","10/5","5:00 pm","","Rock Bridge (JV)","home","https://www.mshsaa.org/MySchool/Schedule.aspx?s=1099&alg=33","https://www.mshsaa.org/MySchool/Matchup.aspx?s=1099&alg=33&comp=2736968","4600 Christian Fellowship Rd, Columbia, MO 65203"
"1099","Christian Fellowship","Softball Fall Season","38","Varsity","10/5","5:00 pm","","Fatima","home","https://www.mshsaa.org/MySchool/Schedule.aspx?s=1099&alg=38","https://www.mshsaa.org/MySchool/Matchup.aspx?s=1099&alg=38&comp=2633024","421 E Hwy 124, Hallsville, MO 65255-9346"
"1099","Christian Fellowship","Volleyball Girls","57","Varsity","10/5","6:00 pm","","Wright City","home","https://www.mshsaa.org/MySchool/Schedule.aspx?s=1099&alg=57","https://www.mshsaa.org/MySchool/Matchup.aspx?s=1099&alg=57&comp=2674879","4600 Christian Fellowship Rd, Columbia, MO 65203"
"566","Columbia Independent","Volleyball Girls","57","Varsity","10/5","7:00 pm","","New Bloomfield","home","https://www.mshsaa.org/MySchool/Schedule.aspx?s=566&alg=57","https://www.mshsaa.org/MySchool/Matchup.aspx?s=566&alg=57&comp=2659008","1801 North Stadium Boulevard, Columbia, MO 65202"
"278","Eldon High School","Softball Fall Season","38","Varsity","10/5","5:00 pm","","Dixon","away","https://www.mshsaa.org/MySchool/Schedule.aspx?s=278&alg=38","https://www.mshsaa.org/MySchool/Matchup.aspx?s=278&alg=38&comp=2628681","106 W 4th St, Dixon, MO 65459-7909"
"278","Eldon High School","Volleyball Girls","57","Varsity","10/5","7:00 pm","","Southern Boone","home","https://www.mshsaa.org/MySchool/Schedule.aspx?s=278&alg=57","https://www.mshsaa.org/MySchool/Matchup.aspx?s=278&alg=57&comp=2623029","112 S Pine St, Eldon, MO 65026-1594"
"917","Father Tolton","Golf Girls","24","Varsity","10/5","","","Battle Invitational","tournament","https://www.mshsaa.org/MySchool/Schedule.aspx?s=917&alg=24","https://www.mshsaa.org/MySchool/Tournament.aspx?s=917&alg=24&tournament=599503","Columbia, MO"
"917","Father Tolton","Tennis Girls","49","Varsity","10/5","4:30 pm","","Helias Catholic","home","https://www.mshsaa.org/MySchool/Schedule.aspx?s=917&alg=49","https://www.mshsaa.org/MySchool/Matchup.aspx?s=917&alg=49&comp=2766866","3351 E Gans Road, Columbia, MO 65201"
"917","Father Tolton","Volleyball Girls","57","Varsity","10/5","6:45 pm","","Capital City","away","https://www.mshsaa.org/MySchool/Schedule.aspx?s=917&alg=57","https://www.mshsaa.org/MySchool/Matchup.aspx?s=917&alg=57&comp=2754361","1650 Cavalier Drive, Jefferson City, MO 65109"
"294","Fayette High School","Golf Girls","24","Varsity","10/5","4:00 pm","","Glasgow","away","https://www.mshsaa.org/MySchool/Schedule.aspx?s=294&alg=24","https://www.mshsaa.org/MySchool/Matchup.aspx?s=294&alg=24&comp=2719125","Salisbury, MO"
"294","Fayette High School","Softball Fall Season","38","Varsity","10/5","5:00 pm","","Pilot Grove","away","https://www.mshsaa.org/MySchool/Schedule.aspx?s=294&alg=38","https://www.mshsaa.org/MySchool/Matchup.aspx?s=294&alg=38&comp=2635053","107 School St, Pilot Grove, MO 65276-1038"
"80","Fulton High School","Softball Fall Season","38","Varsity","10/5","5:00 pm","","South Callaway","home","https://www.mshsaa.org/MySchool/Schedule.aspx?s=80&alg=38","https://www.mshsaa.org/MySchool/Matchup.aspx?s=80&alg=38&comp=2664045","#1 Hornet Drive, Fulton, MO 65251-2729"
"80","Fulton High School","Volleyball Girls","57","Varsity","10/5","5:15 pm","","Warrenton","home","https://www.mshsaa.org/MySchool/Schedule.aspx?s=80&alg=57","https://www.mshsaa.org/MySchool/Matchup.aspx?s=80&alg=57&comp=2642120","#1 Hornet Drive, Fulton, MO 65251-2729"
"302","Glasgow High School","Golf Girls","24","Varsity","10/5","4:00 pm","","Fayette","away","https://www.mshsaa.org/MySchool/Schedule.aspx?s=302&alg=24","https://www.mshsaa.org/MySchool/Matchup.aspx?s=302&alg=24&comp=2768870","Salisbury, MO"
"311","Hallsville High School","Soccer Boys","33","Varsity","10/5","5:00 pm","","Rock Bridge (JV)","home","https://www.mshsaa.org/MySchool/Schedule.aspx?s=311&alg=33","https://www.mshsaa.org/MySchool/Matchup.aspx?s=311&alg=33&comp=2736968","4600 Christian Fellowship Rd, Columbia, MO 65203"
"311","Hallsville High School","Softball Fall Season","38","Varsity","10/5","5:00 pm","","Fatima","home","https://www.mshsaa.org/MySchool/Schedule.aspx?s=311&alg=38","https://www.mshsaa.org/MySchool/Matchup.aspx?s=311&alg=38&comp=2633024","421 E Hwy 124, Hallsville, MO 65255-9346"
"311","Hallsville High School","Volleyball Girls","57","Varsity","10/5","6:30 pm","","Marshall","home","https://www.mshsaa.org/MySchool/Schedule.aspx?s=311&alg=57","https://www.mshsaa.org/MySchool/Matchup.aspx?s=311&alg=57&comp=2638638","421 E Hwy 124, Hallsville, MO 65255-9346"
"313","Harrisburg High School","Golf Girls","24","Varsity","10/5","9:00 am","","Battle Spartan Invitational","tournament","https://www.mshsaa.org/MySchool/Schedule.aspx?s=313&alg=24","https://www.mshsaa.org/MySchool/Tournament.aspx?s=313&alg=24&tournament=543831","Columbia, MO"
"313","Harrisburg High School","Softball Fall Season","38","Varsity","10/5","5:00 pm","","Paris","home","https://www.mshsaa.org/MySchool/Schedule.aspx?s=313&alg=38","https://www.mshsaa.org/MySchool/Matchup.aspx?s=313&alg=38&comp=2649311","801 S Harris St, Harrisburg, MO 65256-9542"
"522","Helias High School","Softball Fall Season","38","Varsity","10/5","5:00 pm","","Capital City","away","https://www.mshsaa.org/MySchool/Schedule.aspx?s=522&alg=38","https://www.mshsaa.org/MySchool/Matchup.aspx?s=522&alg=38&comp=2670980","1650 Cavalier Drive, Jefferson City, MO 65109"
"522","Helias High School","Tennis Girls","49","Varsity","10/5","4:30 pm","","Father Tolton","away","https://www.mshsaa.org/MySchool/Schedule.aspx?s=522&alg=49","https://www.mshsaa.org/MySchool/Matchup.aspx?s=522&alg=49&comp=2768170","3351 E Gans Road, Columbia, MO 65201"
"85","Hickman High School","Golf Girls","24","Varsity","10/5","","","Battle Spartan Invitational","tournament","https://www.mshsaa.org/MySchool/Schedule.aspx?s=85&alg=24","https://www.mshsaa.org/MySchool/Tournament.aspx?s=85&alg=24&tournament=588496",""
"85","Hickman High School","Softball Fall Season","38","Varsity","10/5","5:00 pm","","Blair Oaks","home","https://www.mshsaa.org/MySchool/Schedule.aspx?s=85&alg=38","https://www.mshsaa.org/MySchool/Matchup.aspx?s=85&alg=38&comp=2744128","1104 N Providence Rd, Columbia, MO 65203-4398"
"85","Hickman High School","Tennis Girls","49","Varsity","10/5","4:00 pm","","Camdenton","away","https://www.mshsaa.org/MySchool/Schedule.aspx?s=85&alg=49","https://www.mshsaa.org/MySchool/Matchup.aspx?s=85&alg=49&comp=2744163","Columbia, MO"
"317","Higbee High School","Baseball Fall Season","66","Varsity","10/5","5:00 pm","","Northeast (Cairo)","away","https://www.mshsaa.org/MySchool/Schedule.aspx?s=317&alg=66","https://www.mshsaa.org/MySchool/Matchup.aspx?s=317&alg=66&comp=2590155","301 W Martin St, Cairo, MO 65239-1006"
"84","Jefferson City High School","Softball Fall Season","38","Varsity","10/5","5:00 pm","","Smith-Cotton","away","https://www.mshsaa.org/MySchool/Schedule.aspx?s=84&alg=38","https://www.mshsaa.org/MySchool/Matchup.aspx?s=84&alg=38&comp=2639949","2010 Tiger Pride Blvd, Sedalia, MO 65301-8503"
"84","Jefferson City High School","Tennis Girls","49","Varsity","10/5","4:30 pm","","Fulton","home","https://www.mshsaa.org/MySchool/Schedule.aspx?s=84&alg=49","https://www.mshsaa.org/MySchool/Matchup.aspx?s=84&alg=49&comp=2792211","609 Union St, Jefferson City, MO 65101-2898"
"360","Marshall High School","Golf Girls","24","Varsity","10/5","4:00 pm","","Marshall/Cairo/Sacred Heart","tournament","https://www.mshsaa.org/MySchool/Schedule.aspx?s=360&alg=24","https://www.mshsaa.org/MySchool/Tournament.aspx?s=360&alg=24&tournament=582858","Marshall, MO"
"360","Marshall High School","Golf Girls","24","Varsity","⤷ 10/5","TBD","","Northeast (Cairo)","tournament","https://www.mshsaa.org/MySchool/Schedule.aspx?s=360&alg=24","https://www.mshsaa.org/MySchool/Matchup.aspx?s=360&alg=24&comp=2753498","Indian Foothills Park, Marshall, MO"
"360","Marshall High School","Golf Girls","24","Varsity","⤷ 10/5","TBD","","Sacred Heart","tournament","https://www.mshsaa.org/MySchool/Schedule.aspx?s=360&alg=24","https://www.mshsaa.org/MySchool/Matchup.aspx?s=360&alg=24&comp=2793072","805 S Miami, Marshall, MO 65340-2499"
"360","Marshall High School","Softball Fall Season","38","Varsity","10/5","4:30 pm","","Clinton","home","https://www.mshsaa.org/MySchool/Schedule.aspx?s=360&alg=38","https://www.mshsaa.org/MySchool/Matchup.aspx?s=360&alg=38&comp=2650349","805 S Miami, Marshall, MO 65340-2499"
"360","Marshall High School","Volleyball Girls","57","Varsity","10/5","6:30 pm","","Hallsville","away","https://www.mshsaa.org/MySchool/Schedule.aspx?s=360&alg=57","https://www.mshsaa.org/MySchool/Matchup.aspx?s=360&alg=57&comp=2640879","421 E Hwy 124, Hallsville, MO 65255-9346"
"128","Mexico High School","Golf Girls","24","Varsity","10/5","","","Fullton Classic Tournament","tournament","https://www.mshsaa.org/MySchool/Schedule.aspx?s=128&alg=24","https://www.mshsaa.org/MySchool/Tournament.aspx?s=128&alg=24&tournament=587280","Fulton, MO"
"128","Mexico High School","Volleyball Girls","57","Varsity","10/5","7:00 pm","","Centralia","away","https://www.mshsaa.org/MySchool/Schedule.aspx?s=128&alg=57","https://www.mshsaa.org/MySchool/Matchup.aspx?s=128&alg=57&comp=2652138","849 S Jefferson St, Centralia, MO 65240-1605"
"132","Moberly High School","Golf Girls","24","Varsity","10/5","4:00 pm","","Mexico","home","https://www.mshsaa.org/MySchool/Schedule.aspx?s=132&alg=24","https://www.mshsaa.org/MySchool/Matchup.aspx?s=132&alg=24&comp=2780861","1625 Gratz Brown, Moberly, MO 65270-1904"
"132","Moberly High School","Tennis Girls","49","Varsity","10/5","","","Chillicothe Quad","tournament","https://www.mshsaa.org/MySchool/Schedule.aspx?s=132&alg=49","https://www.mshsaa.org/MySchool/Tournament.aspx?s=132&alg=49&tournament=594740","Chillicothe, MO"
"139","North Callaway High School","Softball Fall Season","38","Varsity","10/5","5:00 pm","","Centralia","home","https://www.mshsaa.org/MySchool/Schedule.aspx?s=139&alg=38","https://www.mshsaa.org/MySchool/Matchup.aspx?s=139&alg=38&comp=2614165","2700 Thunderbird Dr, Kingdom City, MO 65262-1817"
"139","North Callaway High School","Volleyball Girls","57","Varsity","10/5","6:00 pm","","Brookfield","home","https://www.mshsaa.org/MySchool/Schedule.aspx?s=139&alg=57","https://www.mshsaa.org/MySchool/Matchup.aspx?s=139&alg=57&comp=2615041","2700 Thunderbird Dr, Kingdom City, MO 65262-1817"
"152","Osage High School","Soccer Boys","33","Varsity","10/5","6:45 pm","","Capital City","home","https://www.mshsaa.org/MySchool/Schedule.aspx?s=152&alg=33","https://www.mshsaa.org/MySchool/Matchup.aspx?s=152&alg=33&comp=2668159","636 Hwy 42, Osage Beach, MO 65065-5301"
"152","Osage High School","Softball Fall Season","38","Varsity","10/5","5:00 pm","","Richland","away","https://www.mshsaa.org/MySchool/Schedule.aspx?s=152&alg=38","https://www.mshsaa.org/MySchool/Matchup.aspx?s=152&alg=38&comp=2656332","714 E Jefferson, Richland, MO 65556-8202"
"152","Osage High School","Tennis Girls","49","Varsity","10/5","2:00 pm","","Clinton","away","https://www.mshsaa.org/MySchool/Schedule.aspx?s=152&alg=49","https://www.mshsaa.org/MySchool/Matchup.aspx?s=152&alg=49&comp=2697360","Sedalia, MO"
"152","Osage High School","Tennis Girls","49","Varsity","10/5","11:00 am","","Smith-Cotton","away","https://www.mshsaa.org/MySchool/Schedule.aspx?s=152&alg=49","https://www.mshsaa.org/MySchool/Matchup.aspx?s=152&alg=49&comp=2742974","2010 Tiger Pride Blvd, Sedalia, MO 65301-8503"
"152","Osage High School","Volleyball Girls","57","Varsity","10/5","7:30 pm","","Conway","home","https://www.mshsaa.org/MySchool/Schedule.aspx?s=152&alg=57","https://www.mshsaa.org/MySchool/Matchup.aspx?s=152&alg=57&comp=2647443","636 Hwy 42, Osage Beach, MO 65065-5301"
"578","Rock Bridge High School","Tennis Girls","49","Varsity","10/5","4:30 pm","","Capital City","away","https://www.mshsaa.org/MySchool/Schedule.aspx?s=578&alg=49","https://www.mshsaa.org/MySchool/Matchup.aspx?s=578&alg=49&comp=2722097","1650 Cavalier Drive, Jefferson City, MO 65109"
"430","Russellville High School","Softball Fall Season","38","Varsity","10/5","5:00 pm","","Iberia","home","https://www.mshsaa.org/MySchool/Schedule.aspx?s=430&alg=38","https://www.mshsaa.org/MySchool/Matchup.aspx?s=430&alg=38&comp=2616312","13600 Rte C, Russellville, MO 65074"
"431","Salisbury High School","Golf Girls","24","Varsity","10/5","","","Lewis & Clark Conference Tournament","tournament","https://www.mshsaa.org/MySchool/Schedule.aspx?s=431&alg=24","https://www.mshsaa.org/MySchool/Tournament.aspx?s=431&alg=24&tournament=574334","Huntsville, MO"
"194","Smith-Cotton High School","Softball Fall Season","38","Varsity","10/5","5:00 pm","","Jefferson City","home","https://www.mshsaa.org/MySchool/Schedule.aspx?s=194&alg=38","https://www.mshsaa.org/MySchool/Matchup.aspx?s=194&alg=38&comp=2657353","2010 Tiger Pride Blvd, Sedalia, MO 65301-8503"
"194","Smith-Cotton High School","Tennis Girls","49","Varsity","10/5","11:00 am","","Osage","home","https://www.mshsaa.org/MySchool/Schedule.aspx?s=194&alg=49","https://www.mshsaa.org/MySchool/Matchup.aspx?s=194&alg=49&comp=2672174","2010 Tiger Pride Blvd, Sedalia, MO 65301-8503"
"194","Smith-Cotton High School","Tennis Girls","49","Varsity","10/5","3:00 pm","","Clinton","home","https://www.mshsaa.org/MySchool/Schedule.aspx?s=194&alg=49","https://www.mshsaa.org/MySchool/Matchup.aspx?s=194&alg=49&comp=2672175","2010 Tiger Pride Blvd, Sedalia, MO 65301-8503"
"194","Smith-Cotton High School","Volleyball Girls","57","Varsity","10/5","7:00 pm","","Battle","home","https://www.mshsaa.org/MySchool/Schedule.aspx?s=194&alg=57","https://www.mshsaa.org/MySchool/Matchup.aspx?s=194&alg=57&comp=2643407","2010 Tiger Pride Blvd, Sedalia, MO 65301-8503"
"197","South Callaway High School","Softball Fall Season","38","Varsity","10/5","5:00 pm","","Fulton","away","https://www.mshsaa.org/MySchool/Schedule.aspx?s=197&alg=38","https://www.mshsaa.org/MySchool/Matchup.aspx?s=197&alg=38&comp=2724564","#1 Hornet Drive, Fulton, MO 65251-2729"
"2","Southern Boone High School","Soccer Boys","33","Varsity","10/5","5:00 pm","","Canton","home","https://www.mshsaa.org/MySchool/Schedule.aspx?s=2&alg=33","https://www.mshsaa.org/MySchool/Matchup.aspx?s=2&alg=33&comp=2632897","14520 Crump Lane, Ashland, MO 65010-9464"
"2","Southern Boone High School","Volleyball Girls","57","Varsity","10/5","7:00 pm","","Eldon","away","https://www.mshsaa.org/MySchool/Schedule.aspx?s=2&alg=57","https://www.mshsaa.org/MySchool/Matchup.aspx?s=2&alg=57&comp=2653889","112 S Pine St, Eldon, MO 65026-1594"
"953","Battle High School","Golf Girls","24","Varsity","10/6","","","Columbia Quad","tournament","https://www.mshsaa.org/MySchool/Schedule.aspx?s=953&alg=24","https://www.mshsaa.org/MySchool/Tournament.aspx?s=953&alg=24&tournament=591211","Columbia, MO"
"953","Battle High School","Soccer Boys","33","Varsity","10/6","7:00 pm","","Hickman","away","https://www.mshsaa.org/MySchool/Schedule.aspx?s=953&alg=33","https://www.mshsaa.org/MySchool/Matchup.aspx?s=953&alg=33&comp=2722351","1104 N Providence Rd, Columbia, MO 65203-4398"
"953","Battle High School","Softball Fall Season","38","Varsity","10/6","5:00 pm","","North Point","away","https://www.mshsaa.org/MySchool/Schedule.aspx?s=953&alg=38","https://www.mshsaa.org/MySchool/Matchup.aspx?s=953&alg=38&comp=2762433","2255 West Meyer Rd., Wentzville, MO 63385"
"217","Blair Oaks High School","Golf Girls","24","Varsity","10/6","","","VanderLinden Invitational","tournament","https://www.mshsaa.org/MySchool/Schedule.aspx?s=217&alg=24","https://www.mshsaa.org/MySchool/Tournament.aspx?s=217&alg=24&tournament=581393","Boonville, MO"
"217","Blair Oaks High School","Softball Fall Season","38","Varsity","10/6","5:30 pm","","Southern Boone","home","https://www.mshsaa.org/MySchool/Schedule.aspx?s=217&alg=38","https://www.mshsaa.org/MySchool/Matchup.aspx?s=217&alg=38&comp=2632328","6124 Falcon Ln, Jefferson City, MO 65101-9751"
"217","Blair Oaks High School","Volleyball Girls","57","Varsity","10/6","6:30 pm","","Helias Catholic","away","https://www.mshsaa.org/MySchool/Schedule.aspx?s=217&alg=57","https://www.mshsaa.org/MySchool/Matchup.aspx?s=217&alg=57&comp=2632345","1305 Swifts Hwy, Jefferson City, MO 65109-2595"
"16","Boonville High School","Golf Girls","24","Varsity","10/6","9:00 am","","Lady Pirate Invitational","tournament","https://www.mshsaa.org/MySchool/Schedule.aspx?s=16&alg=24","https://www.mshsaa.org/MySchool/Tournament.aspx?s=16&alg=24&tournament=581664","Boonville, MO"
"16","Boonville High School","Softball Fall Season","38","Varsity","10/6","5:00 pm","","Fulton","home","https://www.mshsaa.org/MySchool/Schedule.aspx?s=16&alg=38","https://www.mshsaa.org/MySchool/Matchup.aspx?s=16&alg=38&comp=2741872","1 Pirate Dr., Boonville, MO 65233-2740"
"16","Boonville High School","Volleyball Girls","57","Varsity","10/6","6:15 pm","","Versailles","home","https://www.mshsaa.org/MySchool/Schedule.aspx?s=16&alg=57","https://www.mshsaa.org/MySchool/Matchup.aspx?s=16&alg=57&comp=2782319","1 Pirate Dr., Boonville, MO 65233-2740"
"582","California High School","Softball Fall Season","38","Varsity","10/6","5:00 pm","","Osage","away","https://www.mshsaa.org/MySchool/Schedule.aspx?s=582&alg=38","https://www.mshsaa.org/MySchool/Matchup.aspx?s=582&alg=38&comp=2618142","636 Hwy 42, Osage Beach, MO 65065-5301"
"582","California High School","Volleyball Girls","57","Varsity","10/6","7:00 pm","","Capital City","home","https://www.mshsaa.org/MySchool/Schedule.aspx?s=582&alg=57","https://www.mshsaa.org/MySchool/Matchup.aspx?s=582&alg=57&comp=2618102","1501 W Buchanan, California, MO 65018-1279"
"26","Camdenton High School","Soccer Boys","33","Varsity","10/6","6:45 pm","","Rock Bridge","away","https://www.mshsaa.org/MySchool/Schedule.aspx?s=26&alg=33","https://www.mshsaa.org/MySchool/Matchup.aspx?s=26&alg=33&comp=2742659","4303 S Providence Rd, Columbia, MO 65203-7198"
"26","Camdenton High School","Softball Fall Season","38","Varsity","10/6","4:30 pm","","Rolla","home","https://www.mshsaa.org/MySchool/Schedule.aspx?s=26&alg=38","https://www.mshsaa.org/MySchool/Matchup.aspx?s=26&alg=38&comp=2650271","662 Laker Pride Road, Camdenton, MO 65020-1409"
"26","Camdenton High School","Tennis Girls","49","Varsity","10/6","4:00 pm","","Rock Bridge","away","https://www.mshsaa.org/MySchool/Schedule.aspx?s=26&alg=49","https://www.mshsaa.org/MySchool/Matchup.aspx?s=26&alg=49&comp=2775276","4303 S Providence Rd, Columbia, MO 65203-7198"
"26","Camdenton High School","Volleyball Girls","57","Varsity","10/6","7:30 pm","","Rock Bridge","home","https://www.mshsaa.org/MySchool/Schedule.aspx?s=26&alg=57","https://www.mshsaa.org/MySchool/Matchup.aspx?s=26&alg=57&comp=2742767","662 Laker Pride Road, Camdenton, MO 65020-1409"
"1540","Capital City High School","Golf Girls","24","Varsity","10/6","","","VanderLinden Invitational","tournament","https://www.mshsaa.org/MySchool/Schedule.aspx?s=1540&alg=24","https://www.mshsaa.org/MySchool/Tournament.aspx?s=1540&alg=24&tournament=563810","Boonville, MO"
"1540","Capital City High School","Soccer Boys","33","Varsity","10/6","6:45 pm","","Jefferson City","away","https://www.mshsaa.org/MySchool/Schedule.aspx?s=1540&alg=33","https://www.mshsaa.org/MySchool/Matchup.aspx?s=1540&alg=33&comp=2662535","609 Union St, Jefferson City, MO 65101-2898"
"1540","Capital City High School","Softball Fall Season","38","Varsity","10/6","5:00 pm","","New Bloomfield","away","https://www.mshsaa.org/MySchool/Schedule.aspx?s=1540&alg=38","https://www.mshsaa.org/MySchool/Matchup.aspx?s=1540&alg=38&comp=2670981","307 Redwood Dr, New Bloomfield, MO 65063"
"1540","Capital City High School","Tennis Girls","49","Varsity","10/6","4:30 pm","","Father Tolton","home","https://www.mshsaa.org/MySchool/Schedule.aspx?s=1540&alg=49","https://www.mshsaa.org/MySchool/Matchup.aspx?s=1540&alg=49&comp=2794402","1650 Cavalier Drive, Jefferson City, MO 65109"
"1540","Capital City High School","Volleyball Girls","57","Varsity","10/6","7:00 pm","","California","away","https://www.mshsaa.org/MySchool/Schedule.aspx?s=1540&alg=57","https://www.mshsaa.org/MySchool/Matchup.aspx?s=1540&alg=57&comp=2641605","1501 W Buchanan, California, MO 65018-1279"
"53","Centralia High School","Softball Fall Season","38","Varsity","10/6","6:30 pm","","Hallsville with Christian Fellowship Sr.","home","https://www.mshsaa.org/MySchool/Schedule.aspx?s=53&alg=38","https://www.mshsaa.org/MySchool/Matchup.aspx?s=53&alg=38&comp=2655442","849 S Jefferson St, Centralia, MO 65240-1605"
"53","Centralia High School","Volleyball Girls","57","Varsity","10/6","6:00 pm","","Montgomery County","home","https://www.mshsaa.org/MySchool/Schedule.aspx?s=53&alg=57","https://www.mshsaa.org/MySchool/Matchup.aspx?s=53&alg=57&comp=2655587","849 S Jefferson St, Centralia, MO 65240-1605"
"1099","Christian Fellowship","Softball Fall Season","38","Varsity","10/6","6:30 pm","","Centralia","away","https://www.mshsaa.org/MySchool/Schedule.aspx?s=1099&alg=38","https://www.mshsaa.org/MySchool/Matchup.aspx?s=1099&alg=38&comp=2655483","849 S Jefferson St, Centralia, MO 65240-1605"
"1099","Christian Fellowship","Volleyball Girls","57","Varsity","10/6","7:00 pm","","Columbia Independent","away","https://www.mshsaa.org/MySchool/Schedule.aspx?s=1099&alg=57","https://www.mshsaa.org/MySchool/Matchup.aspx?s=1099&alg=57&comp=2720078","1801 North Stadium Boulevard, Columbia, MO 65202"
"566","Columbia Independent","Cross Country Girls","12","Varsity","10/6","","","Hermann Invitational Cross Country Meet","tournament","https://www.mshsaa.org/MySchool/Schedule.aspx?s=566&alg=12","https://www.mshsaa.org/MySchool/Tournament.aspx?s=566&alg=12&tournament=582359","Hermann, MO"
"566","Columbia Independent","Soccer Boys","33","Varsity","10/6","7:00 pm","","Hickman","away","https://www.mshsaa.org/MySchool/Schedule.aspx?s=566&alg=33","https://www.mshsaa.org/MySchool/Matchup.aspx?s=566&alg=33&comp=2722351","1104 N Providence Rd, Columbia, MO 65203-4398"
"566","Columbia Independent","Volleyball Girls","57","Varsity","10/6","7:00 pm","","Christian Fellowship Sr.","home","https://www.mshsaa.org/MySchool/Schedule.aspx?s=566&alg=57","https://www.mshsaa.org/MySchool/Matchup.aspx?s=566&alg=57&comp=2720175","1801 North Stadium Boulevard, Columbia, MO 65202"
"278","Eldon High School","Golf Girls","24","Varsity","10/6","","","Boonville - Vanderlinden Invitational","tournament","https://www.mshsaa.org/MySchool/Schedule.aspx?s=278&alg=24","https://www.mshsaa.org/MySchool/Tournament.aspx?s=278&alg=24&tournament=545005","Boonville, MO"
"278","Eldon High School","Softball Fall Season","38","Varsity","10/6","5:00 pm","","Russellville","away","https://www.mshsaa.org/MySchool/Schedule.aspx?s=278&alg=38","https://www.mshsaa.org/MySchool/Matchup.aspx?s=278&alg=38&comp=2628682","13600 Rte C, Russellville, MO 65074"
"278","Eldon High School","Volleyball Girls","57","Varsity","10/6","6:30 pm","","Fulton","away","https://www.mshsaa.org/MySchool/Schedule.aspx?s=278&alg=57","https://www.mshsaa.org/MySchool/Matchup.aspx?s=278&alg=57&comp=2672051","#1 Hornet Drive, Fulton, MO 65251-2729"
"917","Father Tolton","Golf Girls","24","Varsity","10/6","","","Columbia Quad","tournament","https://www.mshsaa.org/MySchool/Schedule.aspx?s=917&alg=24","https://www.mshsaa.org/MySchool/Tournament.aspx?s=917&alg=24&tournament=590521","Columbia, MO"
"917","Father Tolton","Soccer Boys","33","Varsity","10/6","6:30 pm","","Southern Boone","away","https://www.mshsaa.org/MySchool/Schedule.aspx?s=917&alg=33","https://www.mshsaa.org/MySchool/Matchup.aspx?s=917&alg=33&comp=2665267","14520 Crump Lane, Ashland, MO 65010-9464"
"917","Father Tolton","Tennis Girls","49","Varsity","10/6","4:30 pm","","Capital City","away","https://www.mshsaa.org/MySchool/Schedule.aspx?s=917&alg=49","https://www.mshsaa.org/MySchool/Matchup.aspx?s=917&alg=49&comp=2765865","1650 Cavalier Drive, Jefferson City, MO 65109"
"917","Father Tolton","Volleyball Girls","57","Varsity","10/6","6:00 pm","","Bowling Green","home","https://www.mshsaa.org/MySchool/Schedule.aspx?s=917&alg=57","https://www.mshsaa.org/MySchool/Matchup.aspx?s=917&alg=57&comp=2606932","3351 E Gans Road, Columbia, MO 65201"
"294","Fayette High School","Softball Fall Season","38","Varsity","10/6","5:00 pm","","Salisbury","home","https://www.mshsaa.org/MySchool/Schedule.aspx?s=294&alg=38","https://www.mshsaa.org/MySchool/Matchup.aspx?s=294&alg=38&comp=2635054","510 N. Cleveland St., Fayette, MO 65248-1596"
"80","Fulton High School","Cross Country Boys","11","Varsity","10/6","","","Hermann Invitational Cross Country Meet","tournament","https://www.mshsaa.org/MySchool/Schedule.aspx?s=80&alg=11","https://www.mshsaa.org/MySchool/Tournament.aspx?s=80&alg=11&tournament=580407","Hermann, MO"
"80","Fulton High School","Cross Country Girls","12","Varsity","10/6","","","Hermann Invitational Cross Country Meet","tournament","https://www.mshsaa.org/MySchool/Schedule.aspx?s=80&alg=12","https://www.mshsaa.org/MySchool/Tournament.aspx?s=80&alg=12&tournament=580408","Hermann, MO"
"80","Fulton High School","Golf Girls","24","Varsity","10/6","","","VanderLinden Invitational","tournament","https://www.mshsaa.org/MySchool/Schedule.aspx?s=80&alg=24","https://www.mshsaa.org/MySchool/Tournament.aspx?s=80&alg=24&tournament=579526","Boonville, MO"
"80","Fulton High School","Soccer Boys","33","Varsity","10/6","5:00 pm","","Eugene","away","https://www.mshsaa.org/MySchool/Schedule.aspx?s=80&alg=33","https://www.mshsaa.org/MySchool/Matchup.aspx?s=80&alg=33&comp=2647574","14803 Hwy 17, Eugene, MO 65032"
"80","Fulton High School","Softball Fall Season","38","Varsity","10/6","5:00 pm","","Boonville","away","https://www.mshsaa.org/MySchool/Schedule.aspx?s=80&alg=38","https://www.mshsaa.org/MySchool/Matchup.aspx?s=80&alg=38&comp=2635717","1 Pirate Dr., Boonville, MO 65233-2740"
"80","Fulton High School","Volleyball Girls","57","Varsity","10/6","6:30 pm","","Eldon","home","https://www.mshsaa.org/MySchool/Schedule.aspx?s=80&alg=57","https://www.mshsaa.org/MySchool/Matchup.aspx?s=80&alg=57&comp=2667073","#1 Hornet Drive, Fulton, MO 65251-2729"
"302","Glasgow High School","Golf Girls","24","Varsity","10/6","","","VanderLinden Invitational","tournament","https://www.mshsaa.org/MySchool/Schedule.aspx?s=302&alg=24","https://www.mshsaa.org/MySchool/Tournament.aspx?s=302&alg=24&tournament=583836","Boonville, MO"
"302","Glasgow High School","Softball Fall Season","38","Varsity","10/6","5:30 pm","","Tina-Avalon with Hale, Bosworth","away","https://www.mshsaa.org/MySchool/Schedule.aspx?s=302&alg=38","https://www.mshsaa.org/MySchool/Matchup.aspx?s=302&alg=38&comp=2724724","11896 Highway 65, Tina, MO 64682-9746"
"311","Hallsville High School","Golf Girls","24","Varsity","10/6","","","VanderLinden Invitational","tournament","https://www.mshsaa.org/MySchool/Schedule.aspx?s=311&alg=24","https://www.mshsaa.org/MySchool/Tournament.aspx?s=311&alg=24&tournament=584620","Boonville, MO"
"311","Hallsville High School","Softball Fall Season","38","Varsity","10/6","6:30 pm","","Centralia","away","https://www.mshsaa.org/MySchool/Schedule.aspx?s=311&alg=38","https://www.mshsaa.org/MySchool/Matchup.aspx?s=311&alg=38&comp=2655483","849 S Jefferson St, Centralia, MO 65240-1605"
"522","Helias High School","Soccer Boys","33","Varsity","10/6","7:00 pm","","Smith-Cotton","away","https://www.mshsaa.org/MySchool/Schedule.aspx?s=522&alg=33","https://www.mshsaa.org/MySchool/Matchup.aspx?s=522&alg=33&comp=2666706","2010 Tiger Pride Blvd, Sedalia, MO 65301-8503"
"522","Helias High School","Volleyball Girls","57","Varsity","10/6","6:30 pm","","Blair Oaks","home","https://www.mshsaa.org/MySchool/Schedule.aspx?s=522&alg=57","https://www.mshsaa.org/MySchool/Matchup.aspx?s=522&alg=57&comp=2652028","1305 Swifts Hwy, Jefferson City, MO 65109-2595"
"85","Hickman High School","Golf Girls","24","Varsity","10/6","","","Columbia Quad","tournament","https://www.mshsaa.org/MySchool/Schedule.aspx?s=85&alg=24","https://www.mshsaa.org/MySchool/Tournament.aspx?s=85&alg=24&tournament=592561","Columbia, MO"
"85","Hickman High School","Soccer Boys","33","Varsity","10/6","7:00 pm","","Battle with Columbia Independent","home","https://www.mshsaa.org/MySchool/Schedule.aspx?s=85&alg=33","https://www.mshsaa.org/MySchool/Matchup.aspx?s=85&alg=33&comp=2675501","1104 N Providence Rd, Columbia, MO 65203-4398"
"85","Hickman High School","Volleyball Girls","57","Varsity","10/6","7:00 pm","","Rolla","away","https://www.mshsaa.org/MySchool/Schedule.aspx?s=85&alg=57","https://www.mshsaa.org/MySchool/Matchup.aspx?s=85&alg=57&comp=2712418","900 Bulldog Run, Rolla, MO 65401-3399"
"317","Higbee High School","Baseball Fall Season","66","Varsity","10/6","6:30 pm","","Brashear with Novinger","home","https://www.mshsaa.org/MySchool/Schedule.aspx?s=317&alg=66","https://www.mshsaa.org/MySchool/Matchup.aspx?s=317&alg=66&comp=2626890","101 Evans, Higbee, MO 65257"
"317","Higbee High School","Softball Fall Season","38","Varsity","10/6","5:00 pm","","Brashear","home","https://www.mshsaa.org/MySchool/Schedule.aspx?s=317&alg=38","https://www.mshsaa.org/MySchool/Matchup.aspx?s=317&alg=38&comp=2626910","101 Evans, Higbee, MO 65257"
"84","Jefferson City High School","Golf Girls","24","Varsity","10/6","","","Battle Spartan Invitational","tournament","https://www.mshsaa.org/MySchool/Schedule.aspx?s=84&alg=24","https://www.mshsaa.org/MySchool/Tournament.aspx?s=84&alg=24&tournament=576809","Columbia, MO"
"84","Jefferson City High School","Soccer Boys","33","Varsity","10/6","6:45 pm","","Capital City","home","https://www.mshsaa.org/MySchool/Schedule.aspx?s=84&alg=33","https://www.mshsaa.org/MySchool/Matchup.aspx?s=84&alg=33&comp=2660276","1215 Adams St, Jefferson City, MO 65101"
"84","Jefferson City High School","Tennis Girls","49","Varsity","10/6","4:00 pm","","Osage","away","https://www.mshsaa.org/MySchool/Schedule.aspx?s=84&alg=49","https://www.mshsaa.org/MySchool/Matchup.aspx?s=84&alg=49&comp=2752550","636 Hwy 42, Osage Beach, MO 65065-5301"
"360","Marshall High School","Cross Country Boys","11","Varsity","10/6","4:00 pm","","Excelsior Springs","away","https://www.mshsaa.org/MySchool/Schedule.aspx?s=360&alg=11","https://www.mshsaa.org/MySchool/Matchup.aspx?s=360&alg=11&comp=2785571","612 Tiger Dr, Excelsior Springs, MO 64024-0248"
"360","Marshall High School","Cross Country Girls","12","Varsity","10/6","4:00 pm","","Excelsior Springs","away","https://www.mshsaa.org/MySchool/Schedule.aspx?s=360&alg=12","https://www.mshsaa.org/MySchool/Matchup.aspx?s=360&alg=12&comp=2785571","612 Tiger Dr, Excelsior Springs, MO 64024-0248"
"360","Marshall High School","Golf Girls","24","Varsity","10/6","","","VanderLinden Invitational","tournament","https://www.mshsaa.org/MySchool/Schedule.aspx?s=360&alg=24","https://www.mshsaa.org/MySchool/Tournament.aspx?s=360&alg=24&tournament=554361","Boonville, MO"
"360","Marshall High School","Soccer Boys","33","Varsity","10/6","4:30 pm","","St. Paul Lutheran (Concordia)","home","https://www.mshsaa.org/MySchool/Schedule.aspx?s=360&alg=33","https://www.mshsaa.org/MySchool/Matchup.aspx?s=360&alg=33&comp=2740988","805 S Miami, Marshall, MO 65340-2499"
"360","Marshall High School","Tennis Girls","49","Varsity","10/6","","","Conference Tournament","tournament","https://www.mshsaa.org/MySchool/Schedule.aspx?s=360&alg=49","https://www.mshsaa.org/MySchool/Tournament.aspx?s=360&alg=49&tournament=587127","Mexico, MO"
"128","Mexico High School","Soccer Boys","33","Varsity","10/6","6:45 pm","","Osage","home","https://www.mshsaa.org/MySchool/Schedule.aspx?s=128&alg=33","https://www.mshsaa.org/MySchool/Matchup.aspx?s=128&alg=33&comp=2703616","639 N Wade, Mexico, MO 65265-1899"
"128","Mexico High School","Tennis Girls","49","Varsity","10/6","","","MEC East Tournament","tournament","https://www.mshsaa.org/MySchool/Schedule.aspx?s=128&alg=49","https://www.mshsaa.org/MySchool/Tournament.aspx?s=128&alg=49&tournament=586868","639 N. Wade St. Mexico, MO 65265"
"569","Missouri Military Academy","Soccer Boys","33","Varsity","10/6","6:30 pm","","Warrenton","away","https://www.mshsaa.org/MySchool/Schedule.aspx?s=569&alg=33","https://www.mshsaa.org/MySchool/Matchup.aspx?s=569&alg=33&comp=2767890","803 Pinckney, Warrenton, MO 63383-2335"
"132","Moberly High School","Soccer Boys","33","Varsity","10/6","5:00 pm","","Chillicothe","home","https://www.mshsaa.org/MySchool/Schedule.aspx?s=132&alg=33","https://www.mshsaa.org/MySchool/Matchup.aspx?s=132&alg=33&comp=2718399","1625 Gratz Brown Street, Moberly, MO 65270"
"132","Moberly High School","Tennis Girls","49","Varsity","10/6","","","Conference Tournament","tournament","https://www.mshsaa.org/MySchool/Schedule.aspx?s=132&alg=49","https://www.mshsaa.org/MySchool/Tournament.aspx?s=132&alg=49&tournament=586894","Mexico, MO"
"139","North Callaway High School","Softball Fall Season","38","Varsity","10/6","5:00 pm","","Mark Twain","home","https://www.mshsaa.org/MySchool/Schedule.aspx?s=139&alg=38","https://www.mshsaa.org/MySchool/Matchup.aspx?s=139&alg=38&comp=2614166","2700 Thunderbird Dr, Kingdom City, MO 65262-1817"
"139","North Callaway High School","Volleyball Girls","57","Varsity","10/6","7:00 pm","","Linn","home","https://www.mshsaa.org/MySchool/Schedule.aspx?s=139&alg=57","https://www.mshsaa.org/MySchool/Matchup.aspx?s=139&alg=57&comp=2615042","2700 Thunderbird Dr, Kingdom City, MO 65262-1817"
"152","Osage High School","Golf Girls","24","Varsity","10/6","","","VanderLinden Invitational","tournament","https://www.mshsaa.org/MySchool/Schedule.aspx?s=152&alg=24","https://www.mshsaa.org/MySchool/Tournament.aspx?s=152&alg=24&tournament=581422","Boonville, MO"
"152","Osage High School","Soccer Boys","33","Varsity","10/6","6:45 pm","","Mexico","away","https://www.mshsaa.org/MySchool/Schedule.aspx?s=152&alg=33","https://www.mshsaa.org/MySchool/Matchup.aspx?s=152&alg=33&comp=2702061","639 N Wade, Mexico, MO 65265-1899"
"152","Osage High School","Softball Fall Season","38","Varsity","10/6","5:00 pm","","California","home","https://www.mshsaa.org/MySchool/Schedule.aspx?s=152&alg=38","https://www.mshsaa.org/MySchool/Matchup.aspx?s=152&alg=38&comp=2651523","636 Hwy 42, Osage Beach, MO 65065-5301"
"152","Osage High School","Tennis Girls","49","Varsity","10/6","4:00 pm","","Jefferson City","home","https://www.mshsaa.org/MySchool/Schedule.aspx?s=152&alg=49","https://www.mshsaa.org/MySchool/Matchup.aspx?s=152&alg=49&comp=2697361","636 Hwy 42, Osage Beach, MO 65065-5301"
"152","Osage High School","Volleyball Girls","57","Varsity","10/6","7:00 pm","","Fatima","away","https://www.mshsaa.org/MySchool/Schedule.aspx?s=152&alg=57","https://www.mshsaa.org/MySchool/Matchup.aspx?s=152&alg=57&comp=2664718","143 E. Main, Westphalia, MO 65085"
"578","Rock Bridge High School","Golf Girls","24","Varsity","10/6","4:30 pm","","Columbia Quad","tournament","https://www.mshsaa.org/MySchool/Schedule.aspx?s=578&alg=24","https://www.mshsaa.org/MySchool/Tournament.aspx?s=578&alg=24&tournament=590468","Columbia, MO"
"578","Rock Bridge High School","Golf Girls","24","Varsity","⤷ 10/6","TBD","","Hickman","tournament","https://www.mshsaa.org/MySchool/Schedule.aspx?s=578&alg=24","https://www.mshsaa.org/MySchool/Matchup.aspx?s=578&alg=24&comp=2768806","4303 S Providence Rd, Columbia, MO 65203-7198"
"578","Rock Bridge High School","Golf Girls","24","Varsity","⤷ 10/6","TBD","","Battle","tournament","https://www.mshsaa.org/MySchool/Schedule.aspx?s=578&alg=24","https://www.mshsaa.org/MySchool/Matchup.aspx?s=578&alg=24&comp=2768807","4303 S Providence Rd, Columbia, MO 65203-7198"
"578","Rock Bridge High School","Golf Girls","24","Varsity","⤷ 10/6","TBD","","Father Tolton","tournament","https://www.mshsaa.org/MySchool/Schedule.aspx?s=578&alg=24","https://www.mshsaa.org/MySchool/Matchup.aspx?s=578&alg=24&comp=2768808","4303 S Providence Rd, Columbia, MO 65203-7198"
"578","Rock Bridge High School","Soccer Boys","33","Varsity","10/6","6:45 pm","","Camdenton","home","https://www.mshsaa.org/MySchool/Schedule.aspx?s=578&alg=33","https://www.mshsaa.org/MySchool/Matchup.aspx?s=578&alg=33&comp=2660328","4303 South Providence Road, Columbia, MO 65203"
"578","Rock Bridge High School","Tennis Girls","49","Varsity","10/6","4:00 pm","","Camdenton","home","https://www.mshsaa.org/MySchool/Schedule.aspx?s=578&alg=49","https://www.mshsaa.org/MySchool/Matchup.aspx?s=578&alg=49&comp=2786786","4303 S Providence Rd, Columbia, MO 65203-7198"
"578","Rock Bridge High School","Volleyball Girls","57","Varsity","10/6","8:00 pm","","Camdenton","away","https://www.mshsaa.org/MySchool/Schedule.aspx?s=578&alg=57","https://www.mshsaa.org/MySchool/Matchup.aspx?s=578&alg=57&comp=2743016","662 Laker Pride Road, Camdenton, MO 65020-1409"
"430","Russellville High School","Softball Fall Season","38","Varsity","10/6","5:00 pm","","Eldon","home","https://www.mshsaa.org/MySchool/Schedule.aspx?s=430&alg=38","https://www.mshsaa.org/MySchool/Matchup.aspx?s=430&alg=38&comp=2616313","13600 Rte C, Russellville, MO 65074"
"430","Russellville High School","Volleyball Girls","57","Varsity","10/6","6:15 pm","","Eugene","away","https://www.mshsaa.org/MySchool/Schedule.aspx?s=430&alg=57","https://www.mshsaa.org/MySchool/Matchup.aspx?s=430&alg=57&comp=2698519","14803 Hwy 17, Eugene, MO 65032"
"431","Salisbury High School","Softball Fall Season","38","Varsity","10/6","5:00 pm","","Fayette","away","https://www.mshsaa.org/MySchool/Schedule.aspx?s=431&alg=38","https://www.mshsaa.org/MySchool/Matchup.aspx?s=431&alg=38&comp=2632153","510 N. Cleveland St., Fayette, MO 65248-1596"
"194","Smith-Cotton High School","Soccer Boys","33","Varsity","10/6","7:00 pm","","Helias Catholic","home","https://www.mshsaa.org/MySchool/Schedule.aspx?s=194&alg=33","https://www.mshsaa.org/MySchool/Matchup.aspx?s=194&alg=33&comp=2677000","2010 Tiger Pride Blvd, Sedalia, MO 65301-8503"
"194","Smith-Cotton High School","Volleyball Girls","57","Varsity","10/6","6:30 pm","","Oak Grove","away","https://www.mshsaa.org/MySchool/Schedule.aspx?s=194&alg=57","https://www.mshsaa.org/MySchool/Matchup.aspx?s=194&alg=57&comp=2744191","605 SE 12th St, Oak Grove, MO 64075-9392"
"197","South Callaway High School","Cross Country Boys","11","Varsity","10/6","","","Hermann Invitational Cross Country Meet","tournament","https://www.mshsaa.org/MySchool/Schedule.aspx?s=197&alg=11","https://www.mshsaa.org/MySchool/Tournament.aspx?s=197&alg=11&tournament=573908","Hermann, MO"
"197","South Callaway High School","Cross Country Girls","12","Varsity","10/6","","","Hermann Invitational Cross Country Meet","tournament","https://www.mshsaa.org/MySchool/Schedule.aspx?s=197&alg=12","https://www.mshsaa.org/MySchool/Tournament.aspx?s=197&alg=12&tournament=573914","Hermann, MO"
"197","South Callaway High School","Softball Fall Season","38","Varsity","10/6","4:30 pm","","Owensville","home","https://www.mshsaa.org/MySchool/Schedule.aspx?s=197&alg=38","https://www.mshsaa.org/MySchool/Matchup.aspx?s=197&alg=38&comp=2724565","10135 State Rd C, Mokane, MO 65059-0038"
"2","Southern Boone High School","Golf Girls","24","Varsity","10/6","","","VanderLinden Invitational","tournament","https://www.mshsaa.org/MySchool/Schedule.aspx?s=2&alg=24","https://www.mshsaa.org/MySchool/Tournament.aspx?s=2&alg=24&tournament=564538","Boonville, MO"
"2","Southern Boone High School","Soccer Boys","33","Varsity","10/6","6:30 pm","","Father Tolton","home","https://www.mshsaa.org/MySchool/Schedule.aspx?s=2&alg=33","https://www.mshsaa.org/MySchool/Matchup.aspx?s=2&alg=33&comp=2632898","14520 Crump Lane, Ashland, MO 65010-9464"
"2","Southern Boone High School","Softball Fall Season","38","Varsity","10/6","5:30 pm","","Blair Oaks","away","https://www.mshsaa.org/MySchool/Schedule.aspx?s=2&alg=38","https://www.mshsaa.org/MySchool/Matchup.aspx?s=2&alg=38&comp=2650870","6124 Falcon Ln, Jefferson City, MO 65101-9751"
"474","Tipton High School","Cross Country Boys","11","Varsity","10/6","","","Hermann Invitational Cross Country Meet","tournament","https://www.mshsaa.org/MySchool/Schedule.aspx?s=474&alg=11","https://www.mshsaa.org/MySchool/Tournament.aspx?s=474&alg=11&tournament=580599","Hermann, MO"
"474","Tipton High School","Cross Country Girls","12","Varsity","10/6","","","Hermann Invitational Cross Country Meet","tournament","https://www.mshsaa.org/MySchool/Schedule.aspx?s=474&alg=12","https://www.mshsaa.org/MySchool/Tournament.aspx?s=474&alg=12&tournament=580601","Hermann, MO"
"474","Tipton High School","Volleyball Girls","57","Varsity","10/6","7:00 pm","","New Bloomfield","home","https://www.mshsaa.org/MySchool/Schedule.aspx?s=474&alg=57","https://www.mshsaa.org/MySchool/Matchup.aspx?s=474&alg=57&comp=2635304","334 US Hwy 50 West, Tipton, MO 65081-8606"
"485","Versailles High School","Golf Girls","24","Varsity","10/6","","","VanderLinden Invitational","tournament","https://www.mshsaa.org/MySchool/Schedule.aspx?s=485&alg=24","https://www.mshsaa.org/MySchool/Tournament.aspx?s=485&alg=24&tournament=545183","Boonville, MO"
"485","Versailles High School","Volleyball Girls","57","Varsity","10/6","6:15 pm","","Boonville","away","https://www.mshsaa.org/MySchool/Schedule.aspx?s=485&alg=57","https://www.mshsaa.org/MySchool/Matchup.aspx?s=485&alg=57&comp=2780719","1 Pirate Dr., Boonville, MO 65233-2740"
"953","Battle High School","Golf Girls","24","Varsity","10/7","","","Class 4 District 2 Tournament","tournament","https://www.mshsaa.org/MySchool/Schedule.aspx?s=953&alg=24","https://www.mshsaa.org/Activities/DistrictResult.aspx?alg=24&class=4&district=2&year=2026",""
"953","Battle High School","Softball Fall Season","38","Varsity","10/7","5:00 pm","","Park Hill South","home","https://www.mshsaa.org/MySchool/Schedule.aspx?s=953&alg=38","https://www.mshsaa.org/MySchool/Matchup.aspx?s=953&alg=38&comp=2762434","7575 St. Charles Road, Columbia, MO 65202"
"953","Battle High School","Volleyball Girls","57","Varsity","10/7","7:00 pm","","Fatima","home","https://www.mshsaa.org/MySchool/Schedule.aspx?s=953&alg=57","https://www.mshsaa.org/MySchool/Matchup.aspx?s=953&alg=57&comp=2766683","7575 St. Charles Road, Columbia, MO 65202"
"217","Blair Oaks High School","Golf Girls","24","Varsity","10/7","4:00 pm","","Capital City","away","https://www.mshsaa.org/MySchool/Schedule.aspx?s=217&alg=24","https://www.mshsaa.org/MySchool/Matchup.aspx?s=217&alg=24&comp=2774658","1650 Cavalier Drive, Jefferson City, MO 65109"
"26","Camdenton High School","Softball Fall Season","38","Varsity","10/7","4:30 pm","","Hickman","home","https://www.mshsaa.org/MySchool/Schedule.aspx?s=26&alg=38","https://www.mshsaa.org/MySchool/Matchup.aspx?s=26&alg=38&comp=2650272","662 Laker Pride Road, Camdenton, MO 65020-1409"
"1540","Capital City High School","Golf Girls","24","Varsity","10/7","4:00 pm","","Blair Oaks","home","https://www.mshsaa.org/MySchool/Schedule.aspx?s=1540&alg=24","https://www.mshsaa.org/MySchool/Matchup.aspx?s=1540&alg=24&comp=2692794","1650 Cavalier Drive, Jefferson City, MO 65109"
"917","Father Tolton","Volleyball Girls","57","Varsity","10/7","6:30 pm","","Hallsville","away","https://www.mshsaa.org/MySchool/Schedule.aspx?s=917&alg=57","https://www.mshsaa.org/MySchool/Matchup.aspx?s=917&alg=57&comp=2695473","421 E Hwy 124, Hallsville, MO 65255-9346"
"294","Fayette High School","Golf Girls","24","Varsity","10/7","","","Lady Bulldog Invitational","tournament","https://www.mshsaa.org/MySchool/Schedule.aspx?s=294&alg=24","https://www.mshsaa.org/MySchool/Tournament.aspx?s=294&alg=24&tournament=572305","Stover, MO"
"311","Hallsville High School","Volleyball Girls","57","Varsity","10/7","6:30 pm","","Father Tolton","home","https://www.mshsaa.org/MySchool/Schedule.aspx?s=311&alg=57","https://www.mshsaa.org/MySchool/Matchup.aspx?s=311&alg=57&comp=2638639","421 E Hwy 124, Hallsville, MO 65255-9346"
"313","Harrisburg High School","Softball Fall Season","38","Varsity","10/7","5:00 pm","","Sturgeon","away","https://www.mshsaa.org/MySchool/Schedule.aspx?s=313&alg=38","https://www.mshsaa.org/MySchool/Matchup.aspx?s=313&alg=38&comp=2649312","24350 Fairgrounds, Sturgeon, MO 65284"
"522","Helias High School","Softball Fall Season","38","Varsity","10/7","5:00 pm","","Fatima","away","https://www.mshsaa.org/MySchool/Schedule.aspx?s=522&alg=38","https://www.mshsaa.org/MySchool/Matchup.aspx?s=522&alg=38&comp=2641015","143 E. Main, Westphalia, MO 65085"
"85","Hickman High School","Golf Girls","24","Varsity","10/7","","","Class 4 District 2 Tournament","tournament","https://www.mshsaa.org/MySchool/Schedule.aspx?s=85&alg=24","https://www.mshsaa.org/Activities/DistrictResult.aspx?alg=24&class=4&district=2&year=2026",""
"85","Hickman High School","Softball Fall Season","38","Varsity","10/7","4:30 pm","","Camdenton","away","https://www.mshsaa.org/MySchool/Schedule.aspx?s=85&alg=38","https://www.mshsaa.org/MySchool/Matchup.aspx?s=85&alg=38&comp=2744120","662 Laker Pride Road, Camdenton, MO 65020-1409"
"84","Jefferson City High School","Softball Fall Season","38","Varsity","10/7","5:30 pm","","Southern Boone","away","https://www.mshsaa.org/MySchool/Schedule.aspx?s=84&alg=38","https://www.mshsaa.org/MySchool/Matchup.aspx?s=84&alg=38&comp=2639950","14520 Crump Lane, Ashland, MO 65010-9464"
"84","Jefferson City High School","Volleyball Girls","57","Varsity","10/7","7:00 pm","","Rock Bridge","away","https://www.mshsaa.org/MySchool/Schedule.aspx?s=84&alg=57","https://www.mshsaa.org/MySchool/Matchup.aspx?s=84&alg=57&comp=2653583","4303 S Providence Rd, Columbia, MO 65203-7198"
"360","Marshall High School","Swimming and Diving Boys","44","Varsity","10/7","","","Independence","tournament","https://www.mshsaa.org/MySchool/Schedule.aspx?s=360&alg=44","https://www.mshsaa.org/MySchool/Tournament.aspx?s=360&alg=44&tournament=592978","Independence, MO"
"128","Mexico High School","Softball Fall Season","38","Varsity","10/7","5:00 pm","","Hannibal","away","https://www.mshsaa.org/MySchool/Schedule.aspx?s=128&alg=38","https://www.mshsaa.org/MySchool/Matchup.aspx?s=128&alg=38&comp=2663205","4500 McMasters Ave, Hannibal, MO 63401-2299"
"578","Rock Bridge High School","Golf Girls","24","Varsity","10/7","","","Class 4 District 2 Tournament","tournament","https://www.mshsaa.org/MySchool/Schedule.aspx?s=578&alg=24","https://www.mshsaa.org/Activities/DistrictResult.aspx?alg=24&class=4&district=2&year=2026",""
"578","Rock Bridge High School","Softball Fall Season","38","Varsity","10/7","5:00 pm","","Smith-Cotton","away","https://www.mshsaa.org/MySchool/Schedule.aspx?s=578&alg=38","https://www.mshsaa.org/MySchool/Matchup.aspx?s=578&alg=38&comp=2657886","2010 Tiger Pride Blvd, Sedalia, MO 65301-8503"
"578","Rock Bridge High School","Volleyball Girls","57","Varsity","10/7","7:00 pm","","Jefferson City","home","https://www.mshsaa.org/MySchool/Schedule.aspx?s=578&alg=57","https://www.mshsaa.org/MySchool/Matchup.aspx?s=578&alg=57&comp=2743484","4303 South Providence Road, Columbia, MO 65203"
"431","Salisbury High School","Softball Fall Season","38","Varsity","10/7","5:00 pm","","North Shelby","home","https://www.mshsaa.org/MySchool/Schedule.aspx?s=431&alg=38","https://www.mshsaa.org/MySchool/Matchup.aspx?s=431&alg=38&comp=2632154","1000 S Maple Ave, Salisbury, MO 65281"
"194","Smith-Cotton High School","Softball Fall Season","38","Varsity","10/7","5:00 pm","","Rock Bridge","home","https://www.mshsaa.org/MySchool/Schedule.aspx?s=194&alg=38","https://www.mshsaa.org/MySchool/Matchup.aspx?s=194&alg=38&comp=2657354","2010 Tiger Pride Blvd, Sedalia, MO 65301-8503"
"2","Southern Boone High School","Softball Fall Season","38","Varsity","10/7","5:30 pm","","Jefferson City","home","https://www.mshsaa.org/MySchool/Schedule.aspx?s=2&alg=38","https://www.mshsaa.org/MySchool/Matchup.aspx?s=2&alg=38&comp=2650871","14520 Crump Lane, Ashland, MO 65010-9464"
"474","Tipton High School","Volleyball Girls","57","Varsity","10/7","7:00 pm","","Warsaw","away","https://www.mshsaa.org/MySchool/Schedule.aspx?s=474&alg=57","https://www.mshsaa.org/MySchool/Matchup.aspx?s=474&alg=57&comp=2635305","20363 Lane of Champions, Warsaw, MO 65355"
"953","Battle High School","Softball Fall Season","38","Varsity","10/8","5:00 pm","","Kirksville","home","https://www.mshsaa.org/MySchool/Schedule.aspx?s=953&alg=38","https://www.mshsaa.org/MySchool/Matchup.aspx?s=953&alg=38&comp=2762404","7575 St. Charles Road, Columbia, MO 65202"
"953","Battle High School","Volleyball Girls","57","Varsity","10/8","7:00 pm","","Camdenton","away","https://www.mshsaa.org/MySchool/Schedule.aspx?s=953&alg=57","https://www.mshsaa.org/MySchool/Matchup.aspx?s=953&alg=57&comp=2762776","662 Laker Pride Road, Camdenton, MO 65020-1409"
"217","Blair Oaks High School","Softball Fall Season","38","Varsity","10/8","5:00 pm","","Chillicothe","away","https://www.mshsaa.org/MySchool/Schedule.aspx?s=217&alg=38","https://www.mshsaa.org/MySchool/Matchup.aspx?s=217&alg=38&comp=2632329","Columbia, MO"
"217","Blair Oaks High School","Volleyball Girls","57","Varsity","10/8","7:00 pm","","Hickman","away","https://www.mshsaa.org/MySchool/Schedule.aspx?s=217&alg=57","https://www.mshsaa.org/MySchool/Matchup.aspx?s=217&alg=57&comp=2632346","1104 N Providence Rd, Columbia, MO 65203-4398"
"16","Boonville High School","Softball Fall Season","38","Varsity","10/8","5:00 pm","","Eldon","home","https://www.mshsaa.org/MySchool/Schedule.aspx?s=16&alg=38","https://www.mshsaa.org/MySchool/Matchup.aspx?s=16&alg=38&comp=2712355","1 Pirate Dr., Boonville, MO 65233-2740"
"16","Boonville High School","Volleyball Girls","57","Varsity","10/8","6:00 pm","","Marshall","away","https://www.mshsaa.org/MySchool/Schedule.aspx?s=16&alg=57","https://www.mshsaa.org/MySchool/Matchup.aspx?s=16&alg=57&comp=2669063","805 S Miami, Marshall, MO 65340-2499"
"582","California High School","Softball Fall Season","38","Varsity","10/8","5:00 pm","","Hallsville with Christian Fellowship Sr.","away","https://www.mshsaa.org/MySchool/Schedule.aspx?s=582&alg=38","https://www.mshsaa.org/MySchool/Matchup.aspx?s=582&alg=38&comp=2618143","421 E Hwy 124, Hallsville, MO 65255-9346"
"582","California High School","Volleyball Girls","57","Varsity","10/8","7:00 pm","","Fulton","away","https://www.mshsaa.org/MySchool/Schedule.aspx?s=582&alg=57","https://www.mshsaa.org/MySchool/Matchup.aspx?s=582&alg=57&comp=2642167","#1 Hornet Drive, Fulton, MO 65251-2729"
"26","Camdenton High School","Golf Girls","24","Varsity","10/8","","","Class 3 District 3 Tournament","tournament","https://www.mshsaa.org/MySchool/Schedule.aspx?s=26&alg=24","https://www.mshsaa.org/Activities/DistrictResult.aspx?alg=24&class=3&district=3&year=2026",""
"26","Camdenton High School","Swimming and Diving Boys","44","Varsity","10/8","8:00 am","","Carthage","away","https://www.mshsaa.org/MySchool/Schedule.aspx?s=26&alg=44","https://www.mshsaa.org/MySchool/Matchup.aspx?s=26&alg=44&comp=2788297","2600 S River St, Carthage, MO 64836"
"26","Camdenton High School","Volleyball Girls","57","Varsity","10/8","7:30 pm","","Battle","home","https://www.mshsaa.org/MySchool/Schedule.aspx?s=26&alg=57","https://www.mshsaa.org/MySchool/Matchup.aspx?s=26&alg=57&comp=2742768","662 Laker Pride Road, Camdenton, MO 65020-1409"
"1540","Capital City High School","Soccer Boys","33","Varsity","10/8","6:30 pm","","Hannibal","home","https://www.mshsaa.org/MySchool/Schedule.aspx?s=1540&alg=33","https://www.mshsaa.org/MySchool/Matchup.aspx?s=1540&alg=33&comp=2662536","2610 Mission Drive, Jefferson City, MO 65109"
"1540","Capital City High School","Swimming and Diving Boys","44","Varsity","10/8","5:00 pm","","Jeff City Invite - Jefferson City, Capital City, MMA, West Plains, Columbia, Camdenton and CIS","tournament","https://www.mshsaa.org/MySchool/Schedule.aspx?s=1540&alg=44","https://www.mshsaa.org/MySchool/Tournament.aspx?s=1540&alg=44&tournament=563827","Jefferson City, MO"
"1540","Capital City High School","Volleyball Girls","57","Varsity","10/8","6:00 pm","","Smith-Cotton","away","https://www.mshsaa.org/MySchool/Schedule.aspx?s=1540&alg=57","https://www.mshsaa.org/MySchool/Matchup.aspx?s=1540&alg=57&comp=2641606","2010 Tiger Pride Blvd, Sedalia, MO 65301-8503"
"53","Centralia High School","Softball Fall Season","38","Varsity","10/8","5:00 pm","","Palmyra","home","https://www.mshsaa.org/MySchool/Schedule.aspx?s=53&alg=38","https://www.mshsaa.org/MySchool/Matchup.aspx?s=53&alg=38&comp=2621772","849 S Jefferson St, Centralia, MO 65240-1605"
"1099","Christian Fellowship","Soccer Boys","33","Varsity","10/8","6:30 pm","","Mexico","home","https://www.mshsaa.org/MySchool/Schedule.aspx?s=1099&alg=33","https://www.mshsaa.org/MySchool/Matchup.aspx?s=1099&alg=33&comp=2722576","4600 Christian Fellowship Rd, Columbia, MO 65203"
"1099","Christian Fellowship","Softball Fall Season","38","Varsity","10/8","5:00 pm","","California","home","https://www.mshsaa.org/MySchool/Schedule.aspx?s=1099&alg=38","https://www.mshsaa.org/MySchool/Matchup.aspx?s=1099&alg=38&comp=2633022","421 E Hwy 124, Hallsville, MO 65255-9346"
"1099","Christian Fellowship","Swimming and Diving Boys","44","Varsity","10/8","","","Jefferson City Invitational","tournament","https://www.mshsaa.org/MySchool/Schedule.aspx?s=1099&alg=44","https://www.mshsaa.org/MySchool/Tournament.aspx?s=1099&alg=44&tournament=594247",""
"566","Columbia Independent","Swimming and Diving Boys","44","Varsity","10/8","","","Jefferson City Invitational","tournament","https://www.mshsaa.org/MySchool/Schedule.aspx?s=566&alg=44","https://www.mshsaa.org/MySchool/Tournament.aspx?s=566&alg=44&tournament=594247",""
"566","Columbia Independent","Volleyball Girls","57","Varsity","10/8","6:00 pm","","Prairie Home","away","https://www.mshsaa.org/MySchool/Schedule.aspx?s=566&alg=57","https://www.mshsaa.org/MySchool/Matchup.aspx?s=566&alg=57&comp=2696501","301 Hwy. 87, Prairie Home, MO 65068"
"278","Eldon High School","Cross Country Boys","11","Varsity","10/8","TBD","","Buffalo","away","https://www.mshsaa.org/MySchool/Schedule.aspx?s=278&alg=11","https://www.mshsaa.org/MySchool/Matchup.aspx?s=278&alg=11&comp=2789058","500 W Main, Buffalo, MO 65622-7565"
"278","Eldon High School","Softball Fall Season","38","Varsity","10/8","5:00 pm","","Boonville","away","https://www.mshsaa.org/MySchool/Schedule.aspx?s=278&alg=38","https://www.mshsaa.org/MySchool/Matchup.aspx?s=278&alg=38&comp=2628683","1 Pirate Dr., Boonville, MO 65233-2740"
"278","Eldon High School","Volleyball Girls","57","Varsity","10/8","7:00 pm","","Versailles","home","https://www.mshsaa.org/MySchool/Schedule.aspx?s=278&alg=57","https://www.mshsaa.org/MySchool/Matchup.aspx?s=278&alg=57&comp=2623030","112 S Pine St, Eldon, MO 65026-1594"
"917","Father Tolton","Soccer Boys","33","Varsity","10/8","6:30 pm","","Sunnydale Adventist Acad HS","home","https://www.mshsaa.org/MySchool/Schedule.aspx?s=917&alg=33","https://www.mshsaa.org/MySchool/Matchup.aspx?s=917&alg=33&comp=2666844","3351 E Gans Road, Columbia, MO 65201"
"917","Father Tolton","Softball Fall Season","38","Varsity","10/8","5:00 pm","","Helias Catholic","away","https://www.mshsaa.org/MySchool/Schedule.aspx?s=917&alg=38","https://www.mshsaa.org/MySchool/Matchup.aspx?s=917&alg=38&comp=2680785","1305 Swifts Hwy, Jefferson City, MO 65109-2595"
"294","Fayette High School","Softball Fall Season","38","Varsity","10/8","5:00 pm","","Glasgow","home","https://www.mshsaa.org/MySchool/Schedule.aspx?s=294&alg=38","https://www.mshsaa.org/MySchool/Matchup.aspx?s=294&alg=38&comp=2635055","510 N. Cleveland St., Fayette, MO 65248-1596"
"80","Fulton High School","Softball Fall Season","38","Varsity","10/8","5:00 pm","","Mexico","away","https://www.mshsaa.org/MySchool/Schedule.aspx?s=80&alg=38","https://www.mshsaa.org/MySchool/Matchup.aspx?s=80&alg=38&comp=2635718","639 N Wade, Mexico, MO 65265-1899"
"80","Fulton High School","Volleyball Girls","57","Varsity","10/8","7:00 pm","","California","home","https://www.mshsaa.org/MySchool/Schedule.aspx?s=80&alg=57","https://www.mshsaa.org/MySchool/Matchup.aspx?s=80&alg=57&comp=2645625","#1 Hornet Drive, Fulton, MO 65251-2729"
"302","Glasgow High School","Softball Fall Season","38","Varsity","10/8","5:00 pm","","Fayette","away","https://www.mshsaa.org/MySchool/Schedule.aspx?s=302&alg=38","https://www.mshsaa.org/MySchool/Matchup.aspx?s=302&alg=38&comp=2646405","510 N. Cleveland St., Fayette, MO 65248-1596"
"311","Hallsville High School","Soccer Boys","33","Varsity","10/8","6:30 pm","","Mexico","home","https://www.mshsaa.org/MySchool/Schedule.aspx?s=311&alg=33","https://www.mshsaa.org/MySchool/Matchup.aspx?s=311&alg=33&comp=2722576","4600 Christian Fellowship Rd, Columbia, MO 65203"
"311","Hallsville High School","Softball Fall Season","38","Varsity","10/8","5:00 pm","","California","home","https://www.mshsaa.org/MySchool/Schedule.aspx?s=311&alg=38","https://www.mshsaa.org/MySchool/Matchup.aspx?s=311&alg=38&comp=2633022","421 E Hwy 124, Hallsville, MO 65255-9346"
"311","Hallsville High School","Volleyball Girls","57","Varsity","10/8","6:30 pm","","Osage","home","https://www.mshsaa.org/MySchool/Schedule.aspx?s=311&alg=57","https://www.mshsaa.org/MySchool/Matchup.aspx?s=311&alg=57&comp=2638640","421 E Hwy 124, Hallsville, MO 65255-9346"
"313","Harrisburg High School","Softball Fall Season","38","Varsity","10/8","5:00 pm","","Northeast (Cairo)","home","https://www.mshsaa.org/MySchool/Schedule.aspx?s=313&alg=38","https://www.mshsaa.org/MySchool/Matchup.aspx?s=313&alg=38&comp=2615651","801 S Harris St, Harrisburg, MO 65256-9542"
"522","Helias High School","Soccer Boys","33","Varsity","10/8","7:00 pm","","Marshall","home","https://www.mshsaa.org/MySchool/Schedule.aspx?s=522&alg=33","https://www.mshsaa.org/MySchool/Matchup.aspx?s=522&alg=33&comp=2637699","1305 Swifts Hwy, Jefferson City, MO 65109-2595"
"522","Helias High School","Softball Fall Season","38","Varsity","10/8","5:00 pm","","Father Tolton","home","https://www.mshsaa.org/MySchool/Schedule.aspx?s=522&alg=38","https://www.mshsaa.org/MySchool/Matchup.aspx?s=522&alg=38&comp=2680074","1305 Swifts Hwy, Jefferson City, MO 65109-2595"
"85","Hickman High School","Swimming and Diving Boys","44","Varsity","10/8","5:00 pm","","Jefferson City","away","https://www.mshsaa.org/MySchool/Schedule.aspx?s=85&alg=44","https://www.mshsaa.org/MySchool/Matchup.aspx?s=85&alg=44&comp=2773617","609 Union St, Jefferson City, MO 65101-2898"
"85","Hickman High School","Volleyball Girls","57","Varsity","10/8","7:00 pm","","Blair Oaks","home","https://www.mshsaa.org/MySchool/Schedule.aspx?s=85&alg=57","https://www.mshsaa.org/MySchool/Matchup.aspx?s=85&alg=57&comp=2749136","1104 N Providence Rd, Columbia, MO 65203-4398"
"84","Jefferson City High School","Swimming and Diving Boys","44","Varsity","10/8","5:00 pm","","Hickman","home","https://www.mshsaa.org/MySchool/Schedule.aspx?s=84&alg=44","https://www.mshsaa.org/MySchool/Matchup.aspx?s=84&alg=44&comp=2781048","609 Union St, Jefferson City, MO 65101-2898"
"360","Marshall High School","Soccer Boys","33","Varsity","10/8","7:00 pm","","Helias Catholic","away","https://www.mshsaa.org/MySchool/Schedule.aspx?s=360&alg=33","https://www.mshsaa.org/MySchool/Matchup.aspx?s=360&alg=33&comp=2638268","1305 Swifts Hwy, Jefferson City, MO 65109-2595"
"360","Marshall High School","Softball Fall Season","38","Varsity","10/8","5:00 pm","","Moberly","away","https://www.mshsaa.org/MySchool/Schedule.aspx?s=360&alg=38","https://www.mshsaa.org/MySchool/Matchup.aspx?s=360&alg=38&comp=2650350","1625 Gratz Brown, Moberly, MO 65270-1904"
"360","Marshall High School","Swimming and Diving Boys","44","Varsity","10/8","","","Jeff City","tournament","https://www.mshsaa.org/MySchool/Schedule.aspx?s=360&alg=44","https://www.mshsaa.org/MySchool/Tournament.aspx?s=360&alg=44&tournament=592975","Jefferson City, MO"
"360","Marshall High School","Volleyball Girls","57","Varsity","10/8","6:30 pm","","Boonville","home","https://www.mshsaa.org/MySchool/Schedule.aspx?s=360&alg=57","https://www.mshsaa.org/MySchool/Matchup.aspx?s=360&alg=57&comp=2661613","805 S Miami, Marshall, MO 65340-2499"
"128","Mexico High School","Soccer Boys","33","Varsity","10/8","5:00 pm","","Christian Fellowship Sr. with Hallsville","away","https://www.mshsaa.org/MySchool/Schedule.aspx?s=128&alg=33","https://www.mshsaa.org/MySchool/Matchup.aspx?s=128&alg=33&comp=2722590","4600 Christian Fellowship Rd, Columbia, MO 65203"
"128","Mexico High School","Softball Fall Season","38","Varsity","10/8","5:00 pm","","Fulton","home","https://www.mshsaa.org/MySchool/Schedule.aspx?s=128&alg=38","https://www.mshsaa.org/MySchool/Matchup.aspx?s=128&alg=38&comp=2663206","639 N Wade, Mexico, MO 65265-1899"
"128","Mexico High School","Volleyball Girls","57","Varsity","10/8","7:00 pm","","Southern Boone","away","https://www.mshsaa.org/MySchool/Schedule.aspx?s=128&alg=57","https://www.mshsaa.org/MySchool/Matchup.aspx?s=128&alg=57&comp=2652139","14520 Crump Lane, Ashland, MO 65010-9464"
"569","Missouri Military Academy","Soccer Boys","33","Varsity","10/8","5:00 pm","","Canton","home","https://www.mshsaa.org/MySchool/Schedule.aspx?s=569&alg=33","https://www.mshsaa.org/MySchool/Matchup.aspx?s=569&alg=33&comp=2751338","204 N Grand St, Mexico, MO 65265-3090"
"132","Moberly High School","Soccer Boys","33","Varsity","10/8","6:45 pm","","Kirksville (JV)","away","https://www.mshsaa.org/MySchool/Schedule.aspx?s=132&alg=33","https://www.mshsaa.org/MySchool/Matchup.aspx?s=132&alg=33&comp=2685473","1300 S Cottage Grove, Kirksville, MO 63501-3998"
"132","Moberly High School","Softball Fall Season","38","Varsity","10/8","5:00 pm","","Marshall","home","https://www.mshsaa.org/MySchool/Schedule.aspx?s=132&alg=38","https://www.mshsaa.org/MySchool/Matchup.aspx?s=132&alg=38&comp=2756861","1625 Gratz Brown Street, Moberly, MO 65270"
"139","North Callaway High School","Softball Fall Season","38","Varsity","10/8","5:00 pm","","Bowling Green","away","https://www.mshsaa.org/MySchool/Schedule.aspx?s=139&alg=38","https://www.mshsaa.org/MySchool/Matchup.aspx?s=139&alg=38&comp=2614167","700 W Adams Street, Bowling Green, MO 63334-2033"
"139","North Callaway High School","Volleyball Girls","57","Varsity","10/8","6:00 pm","","New Bloomfield","away","https://www.mshsaa.org/MySchool/Schedule.aspx?s=139&alg=57","https://www.mshsaa.org/MySchool/Matchup.aspx?s=139&alg=57&comp=2615043","307 Redwood Dr, New Bloomfield, MO 65063"
"152","Osage High School","Soccer Boys","33","Varsity","10/8","6:45 pm","","Crocker","home","https://www.mshsaa.org/MySchool/Schedule.aspx?s=152&alg=33","https://www.mshsaa.org/MySchool/Matchup.aspx?s=152&alg=33&comp=2705851","636 Hwy 42, Osage Beach, MO 65065-5301"
"152","Osage High School","Softball Fall Season","38","Varsity","10/8","5:30 pm","","Southern Boone","away","https://www.mshsaa.org/MySchool/Schedule.aspx?s=152&alg=38","https://www.mshsaa.org/MySchool/Matchup.aspx?s=152&alg=38&comp=2733938","14520 Crump Lane, Ashland, MO 65010-9464"
"152","Osage High School","Volleyball Girls","57","Varsity","10/8","6:30 pm","","Hallsville","away","https://www.mshsaa.org/MySchool/Schedule.aspx?s=152&alg=57","https://www.mshsaa.org/MySchool/Matchup.aspx?s=152&alg=57&comp=2646050","421 E Hwy 124, Hallsville, MO 65255-9346"
"578","Rock Bridge High School","Softball Fall Season","38","Varsity","10/8","5:30 pm","","Ft. Zumwalt West","home","https://www.mshsaa.org/MySchool/Schedule.aspx?s=578&alg=38","https://www.mshsaa.org/MySchool/Matchup.aspx?s=578&alg=38&comp=2732493","4303 S Providence Rd, Columbia, MO 65203-7198"
"578","Rock Bridge High School","Volleyball Girls","57","Varsity","10/8","6:00 pm","","Hannibal","home","https://www.mshsaa.org/MySchool/Schedule.aspx?s=578&alg=57","https://www.mshsaa.org/MySchool/Matchup.aspx?s=578&alg=57&comp=2648868","4303 S Providence Rd, Columbia, MO 65203-7198"
"430","Russellville High School","Softball Fall Season","38","Varsity","10/8","5:00 pm","","Pilot Grove","home","https://www.mshsaa.org/MySchool/Schedule.aspx?s=430&alg=38","https://www.mshsaa.org/MySchool/Matchup.aspx?s=430&alg=38&comp=2616314","13600 Rte C, Russellville, MO 65074"
"430","Russellville High School","Volleyball Girls","57","Varsity","10/8","7:15 pm","","Linn","away","https://www.mshsaa.org/MySchool/Schedule.aspx?s=430&alg=57","https://www.mshsaa.org/MySchool/Matchup.aspx?s=430&alg=57&comp=2612891","141 Wildcat Drive, Linn, MO 65051"
"431","Salisbury High School","Softball Fall Season","38","Varsity","10/8","5:00 pm","","Brookfield","away","https://www.mshsaa.org/MySchool/Schedule.aspx?s=431&alg=38","https://www.mshsaa.org/MySchool/Matchup.aspx?s=431&alg=38&comp=2632155","124 Pershing Rd, Brookfield, MO 64628-2731"
"194","Smith-Cotton High School","Soccer Boys","33","Varsity","10/8","6:30 pm","","William Chrisman","home","https://www.mshsaa.org/MySchool/Schedule.aspx?s=194&alg=33","https://www.mshsaa.org/MySchool/Matchup.aspx?s=194&alg=33&comp=2663093","2010 Tiger Pride Blvd, Sedalia, MO 65301-8503"
"194","Smith-Cotton High School","Swimming and Diving Boys","44","Varsity","10/8","","","Jefferson City Invite","tournament","https://www.mshsaa.org/MySchool/Schedule.aspx?s=194&alg=44","https://www.mshsaa.org/MySchool/Tournament.aspx?s=194&alg=44&tournament=596584","Jefferson City, MO"
"194","Smith-Cotton High School","Volleyball Girls","57","Varsity","10/8","6:00 pm","","Capital City","home","https://www.mshsaa.org/MySchool/Schedule.aspx?s=194&alg=57","https://www.mshsaa.org/MySchool/Matchup.aspx?s=194&alg=57&comp=2643409","2010 Tiger Pride Blvd, Sedalia, MO 65301-8503"
"197","South Callaway High School","Softball Fall Season","38","Varsity","10/8","5:00 pm","","Jamestown","away","https://www.mshsaa.org/MySchool/Schedule.aspx?s=197&alg=38","https://www.mshsaa.org/MySchool/Matchup.aspx?s=197&alg=38&comp=2724566","222 School St, Jamestown, MO 65046-0200"
"2","Southern Boone High School","Softball Fall Season","38","Varsity","10/8","5:30 pm","","Osage","home","https://www.mshsaa.org/MySchool/Schedule.aspx?s=2&alg=38","https://www.mshsaa.org/MySchool/Matchup.aspx?s=2&alg=38&comp=2733373","14520 Crump Lane, Ashland, MO 65010-9464"
"2","Southern Boone High School","Volleyball Girls","57","Varsity","10/8","7:00 pm","","Mexico","home","https://www.mshsaa.org/MySchool/Schedule.aspx?s=2&alg=57","https://www.mshsaa.org/MySchool/Matchup.aspx?s=2&alg=57&comp=2653891","14520 Crump Lane, Ashland, MO 65010-9464"
"474","Tipton High School","Volleyball Girls","57","Varsity","10/8","6:30 pm","","Eugene","away","https://www.mshsaa.org/MySchool/Schedule.aspx?s=474&alg=57","https://www.mshsaa.org/MySchool/Matchup.aspx?s=474&alg=57&comp=2656479","14803 Hwy 17, Eugene, MO 65032"
"485","Versailles High School","Cross Country Boys","11","Varsity","10/8","","","Buffalo Invitational","tournament","https://www.mshsaa.org/MySchool/Schedule.aspx?s=485&alg=11","https://www.mshsaa.org/MySchool/Tournament.aspx?s=485&alg=11&tournament=583135","Buffalo, MO"
"485","Versailles High School","Cross Country Girls","12","Varsity","10/8","","","Buffalo Invitational","tournament","https://www.mshsaa.org/MySchool/Schedule.aspx?s=485&alg=12","https://www.mshsaa.org/MySchool/Tournament.aspx?s=485&alg=12&tournament=583136","Buffalo, MO"
"485","Versailles High School","Volleyball Girls","57","Varsity","10/8","6:00 pm","","Eldon","away","https://www.mshsaa.org/MySchool/Schedule.aspx?s=485&alg=57","https://www.mshsaa.org/MySchool/Matchup.aspx?s=485&alg=57&comp=2643121","112 S Pine St, Eldon, MO 65026-1594"
"953","Battle High School","Football","19","Varsity","10/9","7:00 pm","","Rock Bridge","home","https://www.mshsaa.org/MySchool/Schedule.aspx?s=953&alg=19","https://www.mshsaa.org/MySchool/Matchup.aspx?s=953&alg=19&comp=2666896","7575 St. Charles Road, Columbia, MO 65202"
"217","Blair Oaks High School","Football","19","Varsity","10/9","7:00 pm","","Fulton","away","https://www.mshsaa.org/MySchool/Schedule.aspx?s=217&alg=19","https://www.mshsaa.org/MySchool/Matchup.aspx?s=217&alg=19&comp=2589766","#1 Hornet Drive, Fulton, MO 65251-2729"
"217","Blair Oaks High School","Golf Girls","24","Varsity","10/9","","","Class 2 District 2 Tournament","tournament","https://www.mshsaa.org/MySchool/Schedule.aspx?s=217&alg=24","https://www.mshsaa.org/Activities/DistrictResult.aspx?alg=24&class=2&district=2&year=2026",""
"16","Boonville High School","Football","19","Varsity","10/9","7:00 pm","","California","home","https://www.mshsaa.org/MySchool/Schedule.aspx?s=16&alg=19","https://www.mshsaa.org/MySchool/Matchup.aspx?s=16&alg=19&comp=2595284","1 Pirate Dr., Boonville, MO 65233-2740"
"16","Boonville High School","Golf Girls","24","Varsity","10/9","","","Class 2 District 2 Tournament","tournament","https://www.mshsaa.org/MySchool/Schedule.aspx?s=16&alg=24","https://www.mshsaa.org/Activities/DistrictResult.aspx?alg=24&class=2&district=2&year=2026",""
"582","California High School","Football","19","Varsity","10/9","7:00 pm","","Boonville","away","https://www.mshsaa.org/MySchool/Schedule.aspx?s=582&alg=19","https://www.mshsaa.org/MySchool/Matchup.aspx?s=582&alg=19&comp=2519683","1 Pirate Dr., Boonville, MO 65233-2740"
"582","California High School","Golf Girls","24","Varsity","10/9","","","Class 2 District 2 Tournament","tournament","https://www.mshsaa.org/MySchool/Schedule.aspx?s=582&alg=24","https://www.mshsaa.org/Activities/DistrictResult.aspx?alg=24&class=2&district=2&year=2026",""
"26","Camdenton High School","Football","19","Varsity","10/9","7:00 pm","","Hickman","home","https://www.mshsaa.org/MySchool/Schedule.aspx?s=26&alg=19","https://www.mshsaa.org/MySchool/Matchup.aspx?s=26&alg=19&comp=2674421","662 Laker Pride Road, Camdenton, MO 65020-1409"
"26","Camdenton High School","Soccer Boys","33","Varsity","10/9","6:30 pm","","Springfield Catholic","home","https://www.mshsaa.org/MySchool/Schedule.aspx?s=26&alg=33","https://www.mshsaa.org/MySchool/Matchup.aspx?s=26&alg=33&comp=2715179","662 Laker Pride Road, Camdenton, MO 65020-1409"
"26","Camdenton High School","Swimming and Diving Boys","44","Varsity","10/9","4:30 pm","","Central (Springfield)","away","https://www.mshsaa.org/MySchool/Schedule.aspx?s=26&alg=44","https://www.mshsaa.org/MySchool/Matchup.aspx?s=26&alg=44&comp=2788298","423 E Central St, Springfield, MO 65802-3765"
"1540","Capital City High School","Football","19","Varsity","10/9","7:00 pm","","Smith-Cotton","away","https://www.mshsaa.org/MySchool/Schedule.aspx?s=1540&alg=19","https://www.mshsaa.org/MySchool/Matchup.aspx?s=1540&alg=19&comp=2622660","2010 Tiger Pride Blvd, Sedalia, MO 65301-8503"
"53","Centralia High School","Football","19","Varsity","10/9","7:00 pm","","Clark County","away","https://www.mshsaa.org/MySchool/Schedule.aspx?s=53&alg=19","https://www.mshsaa.org/MySchool/Matchup.aspx?s=53&alg=19&comp=2584466","384 N. Jefferson St., Kahoka, MO 63445"
"53","Centralia High School","Golf Girls","24","Varsity","10/9","","","Class 2 District 2 Tournament","tournament","https://www.mshsaa.org/MySchool/Schedule.aspx?s=53&alg=24","https://www.mshsaa.org/Activities/DistrictResult.aspx?alg=24&class=2&district=2&year=2026",""
"1099","Christian Fellowship","Soccer Boys","33","Varsity","10/9","5:30 pm","","Missouri Military Academy","away","https://www.mshsaa.org/MySchool/Schedule.aspx?s=1099&alg=33","https://www.mshsaa.org/MySchool/Matchup.aspx?s=1099&alg=33&comp=2758004","204 N Grand St, Mexico, MO 65265-3090"
"278","Eldon High School","Football","19","Varsity","10/9","7:00 pm","","Southern Boone","away","https://www.mshsaa.org/MySchool/Schedule.aspx?s=278&alg=19","https://www.mshsaa.org/MySchool/Matchup.aspx?s=278&alg=19&comp=2628611","14520 Crump Lane, Ashland, MO 65010-9464"
"278","Eldon High School","Golf Girls","24","Varsity","10/9","","","Class 2 District 2 Tournament","tournament","https://www.mshsaa.org/MySchool/Schedule.aspx?s=278&alg=24","https://www.mshsaa.org/Activities/DistrictResult.aspx?alg=24&class=2&district=2&year=2026",""
"917","Father Tolton","Football","19","Varsity","10/9","7:00 pm","","Marshall","away","https://www.mshsaa.org/MySchool/Schedule.aspx?s=917&alg=19","https://www.mshsaa.org/MySchool/Matchup.aspx?s=917&alg=19&comp=2571350","805 S Miami, Marshall, MO 65340-2499"
"917","Father Tolton","Golf Girls","24","Varsity","10/9","","","Class 2 District 2 Tournament","tournament","https://www.mshsaa.org/MySchool/Schedule.aspx?s=917&alg=24","https://www.mshsaa.org/Activities/DistrictResult.aspx?alg=24&class=2&district=2&year=2026",""
"294","Fayette High School","Football","19","Varsity","10/9","7:00 pm","","Tipton with Bunceton","home","https://www.mshsaa.org/MySchool/Schedule.aspx?s=294&alg=19","https://www.mshsaa.org/MySchool/Matchup.aspx?s=294&alg=19&comp=2662184","510 N. Cleveland St., Fayette, MO 65248-1596"
"80","Fulton High School","Football","19","Varsity","10/9","7:00 pm","","Blair Oaks","home","https://www.mshsaa.org/MySchool/Schedule.aspx?s=80&alg=19","https://www.mshsaa.org/MySchool/Matchup.aspx?s=80&alg=19&comp=2589276","#1 Hornet Drive, Fulton, MO 65251-2729"
"80","Fulton High School","Golf Girls","24","Varsity","10/9","","","Class 2 District 2 Tournament","tournament","https://www.mshsaa.org/MySchool/Schedule.aspx?s=80&alg=24","https://www.mshsaa.org/Activities/DistrictResult.aspx?alg=24&class=2&district=2&year=2026",""
"311","Hallsville High School","Football","19","Varsity","10/9","7:00 pm","","Osage","home","https://www.mshsaa.org/MySchool/Schedule.aspx?s=311&alg=19","https://www.mshsaa.org/MySchool/Matchup.aspx?s=311&alg=19&comp=2589265","421 E Hwy 124, Hallsville, MO 65255-9346"
"311","Hallsville High School","Golf Girls","24","Varsity","10/9","","","Class 2 District 2 Tournament","tournament","https://www.mshsaa.org/MySchool/Schedule.aspx?s=311&alg=24","https://www.mshsaa.org/Activities/DistrictResult.aspx?alg=24&class=2&district=2&year=2026",""
"311","Hallsville High School","Soccer Boys","33","Varsity","10/9","5:30 pm","","Missouri Military Academy","away","https://www.mshsaa.org/MySchool/Schedule.aspx?s=311&alg=33","https://www.mshsaa.org/MySchool/Matchup.aspx?s=311&alg=33&comp=2758004","204 N Grand St, Mexico, MO 65265-3090"
"313","Harrisburg High School","Football","19","Varsity","10/9","7:00 pm","","South Callaway","away","https://www.mshsaa.org/MySchool/Schedule.aspx?s=313&alg=19","https://www.mshsaa.org/MySchool/Matchup.aspx?s=313&alg=19&comp=2633497","10135 State Rd C, Mokane, MO 65059-0038"
"522","Helias High School","Football","19","Varsity","10/9","7:00 pm","","Jefferson City","away","https://www.mshsaa.org/MySchool/Schedule.aspx?s=522&alg=19","https://www.mshsaa.org/MySchool/Matchup.aspx?s=522&alg=19&comp=2627943","609 Union St, Jefferson City, MO 65101-2898"
"522","Helias High School","Golf Girls","24","Varsity","10/9","","","Class 2 District 2 Tournament","tournament","https://www.mshsaa.org/MySchool/Schedule.aspx?s=522&alg=24","https://www.mshsaa.org/Activities/DistrictResult.aspx?alg=24&class=2&district=2&year=2026",""
"522","Helias High School","Softball Fall Season","38","Varsity","10/9","4:30 pm","","Washington","away","https://www.mshsaa.org/MySchool/Schedule.aspx?s=522&alg=38","https://www.mshsaa.org/MySchool/Matchup.aspx?s=522&alg=38&comp=2698651","600 Blue Jay Dr, Washington, MO 63090-4598"
"85","Hickman High School","Football","19","Varsity","10/9","7:00 pm","","Camdenton","away","https://www.mshsaa.org/MySchool/Schedule.aspx?s=85&alg=19","https://www.mshsaa.org/MySchool/Matchup.aspx?s=85&alg=19&comp=2646531","662 Laker Pride Road, Camdenton, MO 65020-1409"
"85","Hickman High School","Soccer Boys","33","Varsity","10/9-10","","","Rock Bridge Invitational","tournament","https://www.mshsaa.org/MySchool/Schedule.aspx?s=85&alg=33","https://www.mshsaa.org/MySchool/Tournament.aspx?s=85&alg=33&tournament=558289","Columbia, MO"
"85","Hickman High School","Soccer Boys","33","Varsity","⤷ 10/9","TBD","","Pembroke Hill","tournament","https://www.mshsaa.org/MySchool/Schedule.aspx?s=85&alg=33","https://www.mshsaa.org/MySchool/Matchup.aspx?s=85&alg=33&comp=2785095","Columbia, MO"
"85","Hickman High School","Softball Fall Season","38","Varsity","10/9","5:30 pm","","Webster Groves","home","https://www.mshsaa.org/MySchool/Schedule.aspx?s=85&alg=38","https://www.mshsaa.org/MySchool/Matchup.aspx?s=85&alg=38&comp=2710695","1104 N. Providence Rd., Columbia, MO 65203"
"317","Higbee High School","Baseball Fall Season","66","Varsity","10/9","6:30 pm","","Bevier","home","https://www.mshsaa.org/MySchool/Schedule.aspx?s=317&alg=66","https://www.mshsaa.org/MySchool/Matchup.aspx?s=317&alg=66&comp=2626891","101 Evans, Higbee, MO 65257"
"317","Higbee High School","Softball Fall Season","38","Varsity","10/9","5:00 pm","","Bevier","home","https://www.mshsaa.org/MySchool/Schedule.aspx?s=317&alg=38","https://www.mshsaa.org/MySchool/Matchup.aspx?s=317&alg=38&comp=2626911","101 Evans, Higbee, MO 65257"
"84","Jefferson City High School","Football","19","Varsity","10/9","7:00 pm","","Helias Catholic","home","https://www.mshsaa.org/MySchool/Schedule.aspx?s=84&alg=19","https://www.mshsaa.org/MySchool/Matchup.aspx?s=84&alg=19&comp=2560885","609 Union St, Jefferson City, MO 65101-2898"
"84","Jefferson City High School","Volleyball Girls","57","Varsity","10/9-10","","","Grand Slam Tournament","tournament","https://www.mshsaa.org/MySchool/Schedule.aspx?s=84&alg=57","https://www.mshsaa.org/MySchool/Tournament.aspx?s=84&alg=57&tournament=551668","Ozark, MO"
"360","Marshall High School","Football","19","Varsity","10/9","7:00 pm","","Father Tolton","home","https://www.mshsaa.org/MySchool/Schedule.aspx?s=360&alg=19","https://www.mshsaa.org/MySchool/Matchup.aspx?s=360&alg=19&comp=2598837","805 South Miami, Marshall, MO 65340"
"128","Mexico High School","Football","19","Varsity","10/9","7:00 pm","","Rolla","home","https://www.mshsaa.org/MySchool/Schedule.aspx?s=128&alg=19","https://www.mshsaa.org/MySchool/Matchup.aspx?s=128&alg=19&comp=2582722","639 N Wade, Mexico, MO 65265-1899"
"569","Missouri Military Academy","Football","19","Varsity","10/9","7:00 pm","","Cole Camp","away","https://www.mshsaa.org/MySchool/Schedule.aspx?s=569&alg=19","https://www.mshsaa.org/MySchool/Matchup.aspx?s=569&alg=19&comp=2722357","500 S Keeney, Cole Camp, MO 65325-1059"
"569","Missouri Military Academy","Soccer Boys","33","Varsity","10/9","5:30 pm","","Christian Fellowship Sr. with Hallsville","home","https://www.mshsaa.org/MySchool/Schedule.aspx?s=569&alg=33","https://www.mshsaa.org/MySchool/Matchup.aspx?s=569&alg=33&comp=2754046","204 N Grand St, Mexico, MO 65265-3090"
"569","Missouri Military Academy","Swimming and Diving Boys","44","Varsity","10/9","5:00 pm","","St. Francis Borgia","home","https://www.mshsaa.org/MySchool/Schedule.aspx?s=569&alg=44","https://www.mshsaa.org/MySchool/Matchup.aspx?s=569&alg=44&comp=2753269","204 N Grand St, Mexico, MO 65265-3090"
"132","Moberly High School","Football","19","Varsity","10/9","7:00 pm","","Kirksville","home","https://www.mshsaa.org/MySchool/Schedule.aspx?s=132&alg=19","https://www.mshsaa.org/MySchool/Matchup.aspx?s=132&alg=19&comp=2514068","1625 Gratz Brown, Moberly, MO 65270-1904"
"132","Moberly High School","Golf Girls","24","Varsity","10/9","","","Class 2 District 2 Tournament","tournament","https://www.mshsaa.org/MySchool/Schedule.aspx?s=132&alg=24","https://www.mshsaa.org/Activities/DistrictResult.aspx?alg=24&class=2&district=2&year=2026",""
"139","North Callaway High School","Football","19","Varsity","10/9","7:00 pm","","Mark Twain","away","https://www.mshsaa.org/MySchool/Schedule.aspx?s=139&alg=19","https://www.mshsaa.org/MySchool/Matchup.aspx?s=139&alg=19&comp=2591222","21622 Hwy 19, Center, MO 63436-9648"
"152","Osage High School","Football","19","Varsity","10/9","7:00 pm","","Hallsville","away","https://www.mshsaa.org/MySchool/Schedule.aspx?s=152&alg=19","https://www.mshsaa.org/MySchool/Matchup.aspx?s=152&alg=19&comp=2518999","421 E Hwy 124, Hallsville, MO 65255-9346"
"152","Osage High School","Golf Girls","24","Varsity","10/9","","","Class 2 District 2 Tournament","tournament","https://www.mshsaa.org/MySchool/Schedule.aspx?s=152&alg=24","https://www.mshsaa.org/Activities/DistrictResult.aspx?alg=24&class=2&district=2&year=2026",""
"578","Rock Bridge High School","Football","19","Varsity","10/9","7:00 pm","","Battle","away","https://www.mshsaa.org/MySchool/Schedule.aspx?s=578&alg=19","https://www.mshsaa.org/MySchool/Matchup.aspx?s=578&alg=19&comp=2683321","7575 St. Charles Road, Columbia, MO 65202"
"578","Rock Bridge High School","Soccer Boys","33","Varsity","10/9-10","","","Rock Bridge Invitational","tournament","https://www.mshsaa.org/MySchool/Schedule.aspx?s=578&alg=33","https://www.mshsaa.org/MySchool/Tournament.aspx?s=578&alg=33&tournament=579134","4303 South Providence Road Columbia, MO 65203"
"578","Rock Bridge High School","Soccer Boys","33","Varsity","⤷ 10/9","TBD","","Ozark","tournament","https://www.mshsaa.org/MySchool/Schedule.aspx?s=578&alg=33","https://www.mshsaa.org/MySchool/Matchup.aspx?s=578&alg=33&comp=2793218","Columbia, MO"
"430","Russellville High School","Football","19","Varsity","10/9","7:00 pm","","Linn","home","https://www.mshsaa.org/MySchool/Schedule.aspx?s=430&alg=19","https://www.mshsaa.org/MySchool/Matchup.aspx?s=430&alg=19&comp=2633144","13600 Hwy C, Russellville, MO 65074"
"431","Salisbury High School","Football","19","Varsity","10/9","7:00 pm","","Scotland County","home","https://www.mshsaa.org/MySchool/Schedule.aspx?s=431&alg=19","https://www.mshsaa.org/MySchool/Matchup.aspx?s=431&alg=19&comp=2675308","1000 S Maple Ave, Salisbury, MO 65281"
"194","Smith-Cotton High School","Football","19","Varsity","10/9","7:00 pm","","Capital City","home","https://www.mshsaa.org/MySchool/Schedule.aspx?s=194&alg=19","https://www.mshsaa.org/MySchool/Matchup.aspx?s=194&alg=19&comp=2669262","2010 Tiger Pride Blvd, Sedalia, MO 65301-8503"
"194","Smith-Cotton High School","Softball Fall Season","38","Varsity","10/9-10","","","FCNB Rolla Softball Invitational","tournament","https://www.mshsaa.org/MySchool/Schedule.aspx?s=194&alg=38","https://www.mshsaa.org/MySchool/Tournament.aspx?s=194&alg=38&tournament=551147","Rolla, MO"
"197","South Callaway High School","Football","19","Varsity","10/9","7:00 pm","","Harrisburg","home","https://www.mshsaa.org/MySchool/Schedule.aspx?s=197&alg=19","https://www.mshsaa.org/MySchool/Matchup.aspx?s=197&alg=19&comp=2639307","10135 State Rd C, Mokane, MO 65059-0038"
"2","Southern Boone High School","Football","19","Varsity","10/9","7:00 pm","","Eldon","home","https://www.mshsaa.org/MySchool/Schedule.aspx?s=2&alg=19","https://www.mshsaa.org/MySchool/Matchup.aspx?s=2&alg=19&comp=2599047","14520 Crump Lane, Ashland, MO 65010-9464"
"2","Southern Boone High School","Golf Girls","24","Varsity","10/9","","","Class 2 District 2 Tournament","tournament","https://www.mshsaa.org/MySchool/Schedule.aspx?s=2&alg=24","https://www.mshsaa.org/Activities/DistrictResult.aspx?alg=24&class=2&district=2&year=2026",""
"474","Tipton High School","Football","19","Varsity","10/9","7:00 pm","","Fayette","away","https://www.mshsaa.org/MySchool/Schedule.aspx?s=474&alg=19","https://www.mshsaa.org/MySchool/Matchup.aspx?s=474&alg=19&comp=2633266","510 N. Cleveland St., Fayette, MO 65248-1596"
"485","Versailles High School","Football","19","Varsity","10/9","7:00 pm","","El Dorado Springs","away","https://www.mshsaa.org/MySchool/Schedule.aspx?s=485&alg=19","https://www.mshsaa.org/MySchool/Matchup.aspx?s=485&alg=19&comp=2495084","901 S Grand, El Dorado Springs, MO 64744-1903"
"485","Versailles High School","Golf Girls","24","Varsity","10/9","","","Class 2 District 2 Tournament","tournament","https://www.mshsaa.org/MySchool/Schedule.aspx?s=485&alg=24","https://www.mshsaa.org/Activities/DistrictResult.aspx?alg=24&class=2&district=2&year=2026",""
"953","Battle High School","Soccer Boys","33","Varsity","10/10","12:30 pm","","Marshall","away","https://www.mshsaa.org/MySchool/Schedule.aspx?s=953&alg=33","https://www.mshsaa.org/MySchool/Matchup.aspx?s=953&alg=33&comp=2767057","805 S Miami, Marshall, MO 65340-2499"
"953","Battle High School","Volleyball Girls","57","Varsity","10/10","","","Lebanon Pinkfest Tournament","tournament","https://www.mshsaa.org/MySchool/Schedule.aspx?s=953&alg=57","https://www.mshsaa.org/MySchool/Tournament.aspx?s=953&alg=57&tournament=587218","Lebanon, MO"
"16","Boonville High School","Volleyball Girls","57","Varsity","10/10","","","42nd Annual Eldon Tournament","tournament","https://www.mshsaa.org/MySchool/Schedule.aspx?s=16&alg=57","https://www.mshsaa.org/MySchool/Tournament.aspx?s=16&alg=57&tournament=583929","Eldon, MO"
"582","California High School","Cross Country Boys","11","Varsity","10/10","","","Capital City Cross Country Invitational","tournament","https://www.mshsaa.org/MySchool/Schedule.aspx?s=582&alg=11","https://www.mshsaa.org/MySchool/Tournament.aspx?s=582&alg=11&tournament=544409","Jefferson City, MO"
"26","Camdenton High School","Cross Country Boys","11","Varsity","10/10","","","Clinton","tournament","https://www.mshsaa.org/MySchool/Schedule.aspx?s=26&alg=11","https://www.mshsaa.org/MySchool/Tournament.aspx?s=26&alg=11&tournament=593813","Clinton, MO"
"26","Camdenton High School","Cross Country Girls","12","Varsity","10/10","","","Clinton","tournament","https://www.mshsaa.org/MySchool/Schedule.aspx?s=26&alg=12","https://www.mshsaa.org/MySchool/Tournament.aspx?s=26&alg=12&tournament=578934","Clinton, MO"
"1540","Capital City High School","Cross Country Boys","11","Varsity","10/10","8:30 am","","Capital City Cross Country Invitational","tournament","https://www.mshsaa.org/MySchool/Schedule.aspx?s=1540&alg=11","https://www.mshsaa.org/MySchool/Tournament.aspx?s=1540&alg=11&tournament=572811","Jefferson City, MO"
"1540","Capital City High School","Cross Country Girls","12","Varsity","10/10","8:30 am","","Capital City Cross Country Invitational","tournament","https://www.mshsaa.org/MySchool/Schedule.aspx?s=1540&alg=12","https://www.mshsaa.org/MySchool/Tournament.aspx?s=1540&alg=12&tournament=572819","Jefferson City, MO"
"1540","Capital City High School","Soccer Boys","33","Varsity","10/10","9:00 am","","Father Tolton","home","https://www.mshsaa.org/MySchool/Schedule.aspx?s=1540&alg=33","https://www.mshsaa.org/MySchool/Matchup.aspx?s=1540&alg=33&comp=2668205","2610 Mission Drive, Jefferson City, MO 65109"
"1099","Christian Fellowship","Cross Country Boys","11","Varsity","10/10","","","Brian T. Simpson Invite","tournament","https://www.mshsaa.org/MySchool/Schedule.aspx?s=1099&alg=11","https://www.mshsaa.org/MySchool/Tournament.aspx?s=1099&alg=11&tournament=586803","Harrisburg, MO"
"1099","Christian Fellowship","Cross Country Girls","12","Varsity","10/10","","","Brian T. Simpson Invite","tournament","https://www.mshsaa.org/MySchool/Schedule.aspx?s=1099&alg=12","https://www.mshsaa.org/MySchool/Tournament.aspx?s=1099&alg=12&tournament=586802","Harrisburg, MO"
"566","Columbia Independent","Cross Country Boys","11","Varsity","10/10","","","Capital City Invitational","tournament","https://www.mshsaa.org/MySchool/Schedule.aspx?s=566&alg=11","https://www.mshsaa.org/MySchool/Tournament.aspx?s=566&alg=11&tournament=594223",""
"566","Columbia Independent","Cross Country Girls","12","Varsity","10/10","","","Capital City Invitational","tournament","https://www.mshsaa.org/MySchool/Schedule.aspx?s=566&alg=12","https://www.mshsaa.org/MySchool/Tournament.aspx?s=566&alg=12&tournament=594229",""
"566","Columbia Independent","Soccer Boys","33","Varsity","10/10","12:30 pm","","Marshall","away","https://www.mshsaa.org/MySchool/Schedule.aspx?s=566&alg=33","https://www.mshsaa.org/MySchool/Matchup.aspx?s=566&alg=33&comp=2767057","805 S Miami, Marshall, MO 65340-2499"
"278","Eldon High School","Cross Country Girls","12","Varsity","10/10","","","Capital City Cross Country Invitational","tournament","https://www.mshsaa.org/MySchool/Schedule.aspx?s=278&alg=12","https://www.mshsaa.org/MySchool/Tournament.aspx?s=278&alg=12&tournament=544995","Jefferson City, MO"
"278","Eldon High School","Volleyball Girls","57","Varsity","10/10","","","42nd Annual Eldon Tournament","tournament","https://www.mshsaa.org/MySchool/Schedule.aspx?s=278&alg=57","https://www.mshsaa.org/MySchool/Tournament.aspx?s=278&alg=57&tournament=543788","Eldon, MO"
"917","Father Tolton","Soccer Boys","33","Varsity","10/10","11:00 am","","Capital City","away","https://www.mshsaa.org/MySchool/Schedule.aspx?s=917&alg=33","https://www.mshsaa.org/MySchool/Matchup.aspx?s=917&alg=33&comp=2668980","1650 Cavalier Drive, Jefferson City, MO 65109"
"294","Fayette High School","Cross Country Boys","11","Varsity","10/10","","","Brian T. Simpson Invite","tournament","https://www.mshsaa.org/MySchool/Schedule.aspx?s=294&alg=11","https://www.mshsaa.org/MySchool/Tournament.aspx?s=294&alg=11&tournament=590175","Harrisburg, MO"
"80","Fulton High School","Volleyball Girls","57","Varsity","10/10","","","42nd Annual Eldon Tournament","tournament","https://www.mshsaa.org/MySchool/Schedule.aspx?s=80&alg=57","https://www.mshsaa.org/MySchool/Tournament.aspx?s=80&alg=57&tournament=548113","Eldon, MO"
"302","Glasgow High School","Cross Country Boys","11","Varsity","10/10","","","Brian T. Simpson Invite","tournament","https://www.mshsaa.org/MySchool/Schedule.aspx?s=302&alg=11","https://www.mshsaa.org/MySchool/Tournament.aspx?s=302&alg=11&tournament=586729","Harrisburg, MO"
"302","Glasgow High School","Cross Country Girls","12","Varsity","10/10","","","Brian T. Simpson Invite","tournament","https://www.mshsaa.org/MySchool/Schedule.aspx?s=302&alg=12","https://www.mshsaa.org/MySchool/Tournament.aspx?s=302&alg=12&tournament=586728","Harrisburg, MO"
"313","Harrisburg High School","Cross Country Boys","11","Varsity","10/10","","","Brian T. Simpson Invite","tournament","https://www.mshsaa.org/MySchool/Schedule.aspx?s=313&alg=11","https://www.mshsaa.org/MySchool/Tournament.aspx?s=313&alg=11&tournament=580833","Harrisburg, MO"
"313","Harrisburg High School","Cross Country Girls","12","Varsity","10/10","","","Brian T. Simpson Invite","tournament","https://www.mshsaa.org/MySchool/Schedule.aspx?s=313&alg=12","https://www.mshsaa.org/MySchool/Tournament.aspx?s=313&alg=12&tournament=580840","Harrisburg, MO"
"313","Harrisburg High School","Softball Fall Season","38","Varsity","10/10","5:00 pm","","Southern Boone","home","https://www.mshsaa.org/MySchool/Schedule.aspx?s=313&alg=38","https://www.mshsaa.org/MySchool/Matchup.aspx?s=313&alg=38&comp=2665560","801 S. Harris St., Harrisburg, MO 65256"
"313","Harrisburg High School","Softball Fall Season","38","Varsity","10/10","1:00 pm","","Webster Groves","home","https://www.mshsaa.org/MySchool/Schedule.aspx?s=313&alg=38","https://www.mshsaa.org/MySchool/Matchup.aspx?s=313&alg=38&comp=2772397","801 S. Harris St., Harrisburg, MO 65256"
"522","Helias High School","Cross Country Boys","11","Varsity","10/10","8:00 am","","Capital City Cross Country Invitational","tournament","https://www.mshsaa.org/MySchool/Schedule.aspx?s=522&alg=11","https://www.mshsaa.org/MySchool/Tournament.aspx?s=522&alg=11&tournament=544815",""
"522","Helias High School","Cross Country Girls","12","Varsity","10/10","8:00 am","","Capital City Cross Country Invitational","tournament","https://www.mshsaa.org/MySchool/Schedule.aspx?s=522&alg=12","https://www.mshsaa.org/MySchool/Tournament.aspx?s=522&alg=12&tournament=544824",""
"85","Hickman High School","Cross Country Boys","11","Varsity","10/10","","","Kearney Invitational","tournament","https://www.mshsaa.org/MySchool/Schedule.aspx?s=85&alg=11","https://www.mshsaa.org/MySchool/Tournament.aspx?s=85&alg=11&tournament=587514",""
"85","Hickman High School","Cross Country Girls","12","Varsity","10/10","","","Kearney Invitational","tournament","https://www.mshsaa.org/MySchool/Schedule.aspx?s=85&alg=12","https://www.mshsaa.org/MySchool/Tournament.aspx?s=85&alg=12&tournament=587601",""
"85","Hickman High School","Soccer Boys","33","Varsity","⤷ 10/10","TBD","","Ozark","tournament","https://www.mshsaa.org/MySchool/Schedule.aspx?s=85&alg=33","https://www.mshsaa.org/MySchool/Matchup.aspx?s=85&alg=33&comp=2785097","Columbia, MO"
"85","Hickman High School","Volleyball Girls","57","Varsity","10/10","","","Lebanon Pinkfest Tournament","tournament","https://www.mshsaa.org/MySchool/Schedule.aspx?s=85&alg=57","https://www.mshsaa.org/MySchool/Tournament.aspx?s=85&alg=57&tournament=570015","Lebanon, MO"
"317","Higbee High School","Baseball Fall Season","66","Varsity","10/10","12:00 pm","","Sturgeon","home","https://www.mshsaa.org/MySchool/Schedule.aspx?s=317&alg=66","https://www.mshsaa.org/MySchool/Matchup.aspx?s=317&alg=66&comp=2626892","101 Evans, Higbee, MO 65257"
"317","Higbee High School","Softball Fall Season","38","Varsity","10/10","10:00 am","","Sturgeon","home","https://www.mshsaa.org/MySchool/Schedule.aspx?s=317&alg=38","https://www.mshsaa.org/MySchool/Matchup.aspx?s=317&alg=38&comp=2626912","101 Evans, Higbee, MO 65257"
"84","Jefferson City High School","Cross Country Boys","11","Varsity","10/10","","","Capital City Cross Country Invitational","tournament","https://www.mshsaa.org/MySchool/Schedule.aspx?s=84&alg=11","https://www.mshsaa.org/MySchool/Tournament.aspx?s=84&alg=11&tournament=540380","Jefferson City, MO"
"84","Jefferson City High School","Cross Country Girls","12","Varsity","10/10","","","Capital City Cross Country Invitational","tournament","https://www.mshsaa.org/MySchool/Schedule.aspx?s=84&alg=12","https://www.mshsaa.org/MySchool/Tournament.aspx?s=84&alg=12&tournament=566508","Jefferson City, MO"
"360","Marshall High School","Cross Country Boys","11","Varsity","10/10","4:00 pm","","Lexington","home","https://www.mshsaa.org/MySchool/Schedule.aspx?s=360&alg=11","https://www.mshsaa.org/MySchool/Matchup.aspx?s=360&alg=11&comp=2693588","805 S Miami, Marshall, MO 65340-2499"
"360","Marshall High School","Cross Country Girls","12","Varsity","10/10","TBD","","Lexington","home","https://www.mshsaa.org/MySchool/Schedule.aspx?s=360&alg=12","https://www.mshsaa.org/MySchool/Matchup.aspx?s=360&alg=12&comp=2693588","805 S Miami, Marshall, MO 65340-2499"
"360","Marshall High School","Soccer Boys","33","Varsity","10/10","12:30 pm","","Battle with Columbia Independent","home","https://www.mshsaa.org/MySchool/Schedule.aspx?s=360&alg=33","https://www.mshsaa.org/MySchool/Matchup.aspx?s=360&alg=33&comp=2661587","805 S Miami, Marshall, MO 65340-2499"
"360","Marshall High School","Softball Fall Season","38","Varsity","10/10","","","Lady Husker Softball Tournament","tournament","https://www.mshsaa.org/MySchool/Schedule.aspx?s=360&alg=38","https://www.mshsaa.org/MySchool/Tournament.aspx?s=360&alg=38&tournament=550532","Higginsville, MO"
"569","Missouri Military Academy","Cross Country Boys","11","Varsity","10/10","","","Brian T. Simpson Invite","tournament","https://www.mshsaa.org/MySchool/Schedule.aspx?s=569&alg=11","https://www.mshsaa.org/MySchool/Tournament.aspx?s=569&alg=11&tournament=586923","Harrisburg, MO"
"139","North Callaway High School","Volleyball Girls","57","Varsity","10/10","","","Belle Varsity Volleyball Tournament","tournament","https://www.mshsaa.org/MySchool/Schedule.aspx?s=139&alg=57","https://www.mshsaa.org/MySchool/Tournament.aspx?s=139&alg=57&tournament=541961",""
"578","Rock Bridge High School","Soccer Boys","33","Varsity","⤷ 10/10","TBD","","Pembroke Hill","tournament","https://www.mshsaa.org/MySchool/Schedule.aspx?s=578&alg=33","https://www.mshsaa.org/MySchool/Matchup.aspx?s=578&alg=33&comp=2793213","Columbia, MO"
"578","Rock Bridge High School","Softball Fall Season","38","Varsity","10/10","2:00 pm","","Kickapoo","away","https://www.mshsaa.org/MySchool/Schedule.aspx?s=578&alg=38","https://www.mshsaa.org/MySchool/Matchup.aspx?s=578&alg=38&comp=2767001","Liberty, MO"
"578","Rock Bridge High School","Softball Fall Season","38","Varsity","10/10","12:00 pm","","Liberty North","away","https://www.mshsaa.org/MySchool/Schedule.aspx?s=578&alg=38","https://www.mshsaa.org/MySchool/Matchup.aspx?s=578&alg=38&comp=2767002","1000 NE 104th Street, Liberty, MO 64068"
"430","Russellville High School","Cross Country Boys","11","Varsity","10/10","","","Brian T. Simpson Invite","tournament","https://www.mshsaa.org/MySchool/Schedule.aspx?s=430&alg=11","https://www.mshsaa.org/MySchool/Tournament.aspx?s=430&alg=11&tournament=586650","Harrisburg, MO"
"430","Russellville High School","Cross Country Girls","12","Varsity","10/10","","","Brian T. Simpson Invite","tournament","https://www.mshsaa.org/MySchool/Schedule.aspx?s=430&alg=12","https://www.mshsaa.org/MySchool/Tournament.aspx?s=430&alg=12&tournament=586649","Harrisburg, MO"
"430","Russellville High School","Volleyball Girls","57","Varsity","10/10","","","Pleasant Hope Play For Pink Volleyball Tournament","tournament","https://www.mshsaa.org/MySchool/Schedule.aspx?s=430&alg=57","https://www.mshsaa.org/MySchool/Tournament.aspx?s=430&alg=57&tournament=541505","Pleasant Hope, MO"
"431","Salisbury High School","Cross Country Boys","11","Varsity","10/10","","","Brian T. Simpson Invite","tournament","https://www.mshsaa.org/MySchool/Schedule.aspx?s=431&alg=11","https://www.mshsaa.org/MySchool/Tournament.aspx?s=431&alg=11&tournament=545825","Harrisburg, MO"
"431","Salisbury High School","Cross Country Girls","12","Varsity","10/10","","","Brian T. Simpson Invite","tournament","https://www.mshsaa.org/MySchool/Schedule.aspx?s=431&alg=12","https://www.mshsaa.org/MySchool/Tournament.aspx?s=431&alg=12&tournament=545835","Harrisburg, MO"
"194","Smith-Cotton High School","Cross Country Boys","11","Varsity","10/10","8:30 am","","Clinton XC Invite","tournament","https://www.mshsaa.org/MySchool/Schedule.aspx?s=194&alg=11","https://www.mshsaa.org/MySchool/Tournament.aspx?s=194&alg=11&tournament=558619","Clinton, MO"
"194","Smith-Cotton High School","Cross Country Girls","12","Varsity","10/10","8:30 am","","Clinton XC Invite","tournament","https://www.mshsaa.org/MySchool/Schedule.aspx?s=194&alg=12","https://www.mshsaa.org/MySchool/Tournament.aspx?s=194&alg=12&tournament=558628","Clinton, MO"
"197","South Callaway High School","Cross Country Boys","11","Varsity","10/10","9:00 am","","Brian T. Simpson Invite","tournament","https://www.mshsaa.org/MySchool/Schedule.aspx?s=197&alg=11","https://www.mshsaa.org/MySchool/Tournament.aspx?s=197&alg=11&tournament=574536","Columbia, MO"
"197","South Callaway High School","Cross Country Girls","12","Varsity","10/10","9:00 am","","Brian T. Simpson Invite","tournament","https://www.mshsaa.org/MySchool/Schedule.aspx?s=197&alg=12","https://www.mshsaa.org/MySchool/Tournament.aspx?s=197&alg=12&tournament=574539","Columbia, MO"
"2","Southern Boone High School","Softball Fall Season","38","Varsity","10/10","5:00 pm","","Harrisburg","away","https://www.mshsaa.org/MySchool/Schedule.aspx?s=2&alg=38","https://www.mshsaa.org/MySchool/Matchup.aspx?s=2&alg=38&comp=2674203","801 S Harris St, Harrisburg, MO 65256-9542"
"2","Southern Boone High School","Softball Fall Season","38","Varsity","10/10","3:00 pm","","Webster Groves","away","https://www.mshsaa.org/MySchool/Schedule.aspx?s=2&alg=38","https://www.mshsaa.org/MySchool/Matchup.aspx?s=2&alg=38&comp=2768864","Harrisburg, MO"
"474","Tipton High School","Cross Country Boys","11","Varsity","10/10","","","Brian T. Simpson Invite","tournament","https://www.mshsaa.org/MySchool/Schedule.aspx?s=474&alg=11","https://www.mshsaa.org/MySchool/Tournament.aspx?s=474&alg=11&tournament=589165","Harrisburg, MO"
"474","Tipton High School","Cross Country Girls","12","Varsity","10/10","","","Brian T. Simpson Invite","tournament","https://www.mshsaa.org/MySchool/Schedule.aspx?s=474&alg=12","https://www.mshsaa.org/MySchool/Tournament.aspx?s=474&alg=12&tournament=589163","Harrisburg, MO"
"953","Battle High School","Softball Fall Season","38","Varsity","10/12","5:00 pm","","Eldon","away","https://www.mshsaa.org/MySchool/Schedule.aspx?s=953&alg=38","https://www.mshsaa.org/MySchool/Matchup.aspx?s=953&alg=38&comp=2762405","112 S Pine St, Eldon, MO 65026-1594"
"217","Blair Oaks High School","Softball Fall Season","38","Varsity","10/12","5:00 pm","","Jefferson City","home","https://www.mshsaa.org/MySchool/Schedule.aspx?s=217&alg=38","https://www.mshsaa.org/MySchool/Matchup.aspx?s=217&alg=38&comp=2701225","6124 Falcon Ln, Jefferson City, MO 65101-9751"
"217","Blair Oaks High School","Volleyball Girls","57","Varsity","10/12","7:00 pm","","Owensville","home","https://www.mshsaa.org/MySchool/Schedule.aspx?s=217&alg=57","https://www.mshsaa.org/MySchool/Matchup.aspx?s=217&alg=57&comp=2632347","6124 Falcon Ln, Jefferson City, MO 65101-9751"
"582","California High School","Softball Fall Season","38","Varsity","10/12","5:00 pm","","New Bloomfield","home","https://www.mshsaa.org/MySchool/Schedule.aspx?s=582&alg=38","https://www.mshsaa.org/MySchool/Matchup.aspx?s=582&alg=38&comp=2618144","1501 W Buchanan, California, MO 65018-1279"
"582","California High School","Volleyball Girls","57","Varsity","10/12","6:30 pm","","Cole Camp","home","https://www.mshsaa.org/MySchool/Schedule.aspx?s=582&alg=57","https://www.mshsaa.org/MySchool/Matchup.aspx?s=582&alg=57&comp=2643374","1501 W Buchanan, California, MO 65018-1279"
"26","Camdenton High School","Softball Fall Season","38","Varsity","10/12","4:30 pm","","Smith-Cotton","home","https://www.mshsaa.org/MySchool/Schedule.aspx?s=26&alg=38","https://www.mshsaa.org/MySchool/Matchup.aspx?s=26&alg=38&comp=2776180","662 Laker Pride Road, Camdenton, MO 65020-1409"
"26","Camdenton High School","Volleyball Girls","57","Varsity","10/12","6:30 pm","","Father Tolton","away","https://www.mshsaa.org/MySchool/Schedule.aspx?s=26&alg=57","https://www.mshsaa.org/MySchool/Matchup.aspx?s=26&alg=57&comp=2742769","3351 E Gans Road, Columbia, MO 65201"
"1540","Capital City High School","Softball Fall Season","38","Varsity","10/12","4:30 pm","","Union","away","https://www.mshsaa.org/MySchool/Schedule.aspx?s=1540&alg=38","https://www.mshsaa.org/MySchool/Matchup.aspx?s=1540&alg=38&comp=2623150","1217 W. Main Street, Union, MO 63084"
"1540","Capital City High School","Swimming and Diving Boys","44","Varsity","10/12","3:30 pm","","Hannibal","away","https://www.mshsaa.org/MySchool/Schedule.aspx?s=1540&alg=44","https://www.mshsaa.org/MySchool/Matchup.aspx?s=1540&alg=44&comp=2782012","4500 McMasters Ave, Hannibal, MO 63401-2299"
"53","Centralia High School","Softball Fall Season","38","Varsity","10/12","5:00 pm","","Bowling Green","away","https://www.mshsaa.org/MySchool/Schedule.aspx?s=53&alg=38","https://www.mshsaa.org/MySchool/Matchup.aspx?s=53&alg=38&comp=2644763","700 W Adams Street, Bowling Green, MO 63334-2033"
"53","Centralia High School","Volleyball Girls","57","Varsity","10/12","6:00 pm","","Bowling Green","home","https://www.mshsaa.org/MySchool/Schedule.aspx?s=53&alg=57","https://www.mshsaa.org/MySchool/Matchup.aspx?s=53&alg=57&comp=2606181","849 S Jefferson St, Centralia, MO 65240-1605"
"1099","Christian Fellowship","Soccer Boys","33","Varsity","10/12","6:30 pm","","La Monte","away","https://www.mshsaa.org/MySchool/Schedule.aspx?s=1099&alg=33","https://www.mshsaa.org/MySchool/Matchup.aspx?s=1099&alg=33&comp=2641957","301 S Washington, La Monte, MO 65337-1183"
"1099","Christian Fellowship","Softball Fall Season","38","Varsity","10/12","5:00 pm","","South Callaway","home","https://www.mshsaa.org/MySchool/Schedule.aspx?s=1099&alg=38","https://www.mshsaa.org/MySchool/Matchup.aspx?s=1099&alg=38&comp=2633023","421 E Hwy 124, Hallsville, MO 65255-9346"
"1099","Christian Fellowship","Volleyball Girls","57","Varsity","10/12","6:00 pm","","Chamois","away","https://www.mshsaa.org/MySchool/Schedule.aspx?s=1099&alg=57","https://www.mshsaa.org/MySchool/Matchup.aspx?s=1099&alg=57&comp=2667298","614 S Poplar St, Chamois, MO 65024"
"278","Eldon High School","Golf Girls","24","Varsity","10/12","","","District Tournament","tournament","https://www.mshsaa.org/MySchool/Schedule.aspx?s=278&alg=24","https://www.mshsaa.org/MySchool/Tournament.aspx?s=278&alg=24&tournament=545006",""
"278","Eldon High School","Softball Fall Season","38","Varsity","10/12","5:00 pm","","Battle","home","https://www.mshsaa.org/MySchool/Schedule.aspx?s=278&alg=38","https://www.mshsaa.org/MySchool/Matchup.aspx?s=278&alg=38&comp=2628684","112 S Pine St, Eldon, MO 65026-1594"
"278","Eldon High School","Volleyball Girls","57","Varsity","10/12","7:00 pm","","Smith-Cotton","home","https://www.mshsaa.org/MySchool/Schedule.aspx?s=278&alg=57","https://www.mshsaa.org/MySchool/Matchup.aspx?s=278&alg=57&comp=2623031","112 S Pine St, Eldon, MO 65026-1594"
"917","Father Tolton","Soccer Boys","33","Varsity","10/12","6:00 pm","","Lutheran St. Charles","away","https://www.mshsaa.org/MySchool/Schedule.aspx?s=917&alg=33","https://www.mshsaa.org/MySchool/Matchup.aspx?s=917&alg=33&comp=2753486","5100 Mexico Rd, St. Peters, MO 63376-1638"
"917","Father Tolton","Softball Fall Season","38","Varsity","10/12","5:00 pm","","Macon","home","https://www.mshsaa.org/MySchool/Schedule.aspx?s=917&alg=38","https://www.mshsaa.org/MySchool/Matchup.aspx?s=917&alg=38&comp=2695764","3351 E Gans Road, Columbia, MO 65201"
"917","Father Tolton","Volleyball Girls","57","Varsity","10/12","6:30 pm","","Camdenton","home","https://www.mshsaa.org/MySchool/Schedule.aspx?s=917&alg=57","https://www.mshsaa.org/MySchool/Matchup.aspx?s=917&alg=57&comp=2754365","3351 E Gans Road, Columbia, MO 65201"
"80","Fulton High School","Golf Girls","24","Varsity","10/12","","","MSHSAA District Tournament","tournament","https://www.mshsaa.org/MySchool/Schedule.aspx?s=80&alg=24","https://www.mshsaa.org/MySchool/Tournament.aspx?s=80&alg=24&tournament=579527","St Genevieve, MO"
"80","Fulton High School","Soccer Boys","33","Varsity","10/12","6:30 pm","","Mexico","home","https://www.mshsaa.org/MySchool/Schedule.aspx?s=80&alg=33","https://www.mshsaa.org/MySchool/Matchup.aspx?s=80&alg=33&comp=2647576","#1 Hornet Drive, Fulton, MO 65251-2729"
"80","Fulton High School","Volleyball Girls","57","Varsity","10/12","7:00 pm","","Linn","home","https://www.mshsaa.org/MySchool/Schedule.aspx?s=80&alg=57","https://www.mshsaa.org/MySchool/Matchup.aspx?s=80&alg=57&comp=2642123","#1 Hornet Drive, Fulton, MO 65251-2729"
"302","Glasgow High School","Softball Fall Season","38","Varsity","10/12","5:00 pm","","Westran","home","https://www.mshsaa.org/MySchool/Schedule.aspx?s=302&alg=38","https://www.mshsaa.org/MySchool/Matchup.aspx?s=302&alg=38&comp=2635360","860 Randolph St, Glasgow, MO 65254-1299"
"311","Hallsville High School","Soccer Boys","33","Varsity","10/12","6:30 pm","","La Monte","away","https://www.mshsaa.org/MySchool/Schedule.aspx?s=311&alg=33","https://www.mshsaa.org/MySchool/Matchup.aspx?s=311&alg=33&comp=2641957","301 S Washington, La Monte, MO 65337-1183"
"311","Hallsville High School","Softball Fall Season","38","Varsity","10/12","5:00 pm","","South Callaway","home","https://www.mshsaa.org/MySchool/Schedule.aspx?s=311&alg=38","https://www.mshsaa.org/MySchool/Matchup.aspx?s=311&alg=38&comp=2633023","421 E Hwy 124, Hallsville, MO 65255-9346"
"311","Hallsville High School","Volleyball Girls","57","Varsity","10/12","6:30 pm","","Montgomery County","away","https://www.mshsaa.org/MySchool/Schedule.aspx?s=311&alg=57","https://www.mshsaa.org/MySchool/Matchup.aspx?s=311&alg=57&comp=2667633","394 N Hwy 19, Montgomery City, MO 63361-5216"
"313","Harrisburg High School","Softball Fall Season","38","Varsity","10/12","5:00 pm","","North Shelby","home","https://www.mshsaa.org/MySchool/Schedule.aspx?s=313&alg=38","https://www.mshsaa.org/MySchool/Matchup.aspx?s=313&alg=38&comp=2649313","801 S Harris St, Harrisburg, MO 65256-9542"
"522","Helias High School","Volleyball Girls","57","Varsity","10/12","6:30 pm","","Hermann","away","https://www.mshsaa.org/MySchool/Schedule.aspx?s=522&alg=57","https://www.mshsaa.org/MySchool/Matchup.aspx?s=522&alg=57&comp=2635433","176 Bearcat Xing, Hermann, MO 65041-4200"
"84","Jefferson City High School","Softball Fall Season","38","Varsity","10/12","5:00 pm","","Blair Oaks","away","https://www.mshsaa.org/MySchool/Schedule.aspx?s=84&alg=38","https://www.mshsaa.org/MySchool/Matchup.aspx?s=84&alg=38&comp=2710442","6124 Falcon Ln, Jefferson City, MO 65101-9751"
"360","Marshall High School","Golf Girls","24","Varsity","10/12","","","Class 3 District 4 Tournament","tournament","https://www.mshsaa.org/MySchool/Schedule.aspx?s=360&alg=24","https://www.mshsaa.org/Activities/DistrictResult.aspx?alg=24&class=3&district=4&year=2026",""
"128","Mexico High School","Soccer Boys","33","Varsity","10/12","6:30 pm","","Fulton","away","https://www.mshsaa.org/MySchool/Schedule.aspx?s=128&alg=33","https://www.mshsaa.org/MySchool/Matchup.aspx?s=128&alg=33&comp=2756449","#1 Hornet Drive, Fulton, MO 65251-2729"
"128","Mexico High School","Volleyball Girls","57","Varsity","10/12","5:15 pm","","Warrenton","away","https://www.mshsaa.org/MySchool/Schedule.aspx?s=128&alg=57","https://www.mshsaa.org/MySchool/Matchup.aspx?s=128&alg=57&comp=2652140","803 Pinckney, Warrenton, MO 63383-2335"
"569","Missouri Military Academy","Soccer Boys","33","Varsity","10/12","5:45 pm","","North Point","away","https://www.mshsaa.org/MySchool/Schedule.aspx?s=569&alg=33","https://www.mshsaa.org/MySchool/Matchup.aspx?s=569&alg=33&comp=2769104","2255 West Meyer Rd., Wentzville, MO 63385"
"132","Moberly High School","Softball Fall Season","38","Varsity","10/12","5:00 pm","","Mark Twain","away","https://www.mshsaa.org/MySchool/Schedule.aspx?s=132&alg=38","https://www.mshsaa.org/MySchool/Matchup.aspx?s=132&alg=38&comp=2695254","21622 Hwy 19, Center, MO 63436-9648"
"152","Osage High School","Volleyball Girls","57","Varsity","10/12","7:30 pm","","Waynesville","away","https://www.mshsaa.org/MySchool/Schedule.aspx?s=152&alg=57","https://www.mshsaa.org/MySchool/Matchup.aspx?s=152&alg=57&comp=2709059","200 GW Ln, Waynesville, MO 65583-2160"
"430","Russellville High School","Volleyball Girls","57","Varsity","10/12","7:00 pm","","Lighthouse Sr.","away","https://www.mshsaa.org/MySchool/Schedule.aspx?s=430&alg=57","https://www.mshsaa.org/MySchool/Matchup.aspx?s=430&alg=57&comp=2612892","216 El Mercado Plaza, Jefferson City, MO 65109"
"431","Salisbury High School","Softball Fall Season","38","Varsity","10/12","5:00 pm","","Monroe City","home","https://www.mshsaa.org/MySchool/Schedule.aspx?s=431&alg=38","https://www.mshsaa.org/MySchool/Matchup.aspx?s=431&alg=38&comp=2632156","1000 S Maple Ave, Salisbury, MO 65281"
"194","Smith-Cotton High School","Softball Fall Season","38","Varsity","10/12","4:30 pm","","Camdenton","away","https://www.mshsaa.org/MySchool/Schedule.aspx?s=194&alg=38","https://www.mshsaa.org/MySchool/Matchup.aspx?s=194&alg=38&comp=2775314","662 Laker Pride Road, Camdenton, MO 65020-1409"
"194","Smith-Cotton High School","Volleyball Girls","57","Varsity","10/12","6:00 pm","","Eldon","away","https://www.mshsaa.org/MySchool/Schedule.aspx?s=194&alg=57","https://www.mshsaa.org/MySchool/Matchup.aspx?s=194&alg=57&comp=2643410","112 S Pine St, Eldon, MO 65026-1594"
"197","South Callaway High School","Softball Fall Season","38","Varsity","10/12","5:00 pm","","Hallsville with Christian Fellowship Sr.","away","https://www.mshsaa.org/MySchool/Schedule.aspx?s=197&alg=38","https://www.mshsaa.org/MySchool/Matchup.aspx?s=197&alg=38&comp=2724560","421 E Hwy 124, Hallsville, MO 65255-9346"
"2","Southern Boone High School","Soccer Boys","33","Varsity","10/12","6:30 pm","","Laquey with Richland","home","https://www.mshsaa.org/MySchool/Schedule.aspx?s=2&alg=33","https://www.mshsaa.org/MySchool/Matchup.aspx?s=2&alg=33&comp=2770756","14520 Crump Lane, Ashland, MO 65010-9464"
"2","Southern Boone High School","Volleyball Girls","57","Varsity","10/12","7:30 pm","","Versailles","home","https://www.mshsaa.org/MySchool/Schedule.aspx?s=2&alg=57","https://www.mshsaa.org/MySchool/Matchup.aspx?s=2&alg=57&comp=2653892","14520 Crump Lane, Ashland, MO 65010-9464"
"474","Tipton High School","Volleyball Girls","57","Varsity","10/12","7:00 pm","","Lincoln","away","https://www.mshsaa.org/MySchool/Schedule.aspx?s=474&alg=57","https://www.mshsaa.org/MySchool/Matchup.aspx?s=474&alg=57&comp=2635307","101 W. Lamine, Lincoln, MO 65338"
"485","Versailles High School","Volleyball Girls","57","Varsity","10/12","7:30 pm","","Southern Boone","away","https://www.mshsaa.org/MySchool/Schedule.aspx?s=485&alg=57","https://www.mshsaa.org/MySchool/Matchup.aspx?s=485&alg=57&comp=2643122","14520 Crump Lane, Ashland, MO 65010-9464"
"953","Battle High School","Soccer Boys","33","Varsity","10/13","7:00 pm","","Jefferson City","home","https://www.mshsaa.org/MySchool/Schedule.aspx?s=953&alg=33","https://www.mshsaa.org/MySchool/Matchup.aspx?s=953&alg=33&comp=2767058","7575 St. Charles Road, Columbia, MO 65202"
"953","Battle High School","Volleyball Girls","57","Varsity","10/13","7:00 pm","","Rock Bridge","home","https://www.mshsaa.org/MySchool/Schedule.aspx?s=953&alg=57","https://www.mshsaa.org/MySchool/Matchup.aspx?s=953&alg=57&comp=2762778","7575 St. Charles Road, Columbia, MO 65202"
"217","Blair Oaks High School","Volleyball Girls","57","Varsity","10/13","6:45 pm","","Capital City","away","https://www.mshsaa.org/MySchool/Schedule.aspx?s=217&alg=57","https://www.mshsaa.org/MySchool/Matchup.aspx?s=217&alg=57&comp=2632348","1650 Cavalier Drive, Jefferson City, MO 65109"
"16","Boonville High School","Soccer Boys","33","Varsity","10/13","4:30 pm","","St. Paul Lutheran (Concordia)","home","https://www.mshsaa.org/MySchool/Schedule.aspx?s=16&alg=33","https://www.mshsaa.org/MySchool/Matchup.aspx?s=16&alg=33&comp=2736122","1 Pirate Dr., Boonville, MO 65233-2740"
"16","Boonville High School","Volleyball Girls","57","Varsity","10/13","6:00 pm","","Southern Boone","home","https://www.mshsaa.org/MySchool/Schedule.aspx?s=16&alg=57","https://www.mshsaa.org/MySchool/Matchup.aspx?s=16&alg=57&comp=2684881","1 Pirate Dr., Boonville, MO 65233-2740"
"582","California High School","Volleyball Girls","57","Varsity","10/13","7:00 pm","","Fatima","home","https://www.mshsaa.org/MySchool/Schedule.aspx?s=582&alg=57","https://www.mshsaa.org/MySchool/Matchup.aspx?s=582&alg=57&comp=2618104","1501 W Buchanan, California, MO 65018-1279"
"26","Camdenton High School","Soccer Boys","33","Varsity","10/13","7:00 pm","","Helias Catholic","away","https://www.mshsaa.org/MySchool/Schedule.aspx?s=26&alg=33","https://www.mshsaa.org/MySchool/Matchup.aspx?s=26&alg=33&comp=2742694","1305 Swifts Hwy, Jefferson City, MO 65109-2595"
"26","Camdenton High School","Volleyball Girls","57","Varsity","10/13","6:30 pm","","Logan-Rogersville","home","https://www.mshsaa.org/MySchool/Schedule.aspx?s=26&alg=57","https://www.mshsaa.org/MySchool/Matchup.aspx?s=26&alg=57&comp=2742770","662 Laker Pride Road, Camdenton, MO 65020-1409"
"1540","Capital City High School","Soccer Boys","33","Varsity","10/13","6:45 pm","","Rock Bridge","away","https://www.mshsaa.org/MySchool/Schedule.aspx?s=1540&alg=33","https://www.mshsaa.org/MySchool/Matchup.aspx?s=1540&alg=33&comp=2662537","4303 S Providence Rd, Columbia, MO 65203-7198"
"1540","Capital City High School","Volleyball Girls","57","Varsity","10/13","6:45 pm","","Blair Oaks","home","https://www.mshsaa.org/MySchool/Schedule.aspx?s=1540&alg=57","https://www.mshsaa.org/MySchool/Matchup.aspx?s=1540&alg=57&comp=2641607","1650 Cavalier Drive, Jefferson City, MO 65109"
"53","Centralia High School","Cross Country Boys","11","Varsity","10/13","4:00 pm","","Centralia Invitational","tournament","https://www.mshsaa.org/MySchool/Schedule.aspx?s=53&alg=11","https://www.mshsaa.org/MySchool/Tournament.aspx?s=53&alg=11&tournament=552241","Centralia, MO"
"53","Centralia High School","Cross Country Girls","12","Varsity","10/13","4:00 pm","","Centralia Invitational","tournament","https://www.mshsaa.org/MySchool/Schedule.aspx?s=53&alg=12","https://www.mshsaa.org/MySchool/Tournament.aspx?s=53&alg=12&tournament=552248","Centralia, MO"
"53","Centralia High School","Volleyball Girls","57","Varsity","10/13","7:00 pm","","Kirksville","home","https://www.mshsaa.org/MySchool/Schedule.aspx?s=53&alg=57","https://www.mshsaa.org/MySchool/Matchup.aspx?s=53&alg=57&comp=2655588","849 S Jefferson St, Centralia, MO 65240-1605"
"1099","Christian Fellowship","Cross Country Boys","11","Varsity","10/13","","","Centralia Invitational","tournament","https://www.mshsaa.org/MySchool/Schedule.aspx?s=1099&alg=11","https://www.mshsaa.org/MySchool/Tournament.aspx?s=1099&alg=11&tournament=580530","Centralia, MO"
"1099","Christian Fellowship","Cross Country Girls","12","Varsity","10/13","","","Centralia Invitational","tournament","https://www.mshsaa.org/MySchool/Schedule.aspx?s=1099&alg=12","https://www.mshsaa.org/MySchool/Tournament.aspx?s=1099&alg=12&tournament=580531","Centralia, MO"
"1099","Christian Fellowship","Soccer Boys","33","Varsity","10/13","4:30 pm","","Iberia","away","https://www.mshsaa.org/MySchool/Schedule.aspx?s=1099&alg=33","https://www.mshsaa.org/MySchool/Matchup.aspx?s=1099&alg=33&comp=2674883","201 Pemberton Dr., Iberia, MO 65486"
"1099","Christian Fellowship","Volleyball Girls","57","Varsity","10/13","6:30 pm","","Montgomery County","home","https://www.mshsaa.org/MySchool/Schedule.aspx?s=1099&alg=57","https://www.mshsaa.org/MySchool/Matchup.aspx?s=1099&alg=57&comp=2665845","4600 Christian Fellowship Rd, Columbia, MO 65203"
"566","Columbia Independent","Cross Country Boys","11","Varsity","10/13","","","Centralia Invitational","tournament","https://www.mshsaa.org/MySchool/Schedule.aspx?s=566&alg=11","https://www.mshsaa.org/MySchool/Tournament.aspx?s=566&alg=11&tournament=582362","Centralia, MO"
"566","Columbia Independent","Cross Country Girls","12","Varsity","10/13","","","Centralia Invitational","tournament","https://www.mshsaa.org/MySchool/Schedule.aspx?s=566&alg=12","https://www.mshsaa.org/MySchool/Tournament.aspx?s=566&alg=12&tournament=582363","Centralia, MO"
"566","Columbia Independent","Soccer Boys","33","Varsity","10/13","7:00 pm","","Jefferson City","home","https://www.mshsaa.org/MySchool/Schedule.aspx?s=566&alg=33","https://www.mshsaa.org/MySchool/Matchup.aspx?s=566&alg=33&comp=2767058","7575 St. Charles Road, Columbia, MO 65202"
"566","Columbia Independent","Volleyball Girls","57","Varsity","10/13","6:00 pm","","Bunceton","home","https://www.mshsaa.org/MySchool/Schedule.aspx?s=566&alg=57","https://www.mshsaa.org/MySchool/Matchup.aspx?s=566&alg=57&comp=2723421","1801 North Stadium Boulevard, Columbia, MO 65202"
"278","Eldon High School","Volleyball Girls","57","Varsity","10/13","7:15 pm","","Hickman","away","https://www.mshsaa.org/MySchool/Schedule.aspx?s=278&alg=57","https://www.mshsaa.org/MySchool/Matchup.aspx?s=278&alg=57&comp=2623032","1104 N Providence Rd, Columbia, MO 65203-4398"
"917","Father Tolton","Cross Country Boys","11","Varsity","10/13","","","Centralia Invitational","tournament","https://www.mshsaa.org/MySchool/Schedule.aspx?s=917&alg=11","https://www.mshsaa.org/MySchool/Tournament.aspx?s=917&alg=11&tournament=589877","Centralia, MO"
"917","Father Tolton","Cross Country Girls","12","Varsity","10/13","","","Centralia Invitational","tournament","https://www.mshsaa.org/MySchool/Schedule.aspx?s=917&alg=12","https://www.mshsaa.org/MySchool/Tournament.aspx?s=917&alg=12&tournament=589387","Centralia, MO"
"294","Fayette High School","Cross Country Boys","11","Varsity","10/13","","","Centralia Invitational","tournament","https://www.mshsaa.org/MySchool/Schedule.aspx?s=294&alg=11","https://www.mshsaa.org/MySchool/Tournament.aspx?s=294&alg=11&tournament=592253","Centralia, MO"
"80","Fulton High School","Cross Country Boys","11","Varsity","10/13","","","Centralia Invitational","tournament","https://www.mshsaa.org/MySchool/Schedule.aspx?s=80&alg=11","https://www.mshsaa.org/MySchool/Tournament.aspx?s=80&alg=11&tournament=580270","Centralia, MO"
"80","Fulton High School","Cross Country Girls","12","Varsity","10/13","","","Centralia Invitational","tournament","https://www.mshsaa.org/MySchool/Schedule.aspx?s=80&alg=12","https://www.mshsaa.org/MySchool/Tournament.aspx?s=80&alg=12&tournament=580624","Centralia, MO"
"80","Fulton High School","Volleyball Girls","57","Varsity","10/13","6:15 pm","","Hallsville","home","https://www.mshsaa.org/MySchool/Schedule.aspx?s=80&alg=57","https://www.mshsaa.org/MySchool/Matchup.aspx?s=80&alg=57&comp=2642124","#1 Hornet Drive, Fulton, MO 65251-2729"
"302","Glasgow High School","Cross Country Boys","11","Varsity","10/13","","","Centralia Invitational","tournament","https://www.mshsaa.org/MySchool/Schedule.aspx?s=302&alg=11","https://www.mshsaa.org/MySchool/Tournament.aspx?s=302&alg=11&tournament=580686","Centralia, MO"
"302","Glasgow High School","Cross Country Girls","12","Varsity","10/13","","","Centralia Invitational","tournament","https://www.mshsaa.org/MySchool/Schedule.aspx?s=302&alg=12","https://www.mshsaa.org/MySchool/Tournament.aspx?s=302&alg=12&tournament=580687","Centralia, MO"
"311","Hallsville High School","Soccer Boys","33","Varsity","10/13","4:30 pm","","Iberia","away","https://www.mshsaa.org/MySchool/Schedule.aspx?s=311&alg=33","https://www.mshsaa.org/MySchool/Matchup.aspx?s=311&alg=33&comp=2674883","201 Pemberton Dr., Iberia, MO 65486"
"311","Hallsville High School","Volleyball Girls","57","Varsity","10/13","6:15 pm","","Fulton","away","https://www.mshsaa.org/MySchool/Schedule.aspx?s=311&alg=57","https://www.mshsaa.org/MySchool/Matchup.aspx?s=311&alg=57&comp=2662058","#1 Hornet Drive, Fulton, MO 65251-2729"
"522","Helias High School","Soccer Boys","33","Varsity","10/13","7:00 pm","","Camdenton","home","https://www.mshsaa.org/MySchool/Schedule.aspx?s=522&alg=33","https://www.mshsaa.org/MySchool/Matchup.aspx?s=522&alg=33&comp=2666708","1305 Swifts Hwy, Jefferson City, MO 65109-2595"
"522","Helias High School","Volleyball Girls","57","Varsity","10/13","6:30 pm","","Jefferson City","away","https://www.mshsaa.org/MySchool/Schedule.aspx?s=522&alg=57","https://www.mshsaa.org/MySchool/Matchup.aspx?s=522&alg=57&comp=2640994","609 Union St, Jefferson City, MO 65101-2898"
"85","Hickman High School","Soccer Boys","33","Varsity","10/13","TBD","","Smith-Cotton","home","https://www.mshsaa.org/MySchool/Schedule.aspx?s=85&alg=33","https://www.mshsaa.org/MySchool/Matchup.aspx?s=85&alg=33&comp=2675496","1104 N Providence Rd, Columbia, MO 65203-4398"
"85","Hickman High School","Volleyball Girls","57","Varsity","10/13","7:15 pm","","Eldon","home","https://www.mshsaa.org/MySchool/Schedule.aspx?s=85&alg=57","https://www.mshsaa.org/MySchool/Matchup.aspx?s=85&alg=57&comp=2712419","1104 N Providence Rd, Columbia, MO 65203-4398"
"317","Higbee High School","Cross Country Girls","12","Varsity","10/13","","","Centralia Invitational","tournament","https://www.mshsaa.org/MySchool/Schedule.aspx?s=317&alg=12","https://www.mshsaa.org/MySchool/Tournament.aspx?s=317&alg=12&tournament=582396","Centralia, MO"
"84","Jefferson City High School","Soccer Boys","33","Varsity","10/13","7:00 pm","","Battle with Columbia Independent","away","https://www.mshsaa.org/MySchool/Schedule.aspx?s=84&alg=33","https://www.mshsaa.org/MySchool/Matchup.aspx?s=84&alg=33&comp=2660277","7575 St. Charles Road, Columbia, MO 65202"
"84","Jefferson City High School","Volleyball Girls","57","Varsity","10/13","7:00 pm","","Helias Catholic","home","https://www.mshsaa.org/MySchool/Schedule.aspx?s=84&alg=57","https://www.mshsaa.org/MySchool/Matchup.aspx?s=84&alg=57&comp=2653585","609 Union St, Jefferson City, MO 65101-2898"
"360","Marshall High School","Volleyball Girls","57","Varsity","10/13","7:15 pm","","Santa Fe","away","https://www.mshsaa.org/MySchool/Schedule.aspx?s=360&alg=57","https://www.mshsaa.org/MySchool/Matchup.aspx?s=360&alg=57&comp=2665715","108 N Chiefs, Alma, MO 64001-0197"
"128","Mexico High School","Cross Country Boys","11","Varsity","10/13","","","Centralia Invitational","tournament","https://www.mshsaa.org/MySchool/Schedule.aspx?s=128&alg=11","https://www.mshsaa.org/MySchool/Tournament.aspx?s=128&alg=11&tournament=569374","Centralia, MO"
"128","Mexico High School","Cross Country Girls","12","Varsity","10/13","","","Centralia Invitational","tournament","https://www.mshsaa.org/MySchool/Schedule.aspx?s=128&alg=12","https://www.mshsaa.org/MySchool/Tournament.aspx?s=128&alg=12&tournament=588297","Centralia, MO"
"128","Mexico High School","Soccer Boys","33","Varsity","10/13","5:00 pm","","Kirksville","home","https://www.mshsaa.org/MySchool/Schedule.aspx?s=128&alg=33","https://www.mshsaa.org/MySchool/Matchup.aspx?s=128&alg=33&comp=2681814","639 N Wade, Mexico, MO 65265-1899"
"128","Mexico High School","Volleyball Girls","57","Varsity","10/13","5:00 pm","","Brookfield","home","https://www.mshsaa.org/MySchool/Schedule.aspx?s=128&alg=57","https://www.mshsaa.org/MySchool/Matchup.aspx?s=128&alg=57&comp=2652141","639 N Wade, Mexico, MO 65265-1899"
"569","Missouri Military Academy","Cross Country Boys","11","Varsity","10/13","","","Centralia Invitational","tournament","https://www.mshsaa.org/MySchool/Schedule.aspx?s=569&alg=11","https://www.mshsaa.org/MySchool/Tournament.aspx?s=569&alg=11&tournament=580886","Centralia, MO"
"569","Missouri Military Academy","Soccer Boys","33","Varsity","10/13","5:00 pm","","Southern Boone","home","https://www.mshsaa.org/MySchool/Schedule.aspx?s=569&alg=33","https://www.mshsaa.org/MySchool/Matchup.aspx?s=569&alg=33&comp=2698278","204 N Grand St, Mexico, MO 65265-3090"
"132","Moberly High School","Soccer Boys","33","Varsity","10/13","6:45 pm","","Hannibal","home","https://www.mshsaa.org/MySchool/Schedule.aspx?s=132&alg=33","https://www.mshsaa.org/MySchool/Matchup.aspx?s=132&alg=33&comp=2685470","1625 Gratz Brown, Moberly, MO 65270-1904"
"139","North Callaway High School","Cross Country Boys","11","Varsity","10/13","","","Centralia Invitational","tournament","https://www.mshsaa.org/MySchool/Schedule.aspx?s=139&alg=11","https://www.mshsaa.org/MySchool/Tournament.aspx?s=139&alg=11&tournament=552836","Centralia, MO"
"139","North Callaway High School","Cross Country Girls","12","Varsity","10/13","","","Centralia Invitational","tournament","https://www.mshsaa.org/MySchool/Schedule.aspx?s=139&alg=12","https://www.mshsaa.org/MySchool/Tournament.aspx?s=139&alg=12&tournament=552842","Centralia, MO"
"139","North Callaway High School","Volleyball Girls","57","Varsity","10/13","6:00 pm","","Bowling Green","home","https://www.mshsaa.org/MySchool/Schedule.aspx?s=139&alg=57","https://www.mshsaa.org/MySchool/Matchup.aspx?s=139&alg=57&comp=2606514","2700 Thunderbird Dr, Kingdom City, MO 65262-1817"
"152","Osage High School","Soccer Boys","33","Varsity","10/13","6:45 pm","","Laquey with Richland","away","https://www.mshsaa.org/MySchool/Schedule.aspx?s=152&alg=33","https://www.mshsaa.org/MySchool/Matchup.aspx?s=152&alg=33&comp=2689994","27600 Highway AA, Laquey, MO 65534-0130"
"578","Rock Bridge High School","Soccer Boys","33","Varsity","10/13","6:45 pm","","Capital City","home","https://www.mshsaa.org/MySchool/Schedule.aspx?s=578&alg=33","https://www.mshsaa.org/MySchool/Matchup.aspx?s=578&alg=33&comp=2660329","4303 South Providence Road, Columbia, MO 65203"
"578","Rock Bridge High School","Volleyball Girls","57","Varsity","10/13","7:00 pm","","Battle","away","https://www.mshsaa.org/MySchool/Schedule.aspx?s=578&alg=57","https://www.mshsaa.org/MySchool/Matchup.aspx?s=578&alg=57&comp=2743485","7575 St. Charles Road, Columbia, MO 65202"
"430","Russellville High School","Volleyball Girls","57","Varsity","10/13","7:00 pm","","New Bloomfield","home","https://www.mshsaa.org/MySchool/Schedule.aspx?s=430&alg=57","https://www.mshsaa.org/MySchool/Matchup.aspx?s=430&alg=57&comp=2612893","13600 Rte C, Russellville, MO 65074"
"431","Salisbury High School","Cross Country Boys","11","Varsity","10/13","","","Centralia Invitational","tournament","https://www.mshsaa.org/MySchool/Schedule.aspx?s=431&alg=11","https://www.mshsaa.org/MySchool/Tournament.aspx?s=431&alg=11&tournament=545826","Centralia, MO"
"431","Salisbury High School","Cross Country Girls","12","Varsity","10/13","","","Centralia Invitational","tournament","https://www.mshsaa.org/MySchool/Schedule.aspx?s=431&alg=12","https://www.mshsaa.org/MySchool/Tournament.aspx?s=431&alg=12&tournament=545836","Centralia, MO"
"194","Smith-Cotton High School","Soccer Boys","33","Varsity","10/13","6:30 pm","","Hickman","away","https://www.mshsaa.org/MySchool/Schedule.aspx?s=194&alg=33","https://www.mshsaa.org/MySchool/Matchup.aspx?s=194&alg=33&comp=2677217","1104 N Providence Rd, Columbia, MO 65203-4398"
"194","Smith-Cotton High School","Volleyball Girls","57","Varsity","10/13","7:30 pm","","Knob Noster","home","https://www.mshsaa.org/MySchool/Schedule.aspx?s=194&alg=57","https://www.mshsaa.org/MySchool/Matchup.aspx?s=194&alg=57&comp=2643411","2010 Tiger Pride Blvd, Sedalia, MO 65301-8503"
"2","Southern Boone High School","Soccer Boys","33","Varsity","10/13","5:00 pm","","Missouri Military Academy","away","https://www.mshsaa.org/MySchool/Schedule.aspx?s=2&alg=33","https://www.mshsaa.org/MySchool/Matchup.aspx?s=2&alg=33&comp=2632901","204 N Grand St, Mexico, MO 65265-3090"
"2","Southern Boone High School","Volleyball Girls","57","Varsity","10/13","6:30 pm","","Boonville","away","https://www.mshsaa.org/MySchool/Schedule.aspx?s=2&alg=57","https://www.mshsaa.org/MySchool/Matchup.aspx?s=2&alg=57&comp=2653893","1 Pirate Dr., Boonville, MO 65233-2740"
"474","Tipton High School","Cross Country Boys","11","Varsity","10/13","","","Centralia Invitational","tournament","https://www.mshsaa.org/MySchool/Schedule.aspx?s=474&alg=11","https://www.mshsaa.org/MySchool/Tournament.aspx?s=474&alg=11&tournament=580537","Centralia, MO"
"474","Tipton High School","Cross Country Girls","12","Varsity","10/13","","","Centralia Invitational","tournament","https://www.mshsaa.org/MySchool/Schedule.aspx?s=474&alg=12","https://www.mshsaa.org/MySchool/Tournament.aspx?s=474&alg=12&tournament=580538","Centralia, MO"
"485","Versailles High School","Volleyball Girls","57","Varsity","10/13","6:30 pm","","Adrian","home","https://www.mshsaa.org/MySchool/Schedule.aspx?s=485&alg=57","https://www.mshsaa.org/MySchool/Matchup.aspx?s=485&alg=57&comp=2643123","913 W Newton, Versailles, MO 65084-1811"
"16","Boonville High School","Softball Fall Season","38","Varsity","10/14-20","","","District Tournament","tournament","https://www.mshsaa.org/MySchool/Schedule.aspx?s=16&alg=38","https://www.mshsaa.org/MySchool/Tournament.aspx?s=16&alg=38&tournament=587395",""
"566","Columbia Independent","Volleyball Girls","57","Varsity","10/14","7:00 pm","","Sweet Springs","away","https://www.mshsaa.org/MySchool/Schedule.aspx?s=566&alg=57","https://www.mshsaa.org/MySchool/Matchup.aspx?s=566&alg=57&comp=2779927","600 E Marshall Street, Sweet Springs, MO 65351-9610"
"917","Father Tolton","Volleyball Girls","57","Varsity","10/14","7:00 pm","","Hickman","away","https://www.mshsaa.org/MySchool/Schedule.aspx?s=917&alg=57","https://www.mshsaa.org/MySchool/Matchup.aspx?s=917&alg=57&comp=2750312","1104 N Providence Rd, Columbia, MO 65203-4398"
"85","Hickman High School","Soccer Boys","33","Varsity","10/14","6:30 pm","","Marshall","home","https://www.mshsaa.org/MySchool/Schedule.aspx?s=85&alg=33","https://www.mshsaa.org/MySchool/Matchup.aspx?s=85&alg=33&comp=2712435","1104 N Providence Rd, Columbia, MO 65203-4398"
"85","Hickman High School","Swimming and Diving Boys","44","Varsity","10/14","4:00 pm","","Blue Springs","away","https://www.mshsaa.org/MySchool/Schedule.aspx?s=85&alg=44","https://www.mshsaa.org/MySchool/Matchup.aspx?s=85&alg=44&comp=2773614","2000 NW Ashton Dr, Blue Springs, MO 64015-1796"
"85","Hickman High School","Volleyball Girls","57","Varsity","10/14","7:00 pm","","Father Tolton","home","https://www.mshsaa.org/MySchool/Schedule.aspx?s=85&alg=57","https://www.mshsaa.org/MySchool/Matchup.aspx?s=85&alg=57&comp=2744143","1104 N Providence Rd, Columbia, MO 65203-4398"
"360","Marshall High School","Cross Country Boys","11","Varsity","10/14","","","MEC East Conference Meet Cross Country","tournament","https://www.mshsaa.org/MySchool/Schedule.aspx?s=360&alg=11","https://www.mshsaa.org/MySchool/Tournament.aspx?s=360&alg=11&tournament=598184","Moberly, MO"
"360","Marshall High School","Cross Country Girls","12","Varsity","10/14","","","NCMC Cross Country","tournament","https://www.mshsaa.org/MySchool/Schedule.aspx?s=360&alg=12","https://www.mshsaa.org/MySchool/Tournament.aspx?s=360&alg=12&tournament=598183","Moberly, MO"
"360","Marshall High School","Soccer Boys","33","Varsity","10/14","6:30 pm","","Hickman","away","https://www.mshsaa.org/MySchool/Schedule.aspx?s=360&alg=33","https://www.mshsaa.org/MySchool/Matchup.aspx?s=360&alg=33&comp=2677541","1104 N Providence Rd, Columbia, MO 65203-4398"
"128","Mexico High School","Cross Country Boys","11","Varsity","10/14","","","NCMC Cross Country","tournament","https://www.mshsaa.org/MySchool/Schedule.aspx?s=128&alg=11","https://www.mshsaa.org/MySchool/Tournament.aspx?s=128&alg=11&tournament=593469","Moberly, MO"
"128","Mexico High School","Cross Country Girls","12","Varsity","10/14","","","NCMC Cross Country","tournament","https://www.mshsaa.org/MySchool/Schedule.aspx?s=128&alg=12","https://www.mshsaa.org/MySchool/Tournament.aspx?s=128&alg=12&tournament=595089","Moberly, MO"
"132","Moberly High School","Cross Country Boys","11","Varsity","10/14","","","MEC East Conference Meet Cross Country","tournament","https://www.mshsaa.org/MySchool/Schedule.aspx?s=132&alg=11","https://www.mshsaa.org/MySchool/Tournament.aspx?s=132&alg=11&tournament=592759","Moberly, MO"
"132","Moberly High School","Cross Country Girls","12","Varsity","10/14","","","NCMC Cross Country","tournament","https://www.mshsaa.org/MySchool/Schedule.aspx?s=132&alg=12","https://www.mshsaa.org/MySchool/Tournament.aspx?s=132&alg=12&tournament=592761","Moberly, MO"
"139","North Callaway High School","Volleyball Girls","57","Varsity","10/14","6:00 pm","","Wright City","home","https://www.mshsaa.org/MySchool/Schedule.aspx?s=139&alg=57","https://www.mshsaa.org/MySchool/Matchup.aspx?s=139&alg=57&comp=2615044","2700 Thunderbird Dr, Kingdom City, MO 65262-1817"
"217","Blair Oaks High School","Cross Country Boys","11","Varsity","10/15","","","Tri County Conference Cross Country Meet","tournament","https://www.mshsaa.org/MySchool/Schedule.aspx?s=217&alg=11","https://www.mshsaa.org/MySchool/Tournament.aspx?s=217&alg=11&tournament=545759","Eldon, MO"
"217","Blair Oaks High School","Cross Country Girls","12","Varsity","10/15","","","Tri County Conference Cross Country Meet","tournament","https://www.mshsaa.org/MySchool/Schedule.aspx?s=217&alg=12","https://www.mshsaa.org/MySchool/Tournament.aspx?s=217&alg=12&tournament=545768","Eldon, MO"
"217","Blair Oaks High School","Volleyball Girls","57","Varsity","10/15","7:00 pm","","Rock Bridge","home","https://www.mshsaa.org/MySchool/Schedule.aspx?s=217&alg=57","https://www.mshsaa.org/MySchool/Matchup.aspx?s=217&alg=57&comp=2632349","6124 Falcon Ln, Jefferson City, MO 65101-9751"
"16","Boonville High School","Cross Country Boys","11","Varsity","10/15","","","Tri County Conference Cross Country Meet","tournament","https://www.mshsaa.org/MySchool/Schedule.aspx?s=16&alg=11","https://www.mshsaa.org/MySchool/Tournament.aspx?s=16&alg=11&tournament=592329","Eldon, MO"
"16","Boonville High School","Cross Country Girls","12","Varsity","10/15","","","Tri County Conference Cross Country Meet","tournament","https://www.mshsaa.org/MySchool/Schedule.aspx?s=16&alg=12","https://www.mshsaa.org/MySchool/Tournament.aspx?s=16&alg=12&tournament=585069","Eldon, MO"
"16","Boonville High School","Soccer Boys","33","Varsity","10/15","5:00 pm","","Green Ridge with Cole Camp","away","https://www.mshsaa.org/MySchool/Schedule.aspx?s=16&alg=33","https://www.mshsaa.org/MySchool/Matchup.aspx?s=16&alg=33&comp=2669062","401 W. Pettis, Green Ridge, MO 65332"
"16","Boonville High School","Volleyball Girls","57","Varsity","10/15","6:00 pm","","Smith-Cotton","away","https://www.mshsaa.org/MySchool/Schedule.aspx?s=16&alg=57","https://www.mshsaa.org/MySchool/Matchup.aspx?s=16&alg=57&comp=2643536","2010 Tiger Pride Blvd, Sedalia, MO 65301-8503"
"582","California High School","Cross Country Boys","11","Varsity","10/15","","","Tri County Conference Cross Country Meet","tournament","https://www.mshsaa.org/MySchool/Schedule.aspx?s=582&alg=11","https://www.mshsaa.org/MySchool/Tournament.aspx?s=582&alg=11&tournament=544410","Eldon, MO"
"582","California High School","Volleyball Girls","57","Varsity","10/15","7:30 pm","","Osage","away","https://www.mshsaa.org/MySchool/Schedule.aspx?s=582&alg=57","https://www.mshsaa.org/MySchool/Matchup.aspx?s=582&alg=57&comp=2618105","636 Hwy 42, Osage Beach, MO 65065-5301"
"26","Camdenton High School","Volleyball Girls","57","Varsity","10/15","6:30 pm","","Rolla","away","https://www.mshsaa.org/MySchool/Schedule.aspx?s=26&alg=57","https://www.mshsaa.org/MySchool/Matchup.aspx?s=26&alg=57&comp=2670320","900 Bulldog Run, Rolla, MO 65401-3399"
"1540","Capital City High School","Soccer Boys","33","Varsity","10/15","6:00 pm","","Rockwood Summit","home","https://www.mshsaa.org/MySchool/Schedule.aspx?s=1540&alg=33","https://www.mshsaa.org/MySchool/Matchup.aspx?s=1540&alg=33&comp=2776985","2610 Mission Drive, Jefferson City, MO 65109"
"1540","Capital City High School","Volleyball Girls","57","Varsity","10/15","7:00 pm","","Fatima","away","https://www.mshsaa.org/MySchool/Schedule.aspx?s=1540&alg=57","https://www.mshsaa.org/MySchool/Matchup.aspx?s=1540&alg=57&comp=2684513","143 E. Main, Westphalia, MO 65085"
"53","Centralia High School","Volleyball Girls","57","Varsity","10/15","6:00 pm","","Montgomery County","away","https://www.mshsaa.org/MySchool/Schedule.aspx?s=53&alg=57","https://www.mshsaa.org/MySchool/Matchup.aspx?s=53&alg=57&comp=2655589","394 N Hwy 19, Montgomery City, MO 63361-5216"
"1099","Christian Fellowship","Swimming and Diving Boys","44","Varsity","10/15","","","Quad Marshall/MMA/Wentzville Liberty","tournament","https://www.mshsaa.org/MySchool/Schedule.aspx?s=1099&alg=44","https://www.mshsaa.org/MySchool/Tournament.aspx?s=1099&alg=44&tournament=564674","Hannibal, MO"
"1099","Christian Fellowship","Swimming and Diving Boys","44","Varsity","10/15","","","Hannibal Quad","tournament","https://www.mshsaa.org/MySchool/Schedule.aspx?s=1099&alg=44","https://www.mshsaa.org/MySchool/Tournament.aspx?s=1099&alg=44&tournament=594248",""
"1099","Christian Fellowship","Volleyball Girls","57","Varsity","10/15","6:00 pm","","Calvary Lutheran","away","https://www.mshsaa.org/MySchool/Schedule.aspx?s=1099&alg=57","https://www.mshsaa.org/MySchool/Matchup.aspx?s=1099&alg=57&comp=2704548","2525 Route B, Jefferson City, MO 65101-8902"
"566","Columbia Independent","Swimming and Diving Boys","44","Varsity","10/15","","","Quad Marshall/MMA/Wentzville Liberty","tournament","https://www.mshsaa.org/MySchool/Schedule.aspx?s=566&alg=44","https://www.mshsaa.org/MySchool/Tournament.aspx?s=566&alg=44&tournament=564674","Hannibal, MO"
"566","Columbia Independent","Swimming and Diving Boys","44","Varsity","10/15","","","Hannibal Quad","tournament","https://www.mshsaa.org/MySchool/Schedule.aspx?s=566&alg=44","https://www.mshsaa.org/MySchool/Tournament.aspx?s=566&alg=44&tournament=594248",""
"278","Eldon High School","Cross Country Boys","11","Varsity","10/15","3:00 pm","","Tri County Conference Cross Country Meet","tournament","https://www.mshsaa.org/MySchool/Schedule.aspx?s=278&alg=11","https://www.mshsaa.org/MySchool/Tournament.aspx?s=278&alg=11&tournament=544987","Eldon, MO"
"278","Eldon High School","Cross Country Girls","12","Varsity","10/15","3:00 pm","","Tri County Conference Cross Country Meet","tournament","https://www.mshsaa.org/MySchool/Schedule.aspx?s=278&alg=12","https://www.mshsaa.org/MySchool/Tournament.aspx?s=278&alg=12&tournament=544996","Eldon, MO"
"917","Father Tolton","Soccer Boys","33","Varsity","10/15","6:45 pm","","Osage","home","https://www.mshsaa.org/MySchool/Schedule.aspx?s=917&alg=33","https://www.mshsaa.org/MySchool/Matchup.aspx?s=917&alg=33&comp=2665268","3351 E Gans Road, Columbia, MO 65201"
"917","Father Tolton","Volleyball Girls","57","Varsity","10/15","6:30 pm","","Kirksville","away","https://www.mshsaa.org/MySchool/Schedule.aspx?s=917&alg=57","https://www.mshsaa.org/MySchool/Matchup.aspx?s=917&alg=57&comp=2713684","1300 S Cottage Grove, Kirksville, MO 63501-3998"
"80","Fulton High School","Cross Country Boys","11","Varsity","10/15","","","Tri County Conference Meet","tournament","https://www.mshsaa.org/MySchool/Schedule.aspx?s=80&alg=11","https://www.mshsaa.org/MySchool/Tournament.aspx?s=80&alg=11&tournament=594827","Eldon, MO"
"80","Fulton High School","Cross Country Girls","12","Varsity","10/15","","","Tri County Conference Meet","tournament","https://www.mshsaa.org/MySchool/Schedule.aspx?s=80&alg=12","https://www.mshsaa.org/MySchool/Tournament.aspx?s=80&alg=12&tournament=594836","Eldon, MO"
"80","Fulton High School","Soccer Boys","33","Varsity","10/15","5:00 pm","","Southern Boone","away","https://www.mshsaa.org/MySchool/Schedule.aspx?s=80&alg=33","https://www.mshsaa.org/MySchool/Matchup.aspx?s=80&alg=33&comp=2647577","14520 Crump Lane, Ashland, MO 65010-9464"
"80","Fulton High School","Softball Fall Season","38","Varsity","10/15","","","Districts","tournament","https://www.mshsaa.org/MySchool/Schedule.aspx?s=80&alg=38","https://www.mshsaa.org/MySchool/Tournament.aspx?s=80&alg=38&tournament=546562","Moberly, MO"
"311","Hallsville High School","Volleyball Girls","57","Varsity","10/15","6:30 pm","","Southern Boone","home","https://www.mshsaa.org/MySchool/Schedule.aspx?s=311&alg=57","https://www.mshsaa.org/MySchool/Matchup.aspx?s=311&alg=57&comp=2638641","421 E Hwy 124, Hallsville, MO 65255-9346"
"522","Helias High School","Soccer Boys","33","Varsity","10/15","6:45 pm","","Liberty (Wentzville)","away","https://www.mshsaa.org/MySchool/Schedule.aspx?s=522&alg=33","https://www.mshsaa.org/MySchool/Matchup.aspx?s=522&alg=33&comp=2676505","2275 Sommers Road, Lake St. Louis, MO 63367"
"84","Jefferson City High School","Swimming and Diving Boys","44","Varsity","10/15","5:00 pm","","Hannibal","away","https://www.mshsaa.org/MySchool/Schedule.aspx?s=84&alg=44","https://www.mshsaa.org/MySchool/Matchup.aspx?s=84&alg=44&comp=2781701","4500 McMasters Ave, Hannibal, MO 63401-2299"
"360","Marshall High School","Soccer Boys","33","Varsity","10/15","7:00 pm","","Smith-Cotton","home","https://www.mshsaa.org/MySchool/Schedule.aspx?s=360&alg=33","https://www.mshsaa.org/MySchool/Matchup.aspx?s=360&alg=33&comp=2712411","805 S Miami, Marshall, MO 65340-2499"
"360","Marshall High School","Swimming and Diving Boys","44","Varsity","10/15","","","Hannibal","tournament","https://www.mshsaa.org/MySchool/Schedule.aspx?s=360&alg=44","https://www.mshsaa.org/MySchool/Tournament.aspx?s=360&alg=44&tournament=564056","Hannibal, MO"
"360","Marshall High School","Volleyball Girls","57","Varsity","10/15","7:00 pm","","Mexico","home","https://www.mshsaa.org/MySchool/Schedule.aspx?s=360&alg=57","https://www.mshsaa.org/MySchool/Matchup.aspx?s=360&alg=57&comp=2661614","805 S Miami, Marshall, MO 65340-2499"
"128","Mexico High School","Volleyball Girls","57","Varsity","10/15","7:00 pm","","Marshall","away","https://www.mshsaa.org/MySchool/Schedule.aspx?s=128&alg=57","https://www.mshsaa.org/MySchool/Matchup.aspx?s=128&alg=57&comp=2652142","805 S Miami, Marshall, MO 65340-2499"
"569","Missouri Military Academy","Soccer Boys","33","Varsity","10/15","5:00 pm","","Elsberry with Silex","home","https://www.mshsaa.org/MySchool/Schedule.aspx?s=569&alg=33","https://www.mshsaa.org/MySchool/Matchup.aspx?s=569&alg=33&comp=2786936","204 N Grand St, Mexico, MO 65265-3090"
"569","Missouri Military Academy","Swimming and Diving Boys","44","Varsity","10/15","","","Quad Marshall/MMA/Wentzville Liberty","tournament","https://www.mshsaa.org/MySchool/Schedule.aspx?s=569&alg=44","https://www.mshsaa.org/MySchool/Tournament.aspx?s=569&alg=44&tournament=563756","Hannibal, MO"
"132","Moberly High School","Soccer Boys","33","Varsity","10/15","5:00 pm","","Smithton","home","https://www.mshsaa.org/MySchool/Schedule.aspx?s=132&alg=33","https://www.mshsaa.org/MySchool/Matchup.aspx?s=132&alg=33&comp=2685475","1625 Gratz Brown, Moberly, MO 65270-1904"
"139","North Callaway High School","Volleyball Girls","57","Varsity","10/15","6:30 pm","","Eugene","away","https://www.mshsaa.org/MySchool/Schedule.aspx?s=139&alg=57","https://www.mshsaa.org/MySchool/Matchup.aspx?s=139&alg=57&comp=2615045","14803 Hwy 17, Eugene, MO 65032"
"152","Osage High School","Cross Country Boys","11","Varsity","10/15","","","Tri County Conference Cross Country Meet","tournament","https://www.mshsaa.org/MySchool/Schedule.aspx?s=152&alg=11","https://www.mshsaa.org/MySchool/Tournament.aspx?s=152&alg=11&tournament=578479","Eldon, MO"
"152","Osage High School","Cross Country Girls","12","Varsity","10/15","3:30 pm","","Eldon","home","https://www.mshsaa.org/MySchool/Schedule.aspx?s=152&alg=12","https://www.mshsaa.org/MySchool/Matchup.aspx?s=152&alg=12&comp=2742677","636 Hwy 42, Osage Beach, MO 65065-5301"
"152","Osage High School","Soccer Boys","33","Varsity","10/15","6:45 pm","","Father Tolton","away","https://www.mshsaa.org/MySchool/Schedule.aspx?s=152&alg=33","https://www.mshsaa.org/MySchool/Matchup.aspx?s=152&alg=33&comp=2702064","3351 E Gans Road, Columbia, MO 65201"
"152","Osage High School","Volleyball Girls","57","Varsity","10/15","7:30 pm","","California","home","https://www.mshsaa.org/MySchool/Schedule.aspx?s=152&alg=57","https://www.mshsaa.org/MySchool/Matchup.aspx?s=152&alg=57&comp=2646051","636 Hwy 42, Osage Beach, MO 65065-5301"
"578","Rock Bridge High School","Volleyball Girls","57","Varsity","10/15","7:00 pm","","Blair Oaks","away","https://www.mshsaa.org/MySchool/Schedule.aspx?s=578&alg=57","https://www.mshsaa.org/MySchool/Matchup.aspx?s=578&alg=57&comp=2653023","6124 Falcon Ln, Jefferson City, MO 65101-9751"
"430","Russellville High School","Volleyball Girls","57","Varsity","10/15","7:00 pm","","Tipton","home","https://www.mshsaa.org/MySchool/Schedule.aspx?s=430&alg=57","https://www.mshsaa.org/MySchool/Matchup.aspx?s=430&alg=57&comp=2612895","13600 Rte C, Russellville, MO 65074"
"194","Smith-Cotton High School","Soccer Boys","33","Varsity","10/15","7:00 pm","","Marshall","away","https://www.mshsaa.org/MySchool/Schedule.aspx?s=194&alg=33","https://www.mshsaa.org/MySchool/Matchup.aspx?s=194&alg=33&comp=2679108","805 S Miami, Marshall, MO 65340-2499"
"194","Smith-Cotton High School","Volleyball Girls","57","Varsity","10/15","6:00 pm","","Boonville","home","https://www.mshsaa.org/MySchool/Schedule.aspx?s=194&alg=57","https://www.mshsaa.org/MySchool/Matchup.aspx?s=194&alg=57&comp=2643412","2010 Tiger Pride Blvd, Sedalia, MO 65301-8503"
"2","Southern Boone High School","Cross Country Boys","11","Varsity","10/15","","","Tri County Conference Cross Country Meet","tournament","https://www.mshsaa.org/MySchool/Schedule.aspx?s=2&alg=11","https://www.mshsaa.org/MySchool/Tournament.aspx?s=2&alg=11&tournament=559457","Eldon, MO"
"2","Southern Boone High School","Cross Country Girls","12","Varsity","10/15","","","Tri County Conference Cross Country Meet","tournament","https://www.mshsaa.org/MySchool/Schedule.aspx?s=2&alg=12","https://www.mshsaa.org/MySchool/Tournament.aspx?s=2&alg=12&tournament=559464","Eldon, MO"
"2","Southern Boone High School","Soccer Boys","33","Varsity","10/15","6:30 pm","","Fulton","home","https://www.mshsaa.org/MySchool/Schedule.aspx?s=2&alg=33","https://www.mshsaa.org/MySchool/Matchup.aspx?s=2&alg=33&comp=2632903","14520 Crump Lane, Ashland, MO 65010-9464"
"2","Southern Boone High School","Volleyball Girls","57","Varsity","10/15","6:30 pm","","Hallsville","away","https://www.mshsaa.org/MySchool/Schedule.aspx?s=2&alg=57","https://www.mshsaa.org/MySchool/Matchup.aspx?s=2&alg=57&comp=2653894","421 E Hwy 124, Hallsville, MO 65255-9346"
"474","Tipton High School","Volleyball Girls","57","Varsity","10/15","7:00 pm","","Russellville","away","https://www.mshsaa.org/MySchool/Schedule.aspx?s=474&alg=57","https://www.mshsaa.org/MySchool/Matchup.aspx?s=474&alg=57&comp=2616857","13600 Rte C, Russellville, MO 65074"
"485","Versailles High School","Cross Country Boys","11","Varsity","10/15","","","OHC Conference Meet","tournament","https://www.mshsaa.org/MySchool/Schedule.aspx?s=485&alg=11","https://www.mshsaa.org/MySchool/Tournament.aspx?s=485&alg=11&tournament=565608","Versailles, MO"
"485","Versailles High School","Cross Country Girls","12","Varsity","10/15","","","OHC Conference Meet","tournament","https://www.mshsaa.org/MySchool/Schedule.aspx?s=485&alg=12","https://www.mshsaa.org/MySchool/Tournament.aspx?s=485&alg=12&tournament=565616","Versailles, MO"
"953","Battle High School","Cross Country Boys","11","Varsity","10/16","","","CMAC Championships","tournament","https://www.mshsaa.org/MySchool/Schedule.aspx?s=953&alg=11","https://www.mshsaa.org/MySchool/Tournament.aspx?s=953&alg=11&tournament=597912","Jefferson City, MO"
"953","Battle High School","Cross Country Girls","12","Varsity","10/16","","","CMAC Championships","tournament","https://www.mshsaa.org/MySchool/Schedule.aspx?s=953&alg=12","https://www.mshsaa.org/MySchool/Tournament.aspx?s=953&alg=12&tournament=597918","Jefferson City, MO"
"953","Battle High School","Football","19","Varsity","10/16","7:00 pm","","Jefferson City","away","https://www.mshsaa.org/MySchool/Schedule.aspx?s=953&alg=19","https://www.mshsaa.org/MySchool/Matchup.aspx?s=953&alg=19&comp=2666897","609 Union St, Jefferson City, MO 65101-2898"
"217","Blair Oaks High School","Football","19","Varsity","10/16","7:00 pm","","Eldon","away","https://www.mshsaa.org/MySchool/Schedule.aspx?s=217&alg=19","https://www.mshsaa.org/MySchool/Matchup.aspx?s=217&alg=19&comp=2627484","112 S Pine St, Eldon, MO 65026-1594"
"16","Boonville High School","Football","19","Varsity","10/16","7:00 pm","","Osage","away","https://www.mshsaa.org/MySchool/Schedule.aspx?s=16&alg=19","https://www.mshsaa.org/MySchool/Matchup.aspx?s=16&alg=19&comp=2567165","636 Hwy 42, Osage Beach, MO 65065-5301"
"582","California High School","Football","19","Varsity","10/16","7:00 pm","","Fulton","away","https://www.mshsaa.org/MySchool/Schedule.aspx?s=582&alg=19","https://www.mshsaa.org/MySchool/Matchup.aspx?s=582&alg=19&comp=2519684","#1 Hornet Drive, Fulton, MO 65251-2729"
"26","Camdenton High School","Cross Country Boys","11","Varsity","10/16","","","CMAC Conference XC Meet","tournament","https://www.mshsaa.org/MySchool/Schedule.aspx?s=26&alg=11","https://www.mshsaa.org/MySchool/Tournament.aspx?s=26&alg=11&tournament=578486","Columbia, MO"
"26","Camdenton High School","Cross Country Girls","12","Varsity","10/16","","","CMAC Conference XC Meet","tournament","https://www.mshsaa.org/MySchool/Schedule.aspx?s=26&alg=12","https://www.mshsaa.org/MySchool/Tournament.aspx?s=26&alg=12&tournament=578933","Columbia, MO"
"26","Camdenton High School","Football","19","Varsity","10/16","7:00 pm","","Capital City","home","https://www.mshsaa.org/MySchool/Schedule.aspx?s=26&alg=19","https://www.mshsaa.org/MySchool/Matchup.aspx?s=26&alg=19&comp=2696908","662 Laker Pride Road, Camdenton, MO 65020-1409"
"26","Camdenton High School","Soccer Boys","33","Varsity","10/16","6:30 pm","","Central (Springfield)","away","https://www.mshsaa.org/MySchool/Schedule.aspx?s=26&alg=33","https://www.mshsaa.org/MySchool/Matchup.aspx?s=26&alg=33&comp=2779591","423 E Central St, Springfield, MO 65802-3765"
"1540","Capital City High School","Cross Country Boys","11","Varsity","10/16","9:00 am","","CMAC Conference","tournament","https://www.mshsaa.org/MySchool/Schedule.aspx?s=1540&alg=11","https://www.mshsaa.org/MySchool/Tournament.aspx?s=1540&alg=11&tournament=572812","Jefferson City, MO"
"1540","Capital City High School","Cross Country Girls","12","Varsity","10/16","9:30 am","","CMAC Conference","tournament","https://www.mshsaa.org/MySchool/Schedule.aspx?s=1540&alg=12","https://www.mshsaa.org/MySchool/Tournament.aspx?s=1540&alg=12&tournament=572820","Jefferson City, MO"
"1540","Capital City High School","Football","19","Varsity","10/16","7:00 pm","","Camdenton","away","https://www.mshsaa.org/MySchool/Schedule.aspx?s=1540&alg=19","https://www.mshsaa.org/MySchool/Matchup.aspx?s=1540&alg=19&comp=2622662","662 Laker Pride Road, Camdenton, MO 65020-1409"
"53","Centralia High School","Football","19","Varsity","10/16","7:00 pm","","Palmyra","away","https://www.mshsaa.org/MySchool/Schedule.aspx?s=53&alg=19","https://www.mshsaa.org/MySchool/Matchup.aspx?s=53&alg=19&comp=2584459","1703 S Main St, Palmyra, MO 63461"
"1099","Christian Fellowship","Soccer Boys","33","Varsity","10/16","6:00 pm","","Barstow","home","https://www.mshsaa.org/MySchool/Schedule.aspx?s=1099&alg=33","https://www.mshsaa.org/MySchool/Matchup.aspx?s=1099&alg=33&comp=2720962","4600 Christian Fellowship Rd, Columbia, MO 65203"
"278","Eldon High School","Football","19","Varsity","10/16","7:00 pm","","Blair Oaks","home","https://www.mshsaa.org/MySchool/Schedule.aspx?s=278&alg=19","https://www.mshsaa.org/MySchool/Matchup.aspx?s=278&alg=19&comp=2628613","1400 N. Grand Ave, Eldon, MO 65026"
"917","Father Tolton","Football","19","Varsity","10/16","7:00 pm","","Hayti","away","https://www.mshsaa.org/MySchool/Schedule.aspx?s=917&alg=19","https://www.mshsaa.org/MySchool/Matchup.aspx?s=917&alg=19&comp=2621736","500 N. 4th St., Hayti, MO 63851-0469"
"294","Fayette High School","Football","19","Varsity","10/16","7:00 pm","","South Callaway","away","https://www.mshsaa.org/MySchool/Schedule.aspx?s=294&alg=19","https://www.mshsaa.org/MySchool/Matchup.aspx?s=294&alg=19&comp=2644964","10135 State Rd C, Mokane, MO 65059-0038"
"80","Fulton High School","Football","19","Varsity","10/16","7:00 pm","","California","home","https://www.mshsaa.org/MySchool/Schedule.aspx?s=80&alg=19","https://www.mshsaa.org/MySchool/Matchup.aspx?s=80&alg=19&comp=2589278","#1 Hornet Drive, Fulton, MO 65251-2729"
"302","Glasgow High School","Cross Country Boys","11","Varsity","10/16","","","Monroe City HSXC Invite","tournament","https://www.mshsaa.org/MySchool/Schedule.aspx?s=302&alg=11","https://www.mshsaa.org/MySchool/Tournament.aspx?s=302&alg=11&tournament=582472","Monroe C Ity, MO"
"302","Glasgow High School","Cross Country Girls","12","Varsity","10/16","","","Monroe City HSXC Invite","tournament","https://www.mshsaa.org/MySchool/Schedule.aspx?s=302&alg=12","https://www.mshsaa.org/MySchool/Tournament.aspx?s=302&alg=12&tournament=582471","Monroe C Ity, MO"
"311","Hallsville High School","Football","19","Varsity","10/16","7:00 pm","","Southern Boone","home","https://www.mshsaa.org/MySchool/Schedule.aspx?s=311&alg=19","https://www.mshsaa.org/MySchool/Matchup.aspx?s=311&alg=19&comp=2589272","421 E Hwy 124, Hallsville, MO 65255-9346"
"311","Hallsville High School","Soccer Boys","33","Varsity","10/16","6:00 pm","","Barstow","home","https://www.mshsaa.org/MySchool/Schedule.aspx?s=311&alg=33","https://www.mshsaa.org/MySchool/Matchup.aspx?s=311&alg=33&comp=2720962","4600 Christian Fellowship Rd, Columbia, MO 65203"
"313","Harrisburg High School","Football","19","Varsity","10/16","7:00 pm","","Russellville","home","https://www.mshsaa.org/MySchool/Schedule.aspx?s=313&alg=19","https://www.mshsaa.org/MySchool/Matchup.aspx?s=313&alg=19&comp=2633499","801 S Harris St, Harrisburg, MO 65256-9542"
"522","Helias High School","Cross Country Boys","11","Varsity","10/16","8:00 am","","CMAC Conference Meet","tournament","https://www.mshsaa.org/MySchool/Schedule.aspx?s=522&alg=11","https://www.mshsaa.org/MySchool/Tournament.aspx?s=522&alg=11&tournament=544816","Columbia, MO"
"522","Helias High School","Cross Country Girls","12","Varsity","10/16","8:00 am","","CMAC Conference Meet","tournament","https://www.mshsaa.org/MySchool/Schedule.aspx?s=522&alg=12","https://www.mshsaa.org/MySchool/Tournament.aspx?s=522&alg=12&tournament=544825",""
"85","Hickman High School","Cross Country Boys","11","Varsity","10/16","","","CMAC Meet","tournament","https://www.mshsaa.org/MySchool/Schedule.aspx?s=85&alg=11","https://www.mshsaa.org/MySchool/Tournament.aspx?s=85&alg=11&tournament=587515",""
"85","Hickman High School","Cross Country Girls","12","Varsity","10/16","","","CMAC Meet","tournament","https://www.mshsaa.org/MySchool/Schedule.aspx?s=85&alg=12","https://www.mshsaa.org/MySchool/Tournament.aspx?s=85&alg=12&tournament=587602",""
"85","Hickman High School","Football","19","Varsity","10/16","7:00 pm","","Rock Bridge","away","https://www.mshsaa.org/MySchool/Schedule.aspx?s=85&alg=19","https://www.mshsaa.org/MySchool/Matchup.aspx?s=85&alg=19&comp=2646533","4303 S Providence Rd, Columbia, MO 65203-7198"
"85","Hickman High School","Swimming and Diving Boys","44","Varsity","10/16","4:30 pm","","BlueMO Invite- Diving","tournament","https://www.mshsaa.org/MySchool/Schedule.aspx?s=85&alg=44","https://www.mshsaa.org/MySchool/Tournament.aspx?s=85&alg=44&tournament=592808",""
"84","Jefferson City High School","Cross Country Boys","11","Varsity","10/16","","","CMAC Conference Meet","tournament","https://www.mshsaa.org/MySchool/Schedule.aspx?s=84&alg=11","https://www.mshsaa.org/MySchool/Tournament.aspx?s=84&alg=11&tournament=540381","Columbia, MO"
"84","Jefferson City High School","Cross Country Girls","12","Varsity","10/16","","","CMAC Conference Meet","tournament","https://www.mshsaa.org/MySchool/Schedule.aspx?s=84&alg=12","https://www.mshsaa.org/MySchool/Tournament.aspx?s=84&alg=12&tournament=566509","Columbia, MO"
"84","Jefferson City High School","Football","19","Varsity","10/16","7:00 pm","","Battle","home","https://www.mshsaa.org/MySchool/Schedule.aspx?s=84&alg=19","https://www.mshsaa.org/MySchool/Matchup.aspx?s=84&alg=19&comp=2560887","609 Union St, Jefferson City, MO 65101-2898"
"360","Marshall High School","Football","19","Varsity","10/16","7:00 pm","","Rolla","home","https://www.mshsaa.org/MySchool/Schedule.aspx?s=360&alg=19","https://www.mshsaa.org/MySchool/Matchup.aspx?s=360&alg=19&comp=2617915","805 S Miami, Marshall, MO 65340-2499"
"128","Mexico High School","Football","19","Varsity","10/16","7:00 pm","","Bowling Green","away","https://www.mshsaa.org/MySchool/Schedule.aspx?s=128&alg=19","https://www.mshsaa.org/MySchool/Matchup.aspx?s=128&alg=19&comp=2586280","700 W Adams Street, Bowling Green, MO 63334-2033"
"569","Missouri Military Academy","Football","19","Varsity","10/16","7:00 pm","","Doniphan","away","https://www.mshsaa.org/MySchool/Schedule.aspx?s=569&alg=19","https://www.mshsaa.org/MySchool/Matchup.aspx?s=569&alg=19&comp=2600476","5 Ball Park Rd., Doniphan, MO 63935-1199"
"132","Moberly High School","Football","19","Varsity","10/16","7:00 pm","","Chillicothe","away","https://www.mshsaa.org/MySchool/Schedule.aspx?s=132&alg=19","https://www.mshsaa.org/MySchool/Matchup.aspx?s=132&alg=19&comp=2663294","2801 Hornet Dr, Chillicothe, MO 64601-3625"
"139","North Callaway High School","Football","19","Varsity","10/16","7:00 pm","","Van-Far","home","https://www.mshsaa.org/MySchool/Schedule.aspx?s=139&alg=19","https://www.mshsaa.org/MySchool/Matchup.aspx?s=139&alg=19&comp=2591224","2700 Thunderbird Dr, Kingdom City, MO 65262-1817"
"152","Osage High School","Football","19","Varsity","10/16","7:00 pm","","Boonville","home","https://www.mshsaa.org/MySchool/Schedule.aspx?s=152&alg=19","https://www.mshsaa.org/MySchool/Matchup.aspx?s=152&alg=19&comp=2519000","636 Hwy 42, Osage Beach, MO 65065-5301"
"578","Rock Bridge High School","Cross Country Boys","11","Varsity","10/16","","","CMAC Conference Meet","tournament","https://www.mshsaa.org/MySchool/Schedule.aspx?s=578&alg=11","https://www.mshsaa.org/MySchool/Tournament.aspx?s=578&alg=11&tournament=596590","Columbia, MO"
"578","Rock Bridge High School","Cross Country Girls","12","Varsity","10/16","","","CMAC Conference Meet","tournament","https://www.mshsaa.org/MySchool/Schedule.aspx?s=578&alg=12","https://www.mshsaa.org/MySchool/Tournament.aspx?s=578&alg=12&tournament=596604","Columbia, MO"
"578","Rock Bridge High School","Football","19","Varsity","10/16","7:00 pm","","Hickman","home","https://www.mshsaa.org/MySchool/Schedule.aspx?s=578&alg=19","https://www.mshsaa.org/MySchool/Matchup.aspx?s=578&alg=19&comp=2673274","4303 S Providence Rd, Columbia, MO 65203-7198"
"430","Russellville High School","Football","19","Varsity","10/16","7:00 pm","","Harrisburg","away","https://www.mshsaa.org/MySchool/Schedule.aspx?s=430&alg=19","https://www.mshsaa.org/MySchool/Matchup.aspx?s=430&alg=19&comp=2633145","801 S Harris St, Harrisburg, MO 65256-9542"
"431","Salisbury High School","Football","19","Varsity","10/16","7:00 pm","","Crest Ridge with Chilhowee","home","https://www.mshsaa.org/MySchool/Schedule.aspx?s=431&alg=19","https://www.mshsaa.org/MySchool/Matchup.aspx?s=431&alg=19&comp=2661511","309 W 11th St, Salisbury, MO 65281"
"194","Smith-Cotton High School","Cross Country Boys","11","Varsity","10/16","","","CMAC Championship","tournament","https://www.mshsaa.org/MySchool/Schedule.aspx?s=194&alg=11","https://www.mshsaa.org/MySchool/Tournament.aspx?s=194&alg=11&tournament=556798","Columbia, MO"
"194","Smith-Cotton High School","Cross Country Girls","12","Varsity","10/16","","","CMAC Championship","tournament","https://www.mshsaa.org/MySchool/Schedule.aspx?s=194&alg=12","https://www.mshsaa.org/MySchool/Tournament.aspx?s=194&alg=12&tournament=558629","Columbia, MO"
"197","South Callaway High School","Football","19","Varsity","10/16","7:00 pm","","Fayette","home","https://www.mshsaa.org/MySchool/Schedule.aspx?s=197&alg=19","https://www.mshsaa.org/MySchool/Matchup.aspx?s=197&alg=19&comp=2639317","10135 State Rd C, Mokane, MO 65059-0038"
"2","Southern Boone High School","Football","19","Varsity","10/16","7:00 pm","","Hallsville","away","https://www.mshsaa.org/MySchool/Schedule.aspx?s=2&alg=19","https://www.mshsaa.org/MySchool/Matchup.aspx?s=2&alg=19&comp=2599050","421 E Hwy 124, Hallsville, MO 65255-9346"
"474","Tipton High School","Football","19","Varsity","10/16","7:00 pm","","Linn","away","https://www.mshsaa.org/MySchool/Schedule.aspx?s=474&alg=19","https://www.mshsaa.org/MySchool/Matchup.aspx?s=474&alg=19&comp=2633254","141 Wildcat Drive, Linn, MO 65051"
"485","Versailles High School","Football","19","Varsity","10/16","7:00 pm","","Butler","home","https://www.mshsaa.org/MySchool/Schedule.aspx?s=485&alg=19","https://www.mshsaa.org/MySchool/Matchup.aspx?s=485&alg=19&comp=2495083","913 W Newton, Versailles, MO 65084-1811"
"953","Battle High School","Swimming and Diving Boys","44","Varsity","10/17","","","Tiger Invitational","tournament","https://www.mshsaa.org/MySchool/Schedule.aspx?s=953&alg=44","https://www.mshsaa.org/MySchool/Tournament.aspx?s=953&alg=44&tournament=589115","Sedalia, MO"
"16","Boonville High School","Soccer Boys","33","Varsity","10/17","","","Stover Classic","tournament","https://www.mshsaa.org/MySchool/Schedule.aspx?s=16&alg=33","https://www.mshsaa.org/MySchool/Tournament.aspx?s=16&alg=33&tournament=566447","Stover, MO"
"26","Camdenton High School","Swimming and Diving Boys","44","Varsity","10/17","","","Tiger Invitational","tournament","https://www.mshsaa.org/MySchool/Schedule.aspx?s=26&alg=44","https://www.mshsaa.org/MySchool/Tournament.aspx?s=26&alg=44&tournament=590445","Sedalia, MO"
"1540","Capital City High School","Swimming and Diving Boys","44","Varsity","10/17","","","Tiger Invitational","tournament","https://www.mshsaa.org/MySchool/Schedule.aspx?s=1540&alg=44","https://www.mshsaa.org/MySchool/Tournament.aspx?s=1540&alg=44&tournament=563829","Sedalia, MO"
"53","Centralia High School","Volleyball Girls","57","Varsity","10/17","","","Eugene Invitational","tournament","https://www.mshsaa.org/MySchool/Schedule.aspx?s=53&alg=57","https://www.mshsaa.org/MySchool/Tournament.aspx?s=53&alg=57&tournament=552323","Eugene, MO"
"1099","Christian Fellowship","Swimming and Diving Boys","44","Varsity","10/17","","","Tiger Invitational","tournament","https://www.mshsaa.org/MySchool/Schedule.aspx?s=1099&alg=44","https://www.mshsaa.org/MySchool/Tournament.aspx?s=1099&alg=44&tournament=594249",""
"566","Columbia Independent","Swimming and Diving Boys","44","Varsity","10/17","","","Tiger Invitational","tournament","https://www.mshsaa.org/MySchool/Schedule.aspx?s=566&alg=44","https://www.mshsaa.org/MySchool/Tournament.aspx?s=566&alg=44&tournament=594249",""
"566","Columbia Independent","Volleyball Girls","57","Varsity","10/17","","","Eugene Invitational","tournament","https://www.mshsaa.org/MySchool/Schedule.aspx?s=566&alg=57","https://www.mshsaa.org/MySchool/Tournament.aspx?s=566&alg=57&tournament=551887","Eugene, MO"
"917","Father Tolton","Soccer Boys","33","Varsity","10/17","1:00 pm","","Barstow","home","https://www.mshsaa.org/MySchool/Schedule.aspx?s=917&alg=33","https://www.mshsaa.org/MySchool/Matchup.aspx?s=917&alg=33&comp=2665275","3351 E. Gans Rd., Columbia, MO 65201"
"917","Father Tolton","Swimming and Diving Boys","44","Varsity","10/17","","","Tiger Invitational","tournament","https://www.mshsaa.org/MySchool/Schedule.aspx?s=917&alg=44","https://www.mshsaa.org/MySchool/Tournament.aspx?s=917&alg=44&tournament=589115","Sedalia, MO"
"80","Fulton High School","Volleyball Girls","57","Varsity","10/17","","","Versailles Invitational Tournament","tournament","https://www.mshsaa.org/MySchool/Schedule.aspx?s=80&alg=57","https://www.mshsaa.org/MySchool/Tournament.aspx?s=80&alg=57&tournament=548114","Versailles, MO"
"302","Glasgow High School","Cross Country Boys","11","Varsity","10/17","","","Sturgeon Scorcher","tournament","https://www.mshsaa.org/MySchool/Schedule.aspx?s=302&alg=11","https://www.mshsaa.org/MySchool/Tournament.aspx?s=302&alg=11&tournament=591218","Sturgeon, MO"
"302","Glasgow High School","Cross Country Girls","12","Varsity","10/17","","","Sturgeon Scorcher","tournament","https://www.mshsaa.org/MySchool/Schedule.aspx?s=302&alg=12","https://www.mshsaa.org/MySchool/Tournament.aspx?s=302&alg=12&tournament=591219","Sturgeon, MO"
"311","Hallsville High School","Volleyball Girls","57","Varsity","10/17","","","Versailles Invitational Tournament","tournament","https://www.mshsaa.org/MySchool/Schedule.aspx?s=311&alg=57","https://www.mshsaa.org/MySchool/Tournament.aspx?s=311&alg=57&tournament=551869","Versailles, MO"
"313","Harrisburg High School","Cross Country Boys","11","Varsity","10/17","","","Smithton Pumpkin Invite","tournament","https://www.mshsaa.org/MySchool/Schedule.aspx?s=313&alg=11","https://www.mshsaa.org/MySchool/Tournament.aspx?s=313&alg=11&tournament=580834","Smithton, MO"
"313","Harrisburg High School","Cross Country Girls","12","Varsity","10/17","","","Smithton Pumpkin Invite","tournament","https://www.mshsaa.org/MySchool/Schedule.aspx?s=313&alg=12","https://www.mshsaa.org/MySchool/Tournament.aspx?s=313&alg=12&tournament=580841","Smithton, MO"
"522","Helias High School","Football","19","Varsity","10/17","7:00 pm","","Smith-Cotton","home","https://www.mshsaa.org/MySchool/Schedule.aspx?s=522&alg=19","https://www.mshsaa.org/MySchool/Matchup.aspx?s=522&alg=19&comp=2646648","1305 Swifts Hwy, Jefferson City, MO 65109-2595"
"85","Hickman High School","Soccer Boys","33","Varsity","10/17","2:00 pm","","Moberly","away","https://www.mshsaa.org/MySchool/Schedule.aspx?s=85&alg=33","https://www.mshsaa.org/MySchool/Matchup.aspx?s=85&alg=33&comp=2787138","1625 Gratz Brown, Moberly, MO 65270-1904"
"85","Hickman High School","Swimming and Diving Boys","44","Varsity","10/17","10:00 am","","BlueMo Invite-Swimming","tournament","https://www.mshsaa.org/MySchool/Schedule.aspx?s=85&alg=44","https://www.mshsaa.org/MySchool/Tournament.aspx?s=85&alg=44&tournament=592809","Sedalia, MO"
"317","Higbee High School","Cross Country Girls","12","Varsity","10/17","","","Sturgeon Scorcher","tournament","https://www.mshsaa.org/MySchool/Schedule.aspx?s=317&alg=12","https://www.mshsaa.org/MySchool/Tournament.aspx?s=317&alg=12&tournament=589107","Sturgeon, MO"
"84","Jefferson City High School","Swimming and Diving Boys","44","Varsity","10/17","","","Tiger Invitational","tournament","https://www.mshsaa.org/MySchool/Schedule.aspx?s=84&alg=44","https://www.mshsaa.org/MySchool/Tournament.aspx?s=84&alg=44&tournament=593352","Sedalia, MO"
"360","Marshall High School","Cross Country Boys","11","Varsity","10/17","","","NCMC Cross Country","tournament","https://www.mshsaa.org/MySchool/Schedule.aspx?s=360&alg=11","https://www.mshsaa.org/MySchool/Tournament.aspx?s=360&alg=11&tournament=563996","Mexico, MO"
"360","Marshall High School","Cross Country Girls","12","Varsity","10/17","","","NCMC Cross Country","tournament","https://www.mshsaa.org/MySchool/Schedule.aspx?s=360&alg=12","https://www.mshsaa.org/MySchool/Tournament.aspx?s=360&alg=12&tournament=584473","Mexico, MO"
"360","Marshall High School","Swimming and Diving Boys","44","Varsity","10/17","","","Tiger Invitational","tournament","https://www.mshsaa.org/MySchool/Schedule.aspx?s=360&alg=44","https://www.mshsaa.org/MySchool/Tournament.aspx?s=360&alg=44&tournament=575920","Sedalia, MO"
"569","Missouri Military Academy","Cross Country Boys","11","Varsity","10/17","","","Sturgeon Scorcher","tournament","https://www.mshsaa.org/MySchool/Schedule.aspx?s=569&alg=11","https://www.mshsaa.org/MySchool/Tournament.aspx?s=569&alg=11&tournament=589573","Sturgeon, MO"
"569","Missouri Military Academy","Swimming and Diving Boys","44","Varsity","10/17","","","Tiger Invitational","tournament","https://www.mshsaa.org/MySchool/Schedule.aspx?s=569&alg=44","https://www.mshsaa.org/MySchool/Tournament.aspx?s=569&alg=44&tournament=576034","Sedalia, MO"
"132","Moberly High School","Cross Country Boys","11","Varsity","10/17","","","Frank Lemons Invitational","tournament","https://www.mshsaa.org/MySchool/Schedule.aspx?s=132&alg=11","https://www.mshsaa.org/MySchool/Tournament.aspx?s=132&alg=11&tournament=583467","Hannibal, MO"
"132","Moberly High School","Cross Country Girls","12","Varsity","10/17","","","Frank Lemons Invitational","tournament","https://www.mshsaa.org/MySchool/Schedule.aspx?s=132&alg=12","https://www.mshsaa.org/MySchool/Tournament.aspx?s=132&alg=12&tournament=585355","Hannibal, MO"
"132","Moberly High School","Soccer Boys","33","Varsity","10/17","2:00 pm","","Hickman","home","https://www.mshsaa.org/MySchool/Schedule.aspx?s=132&alg=33","https://www.mshsaa.org/MySchool/Matchup.aspx?s=132&alg=33&comp=2786807","1625 Gratz Brown Street, Moberly, MO 65270"
"139","North Callaway High School","Cross Country Boys","11","Varsity","10/17","","","EMO Conference Meet","tournament","https://www.mshsaa.org/MySchool/Schedule.aspx?s=139&alg=11","https://www.mshsaa.org/MySchool/Tournament.aspx?s=139&alg=11&tournament=552837","Bowling Green, MO"
"139","North Callaway High School","Cross Country Girls","12","Varsity","10/17","","","EMO Conference Meet","tournament","https://www.mshsaa.org/MySchool/Schedule.aspx?s=139&alg=12","https://www.mshsaa.org/MySchool/Tournament.aspx?s=139&alg=12&tournament=552843",""
"152","Osage High School","Volleyball Girls","57","Varsity","10/17","","","Versailles Invitational Tournament","tournament","https://www.mshsaa.org/MySchool/Schedule.aspx?s=152&alg=57","https://www.mshsaa.org/MySchool/Tournament.aspx?s=152&alg=57&tournament=551842","Versailles, MO"
"578","Rock Bridge High School","Soccer Boys","33","Varsity","10/17","11:45 am","","Marquette","away","https://www.mshsaa.org/MySchool/Schedule.aspx?s=578&alg=33","https://www.mshsaa.org/MySchool/Matchup.aspx?s=578&alg=33&comp=2743252","2351 Clarkson Rd, Chesterfield, MO 63017-7122"
"430","Russellville High School","Cross Country Boys","11","Varsity","10/17","","","Smithton Pumpkin Run","tournament","https://www.mshsaa.org/MySchool/Schedule.aspx?s=430&alg=11","https://www.mshsaa.org/MySchool/Tournament.aspx?s=430&alg=11&tournament=594500","Smithton, MO"
"430","Russellville High School","Volleyball Girls","57","Varsity","10/17","","","Eugene Invitational","tournament","https://www.mshsaa.org/MySchool/Schedule.aspx?s=430&alg=57","https://www.mshsaa.org/MySchool/Tournament.aspx?s=430&alg=57&tournament=541506","Eugene, MO"
"194","Smith-Cotton High School","Football","19","Varsity","10/17","7:00 pm","","Helias Catholic","away","https://www.mshsaa.org/MySchool/Schedule.aspx?s=194&alg=19","https://www.mshsaa.org/MySchool/Matchup.aspx?s=194&alg=19&comp=2690157","1305 Swifts Hwy, Jefferson City, MO 65109-2595"
"194","Smith-Cotton High School","Swimming and Diving Boys","44","Varsity","10/17","","","Tiger Invitational","tournament","https://www.mshsaa.org/MySchool/Schedule.aspx?s=194&alg=44","https://www.mshsaa.org/MySchool/Tournament.aspx?s=194&alg=44&tournament=575869","Sedalia, MO"
"197","South Callaway High School","Cross Country Boys","11","Varsity","10/17","9:00 am","","Smithton","away","https://www.mshsaa.org/MySchool/Schedule.aspx?s=197&alg=11","https://www.mshsaa.org/MySchool/Matchup.aspx?s=197&alg=11&comp=2726986","505 S Myrtle Ave, Smithton, MO 65350-1038"
"197","South Callaway High School","Cross Country Girls","12","Varsity","10/17","9:00 am","","Smithton","away","https://www.mshsaa.org/MySchool/Schedule.aspx?s=197&alg=12","https://www.mshsaa.org/MySchool/Matchup.aspx?s=197&alg=12&comp=2726986","505 S Myrtle Ave, Smithton, MO 65350-1038"
"474","Tipton High School","Volleyball Girls","57","Varsity","10/17","","","Versailles Invitational Tournament","tournament","https://www.mshsaa.org/MySchool/Schedule.aspx?s=474&alg=57","https://www.mshsaa.org/MySchool/Tournament.aspx?s=474&alg=57&tournament=546492","Versailles, MO"
"485","Versailles High School","Volleyball Girls","57","Varsity","10/17","","","Versailles Invitational Tournament","tournament","https://www.mshsaa.org/MySchool/Schedule.aspx?s=485&alg=57","https://www.mshsaa.org/MySchool/Tournament.aspx?s=485&alg=57&tournament=548429","Versailles, MO"
"26","Camdenton High School","Soccer Boys","33","Varsity","10/19","5:00 pm","","Father Tolton","home","https://www.mshsaa.org/MySchool/Schedule.aspx?s=26&alg=33","https://www.mshsaa.org/MySchool/Matchup.aspx?s=26&alg=33&comp=2715184","662 Laker Pride Road, Camdenton, MO 65020-1409"
"1099","Christian Fellowship","Soccer Boys","33","Varsity","10/19","7:00 pm","","Green Ridge with Cole Camp","away","https://www.mshsaa.org/MySchool/Schedule.aspx?s=1099&alg=33","https://www.mshsaa.org/MySchool/Matchup.aspx?s=1099&alg=33&comp=2667301","401 W. Pettis, Green Ridge, MO 65332"
"278","Eldon High School","Golf Girls","24","Varsity","10/19-20","","","State Tournament","tournament","https://www.mshsaa.org/MySchool/Schedule.aspx?s=278&alg=24","https://www.mshsaa.org/MySchool/Tournament.aspx?s=278&alg=24&tournament=545007",""
"278","Eldon High School","Volleyball Girls","57","Varsity","10/19","6:30 pm","","Helias Catholic","home","https://www.mshsaa.org/MySchool/Schedule.aspx?s=278&alg=57","https://www.mshsaa.org/MySchool/Matchup.aspx?s=278&alg=57&comp=2623033","112 S Pine St, Eldon, MO 65026-1594"
"917","Father Tolton","Soccer Boys","33","Varsity","10/19","5:00 pm","","Camdenton","away","https://www.mshsaa.org/MySchool/Schedule.aspx?s=917&alg=33","https://www.mshsaa.org/MySchool/Matchup.aspx?s=917&alg=33&comp=2665269","662 Laker Pride Road, Camdenton, MO 65020-1409"
"917","Father Tolton","Volleyball Girls","57","Varsity","10/19","7:30 pm","","Southern Boone","home","https://www.mshsaa.org/MySchool/Schedule.aspx?s=917&alg=57","https://www.mshsaa.org/MySchool/Matchup.aspx?s=917&alg=57&comp=2695471","3351 E Gans Road, Columbia, MO 65201"
"294","Fayette High School","Cross Country Boys","11","Varsity","10/19","","","Robert Kelsay Invitational-Salisbury","tournament","https://www.mshsaa.org/MySchool/Schedule.aspx?s=294&alg=11","https://www.mshsaa.org/MySchool/Tournament.aspx?s=294&alg=11&tournament=592254",""
"80","Fulton High School","Golf Girls","24","Varsity","10/19","","","MSHSAA State Championships","tournament","https://www.mshsaa.org/MySchool/Schedule.aspx?s=80&alg=24","https://www.mshsaa.org/MySchool/Tournament.aspx?s=80&alg=24&tournament=579528",""
"80","Fulton High School","Soccer Boys","33","Varsity","10/19","5:00 pm","","Smithton","home","https://www.mshsaa.org/MySchool/Schedule.aspx?s=80&alg=33","https://www.mshsaa.org/MySchool/Matchup.aspx?s=80&alg=33&comp=2758505","#1 Hornet Drive, Fulton, MO 65251-2729"
"302","Glasgow High School","Cross Country Boys","11","Varsity","10/19","","","Robert Kelsay Invitational-Salisbury","tournament","https://www.mshsaa.org/MySchool/Schedule.aspx?s=302&alg=11","https://www.mshsaa.org/MySchool/Tournament.aspx?s=302&alg=11&tournament=593335",""
"302","Glasgow High School","Cross Country Girls","12","Varsity","10/19","","","Robert Kelsay Invitational-Salisbury","tournament","https://www.mshsaa.org/MySchool/Schedule.aspx?s=302&alg=12","https://www.mshsaa.org/MySchool/Tournament.aspx?s=302&alg=12&tournament=593334",""
"311","Hallsville High School","Cross Country Boys","11","Varsity","10/19","","","Robert Kelsay Invitational-Salisbury","tournament","https://www.mshsaa.org/MySchool/Schedule.aspx?s=311&alg=11","https://www.mshsaa.org/MySchool/Tournament.aspx?s=311&alg=11&tournament=593441",""
"311","Hallsville High School","Cross Country Girls","12","Varsity","10/19","","","Robert Kelsay Invitational-Salisbury","tournament","https://www.mshsaa.org/MySchool/Schedule.aspx?s=311&alg=12","https://www.mshsaa.org/MySchool/Tournament.aspx?s=311&alg=12&tournament=593440",""
"311","Hallsville High School","Soccer Boys","33","Varsity","10/19","7:00 pm","","Green Ridge with Cole Camp","away","https://www.mshsaa.org/MySchool/Schedule.aspx?s=311&alg=33","https://www.mshsaa.org/MySchool/Matchup.aspx?s=311&alg=33&comp=2667301","401 W. Pettis, Green Ridge, MO 65332"
"522","Helias High School","Soccer Boys","33","Varsity","10/19","6:45 pm","","Osage","away","https://www.mshsaa.org/MySchool/Schedule.aspx?s=522&alg=33","https://www.mshsaa.org/MySchool/Matchup.aspx?s=522&alg=33&comp=2677239","636 Hwy 42, Osage Beach, MO 65065-5301"
"522","Helias High School","Volleyball Girls","57","Varsity","10/19","6:30 pm","","Eldon","away","https://www.mshsaa.org/MySchool/Schedule.aspx?s=522&alg=57","https://www.mshsaa.org/MySchool/Matchup.aspx?s=522&alg=57&comp=2640997","112 S Pine St, Eldon, MO 65026-1594"
"85","Hickman High School","Volleyball Girls","57","Varsity","10/19","7:00 pm","","Rock Bridge","away","https://www.mshsaa.org/MySchool/Schedule.aspx?s=85&alg=57","https://www.mshsaa.org/MySchool/Matchup.aspx?s=85&alg=57&comp=2744139","4303 S Providence Rd, Columbia, MO 65203-7198"
"317","Higbee High School","Cross Country Girls","12","Varsity","10/19","","","Robert Kelsay Invitational-Salisbury","tournament","https://www.mshsaa.org/MySchool/Schedule.aspx?s=317&alg=12","https://www.mshsaa.org/MySchool/Tournament.aspx?s=317&alg=12&tournament=594303",""
"128","Mexico High School","Soccer Boys","33","Varsity","10/19","6:45 pm","","Moberly","away","https://www.mshsaa.org/MySchool/Schedule.aspx?s=128&alg=33","https://www.mshsaa.org/MySchool/Matchup.aspx?s=128&alg=33&comp=2762038","1625 Gratz Brown, Moberly, MO 65270-1904"
"132","Moberly High School","Soccer Boys","33","Varsity","10/19","6:45 pm","","Mexico","home","https://www.mshsaa.org/MySchool/Schedule.aspx?s=132&alg=33","https://www.mshsaa.org/MySchool/Matchup.aspx?s=132&alg=33&comp=2762094","1625 Gratz Brown, Moberly, MO 65270-1904"
"152","Osage High School","Soccer Boys","33","Varsity","10/19","6:45 pm","","Helias Catholic","home","https://www.mshsaa.org/MySchool/Schedule.aspx?s=152&alg=33","https://www.mshsaa.org/MySchool/Matchup.aspx?s=152&alg=33&comp=2677209","636 Hwy 42, Osage Beach, MO 65065-5301"
"578","Rock Bridge High School","Volleyball Girls","57","Varsity","10/19","7:00 pm","","Hickman","home","https://www.mshsaa.org/MySchool/Schedule.aspx?s=578&alg=57","https://www.mshsaa.org/MySchool/Matchup.aspx?s=578&alg=57&comp=2743486","4303 South Providence Road, Columbia, MO 65203"
"430","Russellville High School","Volleyball Girls","57","Varsity","10/19","6:00 pm","","Otterville","away","https://www.mshsaa.org/MySchool/Schedule.aspx?s=430&alg=57","https://www.mshsaa.org/MySchool/Matchup.aspx?s=430&alg=57&comp=2612896","101 W. Georgetown St., Otterville, MO 65348"
"431","Salisbury High School","Cross Country Boys","11","Varsity","10/19","4:30 pm","","Robert Kelsay Invitational-Salisbury","tournament","https://www.mshsaa.org/MySchool/Schedule.aspx?s=431&alg=11","https://www.mshsaa.org/MySchool/Tournament.aspx?s=431&alg=11&tournament=545827",""
"431","Salisbury High School","Cross Country Girls","12","Varsity","10/19","4:30 pm","","Robert Kelsay Invitational-Salisbury","tournament","https://www.mshsaa.org/MySchool/Schedule.aspx?s=431&alg=12","https://www.mshsaa.org/MySchool/Tournament.aspx?s=431&alg=12&tournament=545837",""
"2","Southern Boone High School","Volleyball Girls","57","Varsity","10/19","7:30 pm","","Father Tolton","away","https://www.mshsaa.org/MySchool/Schedule.aspx?s=2&alg=57","https://www.mshsaa.org/MySchool/Matchup.aspx?s=2&alg=57&comp=2653895","3351 E Gans Road, Columbia, MO 65201"
"953","Battle High School","Soccer Boys","33","Varsity","10/20","6:30 pm","","Smith-Cotton","away","https://www.mshsaa.org/MySchool/Schedule.aspx?s=953&alg=33","https://www.mshsaa.org/MySchool/Matchup.aspx?s=953&alg=33&comp=2722350","2010 Tiger Pride Blvd, Sedalia, MO 65301-8503"
"953","Battle High School","Tennis Girls","49","Varsity","10/20-29","","","Class 2 State Team Tournament","tournament","https://www.mshsaa.org/MySchool/Schedule.aspx?s=953&alg=49","https://www.mshsaa.org/Activities/DistrictWinners.aspx?alg=49&class=2&year=2026",""
"16","Boonville High School","Cross Country Boys","11","Varsity","10/20","","","Mexico Autumn Classic - Boonville, Centralia, Clark County, Eldon, Helias, Kirksville, Marion County, MMA, Moberly, St. Dominic","tournament","https://www.mshsaa.org/MySchool/Schedule.aspx?s=16&alg=11","https://www.mshsaa.org/MySchool/Tournament.aspx?s=16&alg=11&tournament=592324","Mexico, MO"
"16","Boonville High School","Cross Country Girls","12","Varsity","10/20","","","Mexico Autumn Classic - Boonville, Centralia, Clark County, Eldon, Helias, Kirksville, Marion County, MMA, Moberly, St. Dominic","tournament","https://www.mshsaa.org/MySchool/Schedule.aspx?s=16&alg=12","https://www.mshsaa.org/MySchool/Tournament.aspx?s=16&alg=12&tournament=592328","Mexico, MO"
"16","Boonville High School","Tennis Girls","49","Varsity","10/20-30","","","Class 1 State Team Tournament","tournament","https://www.mshsaa.org/MySchool/Schedule.aspx?s=16&alg=49","https://www.mshsaa.org/Activities/DistrictWinners.aspx?alg=49&class=1&year=2026",""
"26","Camdenton High School","Soccer Boys","33","Varsity","10/20","7:00 pm","","Jefferson City","home","https://www.mshsaa.org/MySchool/Schedule.aspx?s=26&alg=33","https://www.mshsaa.org/MySchool/Matchup.aspx?s=26&alg=33&comp=2777696","662 Laker Pride Road, Camdenton, MO 65020-1409"
"26","Camdenton High School","Tennis Girls","49","Varsity","10/20-29","","","Class 2 State Team Tournament","tournament","https://www.mshsaa.org/MySchool/Schedule.aspx?s=26&alg=49","https://www.mshsaa.org/Activities/DistrictWinners.aspx?alg=49&class=2&year=2026",""
"1540","Capital City High School","Soccer Boys","33","Varsity","10/20","6:30 pm","","Hickman","home","https://www.mshsaa.org/MySchool/Schedule.aspx?s=1540&alg=33","https://www.mshsaa.org/MySchool/Matchup.aspx?s=1540&alg=33&comp=2662539","2610 Mission Drive, Jefferson City, MO 65109"
"1540","Capital City High School","Tennis Girls","49","Varsity","10/20-29","","","Class 2 State Team Tournament","tournament","https://www.mshsaa.org/MySchool/Schedule.aspx?s=1540&alg=49","https://www.mshsaa.org/Activities/DistrictWinners.aspx?alg=49&class=2&year=2026",""
"566","Columbia Independent","Soccer Boys","33","Varsity","10/20","6:30 pm","","Smith-Cotton","away","https://www.mshsaa.org/MySchool/Schedule.aspx?s=566&alg=33","https://www.mshsaa.org/MySchool/Matchup.aspx?s=566&alg=33&comp=2722350","2010 Tiger Pride Blvd, Sedalia, MO 65301-8503"
"566","Columbia Independent","Tennis Girls","49","Varsity","10/20-30","","","Class 1 State Team Tournament","tournament","https://www.mshsaa.org/MySchool/Schedule.aspx?s=566&alg=49","https://www.mshsaa.org/Activities/DistrictWinners.aspx?alg=49&class=1&year=2026",""
"278","Eldon High School","Cross Country Boys","11","Varsity","10/20","","","Mexico Autumn Classic - Boonville, Centralia, Clark County, Eldon, Helias, Kirksville, Marion County, MMA, Moberly, St. Dominic","tournament","https://www.mshsaa.org/MySchool/Schedule.aspx?s=278&alg=11","https://www.mshsaa.org/MySchool/Tournament.aspx?s=278&alg=11&tournament=544988","Mexico, MO"
"278","Eldon High School","Cross Country Girls","12","Varsity","10/20","","","Mexico Autumn Classic","tournament","https://www.mshsaa.org/MySchool/Schedule.aspx?s=278&alg=12","https://www.mshsaa.org/MySchool/Tournament.aspx?s=278&alg=12&tournament=544997","Mexico, MO"
"917","Father Tolton","Tennis Girls","49","Varsity","10/20-30","","","Class 3 State Team Tournament","tournament","https://www.mshsaa.org/MySchool/Schedule.aspx?s=917&alg=49","https://www.mshsaa.org/Activities/DistrictWinners.aspx?alg=49&class=3&year=2026",""
"80","Fulton High School","Soccer Boys","33","Varsity","10/20","5:00 pm","","Winfield","home","https://www.mshsaa.org/MySchool/Schedule.aspx?s=80&alg=33","https://www.mshsaa.org/MySchool/Matchup.aspx?s=80&alg=33&comp=2647640","#1 Hornet Drive, Fulton, MO 65251-2729"
"80","Fulton High School","Tennis Girls","49","Varsity","10/20-30","","","Class 1 State Team Tournament","tournament","https://www.mshsaa.org/MySchool/Schedule.aspx?s=80&alg=49","https://www.mshsaa.org/Activities/DistrictWinners.aspx?alg=49&class=1&year=2026",""
"522","Helias High School","Soccer Boys","33","Varsity","10/20","6:45 pm","","Rock Bridge","home","https://www.mshsaa.org/MySchool/Schedule.aspx?s=522&alg=33","https://www.mshsaa.org/MySchool/Matchup.aspx?s=522&alg=33&comp=2744804","1305 Swifts Hwy, Jefferson City, MO 65109-2595"
"522","Helias High School","Tennis Girls","49","Varsity","10/20-29","","","Class 2 State Team Tournament","tournament","https://www.mshsaa.org/MySchool/Schedule.aspx?s=522&alg=49","https://www.mshsaa.org/Activities/DistrictWinners.aspx?alg=49&class=2&year=2026",""
"85","Hickman High School","Soccer Boys","33","Varsity","10/20","6:30 pm","","Capital City","away","https://www.mshsaa.org/MySchool/Schedule.aspx?s=85&alg=33","https://www.mshsaa.org/MySchool/Matchup.aspx?s=85&alg=33&comp=2675500","1650 Cavalier Drive, Jefferson City, MO 65109"
"85","Hickman High School","Tennis Girls","49","Varsity","10/20-30","","","Class 3 State Team Tournament","tournament","https://www.mshsaa.org/MySchool/Schedule.aspx?s=85&alg=49","https://www.mshsaa.org/Activities/DistrictWinners.aspx?alg=49&class=3&year=2026",""
"84","Jefferson City High School","Soccer Boys","33","Varsity","10/20","7:00 pm","","Camdenton","away","https://www.mshsaa.org/MySchool/Schedule.aspx?s=84&alg=33","https://www.mshsaa.org/MySchool/Matchup.aspx?s=84&alg=33&comp=2660278","662 Laker Pride Road, Camdenton, MO 65020-1409"
"84","Jefferson City High School","Tennis Girls","49","Varsity","10/20-29","","","Class 2 State Team Tournament","tournament","https://www.mshsaa.org/MySchool/Schedule.aspx?s=84&alg=49","https://www.mshsaa.org/Activities/DistrictWinners.aspx?alg=49&class=2&year=2026",""
"360","Marshall High School","Cross Country Boys","11","Varsity","10/20","4:00 pm","","Mexico","away","https://www.mshsaa.org/MySchool/Schedule.aspx?s=360&alg=11","https://www.mshsaa.org/MySchool/Matchup.aspx?s=360&alg=11&comp=2785572","639 N Wade, Mexico, MO 65265-1899"
"360","Marshall High School","Cross Country Girls","12","Varsity","10/20","4:00 pm","","Mexico","away","https://www.mshsaa.org/MySchool/Schedule.aspx?s=360&alg=12","https://www.mshsaa.org/MySchool/Matchup.aspx?s=360&alg=12&comp=2785572","639 N Wade, Mexico, MO 65265-1899"
"360","Marshall High School","Swimming and Diving Boys","44","Varsity","10/20","","","Warrensburg","tournament","https://www.mshsaa.org/MySchool/Schedule.aspx?s=360&alg=44","https://www.mshsaa.org/MySchool/Tournament.aspx?s=360&alg=44&tournament=592977","Warrensburg, MO"
"360","Marshall High School","Tennis Girls","49","Varsity","10/20-30","","","Class 1 State Team Tournament","tournament","https://www.mshsaa.org/MySchool/Schedule.aspx?s=360&alg=49","https://www.mshsaa.org/Activities/DistrictWinners.aspx?alg=49&class=1&year=2026",""
"128","Mexico High School","Cross Country Boys","11","Varsity","10/20","4:00 pm","","Mexico Autumn Classic - Boonville, Centralia, Clark County, Eldon, Helias, Kirksville, Marion County, MMA, Moberly, St. Dominic","tournament","https://www.mshsaa.org/MySchool/Schedule.aspx?s=128&alg=11","https://www.mshsaa.org/MySchool/Tournament.aspx?s=128&alg=11&tournament=569376","Mexico, MO"
"128","Mexico High School","Cross Country Girls","12","Varsity","10/20","4:00 pm","","Mexico Autumn Classic - Boonville, Centralia, Clark County, Eldon, Helias, Kirksville, Marion County, MMA, Moberly, St. Dominic","tournament","https://www.mshsaa.org/MySchool/Schedule.aspx?s=128&alg=12","https://www.mshsaa.org/MySchool/Tournament.aspx?s=128&alg=12&tournament=588299","Mexico, MO"
"128","Mexico High School","Soccer Boys","33","Varsity","10/20","4:30 pm","","Wright City","home","https://www.mshsaa.org/MySchool/Schedule.aspx?s=128&alg=33","https://www.mshsaa.org/MySchool/Matchup.aspx?s=128&alg=33&comp=2643192","639 N Wade, Mexico, MO 65265-1899"
"128","Mexico High School","Tennis Girls","49","Varsity","10/20-30","","","Class 1 State Team Tournament","tournament","https://www.mshsaa.org/MySchool/Schedule.aspx?s=128&alg=49","https://www.mshsaa.org/Activities/DistrictWinners.aspx?alg=49&class=1&year=2026",""
"569","Missouri Military Academy","Soccer Boys","33","Varsity","10/20","6:45 pm","","Ft. Zumwalt North","away","https://www.mshsaa.org/MySchool/Schedule.aspx?s=569&alg=33","https://www.mshsaa.org/MySchool/Matchup.aspx?s=569&alg=33&comp=2769441","1230 Tom Ginnever Ave, O'fallon, MO 63366-4499"
"132","Moberly High School","Cross Country Boys","11","Varsity","10/20","","","Mexico Autumn Classic - Boonville, Centralia, Clark County, Eldon, Helias, Kirksville, Marion County, MMA, Moberly, St. Dominic","tournament","https://www.mshsaa.org/MySchool/Schedule.aspx?s=132&alg=11","https://www.mshsaa.org/MySchool/Tournament.aspx?s=132&alg=11&tournament=584825","Mexico, MO"
"132","Moberly High School","Cross Country Girls","12","Varsity","10/20","","","Mexico Autumn Classic - Boonville, Centralia, Clark County, Eldon, Helias, Kirksville, Marion County, MMA, Moberly, St. Dominic","tournament","https://www.mshsaa.org/MySchool/Schedule.aspx?s=132&alg=12","https://www.mshsaa.org/MySchool/Tournament.aspx?s=132&alg=12&tournament=585356","Mexico, MO"
"132","Moberly High School","Tennis Girls","49","Varsity","10/20-30","","","Class 1 State Team Tournament","tournament","https://www.mshsaa.org/MySchool/Schedule.aspx?s=132&alg=49","https://www.mshsaa.org/Activities/DistrictWinners.aspx?alg=49&class=1&year=2026",""
"152","Osage High School","Cross Country Boys","11","Varsity","10/20","","","Mexico Autumn Classic - Boonville, Centralia, Clark County, Eldon, Helias, Kirksville, Marion County, MMA, Moberly, St. Dominic","tournament","https://www.mshsaa.org/MySchool/Schedule.aspx?s=152&alg=11","https://www.mshsaa.org/MySchool/Tournament.aspx?s=152&alg=11&tournament=578480","Mexico, MO"
"152","Osage High School","Cross Country Girls","12","Varsity","10/20","4:00 pm","","Mexico","away","https://www.mshsaa.org/MySchool/Schedule.aspx?s=152&alg=12","https://www.mshsaa.org/MySchool/Matchup.aspx?s=152&alg=12&comp=2742678","639 N Wade, Mexico, MO 65265-1899"
"152","Osage High School","Tennis Girls","49","Varsity","10/20-30","","","Class 1 State Team Tournament","tournament","https://www.mshsaa.org/MySchool/Schedule.aspx?s=152&alg=49","https://www.mshsaa.org/Activities/DistrictWinners.aspx?alg=49&class=1&year=2026",""
"578","Rock Bridge High School","Soccer Boys","33","Varsity","10/20","6:45 pm","","Helias Catholic","away","https://www.mshsaa.org/MySchool/Schedule.aspx?s=578&alg=33","https://www.mshsaa.org/MySchool/Matchup.aspx?s=578&alg=33&comp=2743255","1305 Swifts Hwy, Jefferson City, MO 65109-2595"
"578","Rock Bridge High School","Tennis Girls","49","Varsity","10/20-30","","","Class 3 State Team Tournament","tournament","https://www.mshsaa.org/MySchool/Schedule.aspx?s=578&alg=49","https://www.mshsaa.org/Activities/DistrictWinners.aspx?alg=49&class=3&year=2026",""
"194","Smith-Cotton High School","Soccer Boys","33","Varsity","10/20","6:30 pm","","Battle with Columbia Independent","home","https://www.mshsaa.org/MySchool/Schedule.aspx?s=194&alg=33","https://www.mshsaa.org/MySchool/Matchup.aspx?s=194&alg=33&comp=2677004","2010 Tiger Pride Blvd, Sedalia, MO 65301-8503"
"194","Smith-Cotton High School","Swimming and Diving Boys","44","Varsity","10/20","4:00 pm","","Warrensburg","away","https://www.mshsaa.org/MySchool/Schedule.aspx?s=194&alg=44","https://www.mshsaa.org/MySchool/Matchup.aspx?s=194&alg=44&comp=2732488","1411 S Ridgeview Dr, Warrensburg, MO 64093-8910"
"194","Smith-Cotton High School","Tennis Girls","49","Varsity","10/20-30","","","Class 3 State Team Tournament","tournament","https://www.mshsaa.org/MySchool/Schedule.aspx?s=194&alg=49","https://www.mshsaa.org/Activities/DistrictWinners.aspx?alg=49&class=3&year=2026",""
"485","Versailles High School","Cross Country Boys","11","Varsity","10/20","","","Eldo Bulldog Meet","tournament","https://www.mshsaa.org/MySchool/Schedule.aspx?s=485&alg=11","https://www.mshsaa.org/MySchool/Tournament.aspx?s=485&alg=11&tournament=583096","El Dorado Springs, MO"
"485","Versailles High School","Cross Country Girls","12","Varsity","10/20","","","Eldo Bulldog Meet","tournament","https://www.mshsaa.org/MySchool/Schedule.aspx?s=485&alg=12","https://www.mshsaa.org/MySchool/Tournament.aspx?s=485&alg=12&tournament=583097","El Dorado Springs, MO"
"953","Battle High School","Soccer Boys","33","Varsity","10/21","6:30 pm","","Southern Boone","home","https://www.mshsaa.org/MySchool/Schedule.aspx?s=953&alg=33","https://www.mshsaa.org/MySchool/Matchup.aspx?s=953&alg=33&comp=2766226","7575 St. Charles Road, Columbia, MO 65202"
"566","Columbia Independent","Soccer Boys","33","Varsity","10/21","6:30 pm","","Southern Boone","home","https://www.mshsaa.org/MySchool/Schedule.aspx?s=566&alg=33","https://www.mshsaa.org/MySchool/Matchup.aspx?s=566&alg=33&comp=2766226","7575 St. Charles Road, Columbia, MO 65202"
"2","Southern Boone High School","Soccer Boys","33","Varsity","10/21","6:30 pm","","Battle with Columbia Independent","away","https://www.mshsaa.org/MySchool/Schedule.aspx?s=2&alg=33","https://www.mshsaa.org/MySchool/Matchup.aspx?s=2&alg=33&comp=2632904","7575 St. Charles Road, Columbia, MO 65202"
"953","Battle High School","Soccer Boys","33","Varsity","10/22","5:00 pm","","Missouri Military Academy","home","https://www.mshsaa.org/MySchool/Schedule.aspx?s=953&alg=33","https://www.mshsaa.org/MySchool/Matchup.aspx?s=953&alg=33&comp=2767060","7575 St. Charles Road, Columbia, MO 65202"
"953","Battle High School","Swimming and Diving Boys","44","Varsity","10/22","","","CMAC Championship","tournament","https://www.mshsaa.org/MySchool/Schedule.aspx?s=953&alg=44","https://www.mshsaa.org/MySchool/Tournament.aspx?s=953&alg=44&tournament=589113","Sedalia, MO"
"16","Boonville High School","Soccer Boys","33","Varsity","10/22","5:00 pm","","Christian Fellowship Sr. with Hallsville","away","https://www.mshsaa.org/MySchool/Schedule.aspx?s=16&alg=33","https://www.mshsaa.org/MySchool/Matchup.aspx?s=16&alg=33&comp=2718648","4600 Christian Fellowship Rd, Columbia, MO 65203"
"26","Camdenton High School","Soccer Boys","33","Varsity","10/22","5:00 pm","","Hillcrest","away","https://www.mshsaa.org/MySchool/Schedule.aspx?s=26&alg=33","https://www.mshsaa.org/MySchool/Matchup.aspx?s=26&alg=33&comp=2715185","3319 N Grant Ave, Springfield, MO 65803-1097"
"26","Camdenton High School","Swimming and Diving Boys","44","Varsity","10/22","","","CMAC Championship","tournament","https://www.mshsaa.org/MySchool/Schedule.aspx?s=26&alg=44","https://www.mshsaa.org/MySchool/Tournament.aspx?s=26&alg=44&tournament=590459","Sedalia, MO"
"1540","Capital City High School","Soccer Boys","33","Varsity","10/22","6:45 pm","","Warrensburg","home","https://www.mshsaa.org/MySchool/Schedule.aspx?s=1540&alg=33","https://www.mshsaa.org/MySchool/Matchup.aspx?s=1540&alg=33&comp=2662540","2610 Mission Drive, Jefferson City, MO 65109"
"1540","Capital City High School","Swimming and Diving Boys","44","Varsity","10/22","","","CMAC Championship","tournament","https://www.mshsaa.org/MySchool/Schedule.aspx?s=1540&alg=44","https://www.mshsaa.org/MySchool/Tournament.aspx?s=1540&alg=44&tournament=577162","Sedalia, MO"
"1099","Christian Fellowship","Soccer Boys","33","Varsity","10/22","6:30 pm","","Boonville","home","https://www.mshsaa.org/MySchool/Schedule.aspx?s=1099&alg=33","https://www.mshsaa.org/MySchool/Matchup.aspx?s=1099&alg=33&comp=2718646","4600 Christian Fellowship Rd, Columbia, MO 65203"
"566","Columbia Independent","Soccer Boys","33","Varsity","10/22","5:00 pm","","Missouri Military Academy","home","https://www.mshsaa.org/MySchool/Schedule.aspx?s=566&alg=33","https://www.mshsaa.org/MySchool/Matchup.aspx?s=566&alg=33&comp=2767060","7575 St. Charles Road, Columbia, MO 65202"
"917","Father Tolton","Soccer Boys","33","Varsity","10/22","7:00 pm","","Marshall","home","https://www.mshsaa.org/MySchool/Schedule.aspx?s=917&alg=33","https://www.mshsaa.org/MySchool/Matchup.aspx?s=917&alg=33&comp=2665270","3351 E Gans Road, Columbia, MO 65201"
"917","Father Tolton","Swimming and Diving Boys","44","Varsity","10/22","","","CMAC Championship","tournament","https://www.mshsaa.org/MySchool/Schedule.aspx?s=917&alg=44","https://www.mshsaa.org/MySchool/Tournament.aspx?s=917&alg=44&tournament=589113","Sedalia, MO"
"80","Fulton High School","Soccer Boys","33","Varsity","10/22","6:45 pm","","Moberly","away","https://www.mshsaa.org/MySchool/Schedule.aspx?s=80&alg=33","https://www.mshsaa.org/MySchool/Matchup.aspx?s=80&alg=33&comp=2647580","1625 Gratz Brown, Moberly, MO 65270-1904"
"311","Hallsville High School","Soccer Boys","33","Varsity","10/22","6:30 pm","","Boonville","home","https://www.mshsaa.org/MySchool/Schedule.aspx?s=311&alg=33","https://www.mshsaa.org/MySchool/Matchup.aspx?s=311&alg=33&comp=2718646","4600 Christian Fellowship Rd, Columbia, MO 65203"
"85","Hickman High School","Swimming and Diving Boys","44","Varsity","10/22","","","CMAC Championship","tournament","https://www.mshsaa.org/MySchool/Schedule.aspx?s=85&alg=44","https://www.mshsaa.org/MySchool/Tournament.aspx?s=85&alg=44&tournament=575876","Sedalia, MO"
"84","Jefferson City High School","Swimming and Diving Boys","44","Varsity","10/22","3:30 pm","","CMAC Championship","tournament","https://www.mshsaa.org/MySchool/Schedule.aspx?s=84&alg=44","https://www.mshsaa.org/MySchool/Tournament.aspx?s=84&alg=44&tournament=593353","Columbia, MO"
"360","Marshall High School","Soccer Boys","33","Varsity","10/22","7:00 pm","","Father Tolton","away","https://www.mshsaa.org/MySchool/Schedule.aspx?s=360&alg=33","https://www.mshsaa.org/MySchool/Matchup.aspx?s=360&alg=33&comp=2661591","3351 E Gans Road, Columbia, MO 65201"
"569","Missouri Military Academy","Soccer Boys","33","Varsity","10/22","5:00 pm","","Battle with Columbia Independent","away","https://www.mshsaa.org/MySchool/Schedule.aspx?s=569&alg=33","https://www.mshsaa.org/MySchool/Matchup.aspx?s=569&alg=33&comp=2767242","7575 St. Charles Road, Columbia, MO 65202"
"132","Moberly High School","Soccer Boys","33","Varsity","10/22","6:45 pm","","Fulton","home","https://www.mshsaa.org/MySchool/Schedule.aspx?s=132&alg=33","https://www.mshsaa.org/MySchool/Matchup.aspx?s=132&alg=33&comp=2718402","1625 Gratz Brown Street, Moberly, MO 65270"
"152","Osage High School","Soccer Boys","33","Varsity","10/22","5:30 pm","","Fatima","away","https://www.mshsaa.org/MySchool/Schedule.aspx?s=152&alg=33","https://www.mshsaa.org/MySchool/Matchup.aspx?s=152&alg=33&comp=2690313","143 E. Main, Westphalia, MO 65085"
"578","Rock Bridge High School","Swimming and Diving Boys","44","Varsity","10/22","","","CMAC Championship","tournament","https://www.mshsaa.org/MySchool/Schedule.aspx?s=578&alg=44","https://www.mshsaa.org/MySchool/Tournament.aspx?s=578&alg=44&tournament=575875","Sedalia, MO"
"194","Smith-Cotton High School","Cross Country Boys","11","Varsity","10/22","","","Waynesville District Warm-up","tournament","https://www.mshsaa.org/MySchool/Schedule.aspx?s=194&alg=11","https://www.mshsaa.org/MySchool/Tournament.aspx?s=194&alg=11&tournament=590321","Waynesville, MO"
"194","Smith-Cotton High School","Cross Country Girls","12","Varsity","10/22","","","Waynesville District Warm-up","tournament","https://www.mshsaa.org/MySchool/Schedule.aspx?s=194&alg=12","https://www.mshsaa.org/MySchool/Tournament.aspx?s=194&alg=12&tournament=593756","Waynesville, MO"
"194","Smith-Cotton High School","Soccer Boys","33","Varsity","10/22","6:30 pm","","Oak Grove","away","https://www.mshsaa.org/MySchool/Schedule.aspx?s=194&alg=33","https://www.mshsaa.org/MySchool/Matchup.aspx?s=194&alg=33&comp=2764189","605 SE 12th St, Oak Grove, MO 64075-9392"
"194","Smith-Cotton High School","Swimming and Diving Boys","44","Varsity","10/22","4:00 pm","","CMAC Championship","tournament","https://www.mshsaa.org/MySchool/Schedule.aspx?s=194&alg=44","https://www.mshsaa.org/MySchool/Tournament.aspx?s=194&alg=44&tournament=575870","1800 W 3rd St Sedalia, MO 65301"
"953","Battle High School","Football","19","Varsity","10/23","7:00 pm","","Gateway with Soldan International Studies","away","https://www.mshsaa.org/MySchool/Schedule.aspx?s=953&alg=19","https://www.mshsaa.org/MySchool/Matchup.aspx?s=953&alg=19&comp=2643311","5101 McRee Ave, St. Louis, MO 63110-2082"
"217","Blair Oaks High School","Football","19","Varsity","10/23","7:00 pm","","Hallsville","home","https://www.mshsaa.org/MySchool/Schedule.aspx?s=217&alg=19","https://www.mshsaa.org/MySchool/Matchup.aspx?s=217&alg=19&comp=2617413","6124 Falcon Ln, Jefferson City, MO 65101-9751"
"16","Boonville High School","Football","19","Varsity","10/23","7:00 pm","","Fulton","home","https://www.mshsaa.org/MySchool/Schedule.aspx?s=16&alg=19","https://www.mshsaa.org/MySchool/Matchup.aspx?s=16&alg=19&comp=2595334","1 Pirate Dr., Boonville, MO 65233-2740"
"582","California High School","Football","19","Varsity","10/23","7:00 pm","","Eldon","home","https://www.mshsaa.org/MySchool/Schedule.aspx?s=582&alg=19","https://www.mshsaa.org/MySchool/Matchup.aspx?s=582&alg=19&comp=2519685","1501 West Buchanan Street, California, MO 65018"
"26","Camdenton High School","Football","19","Varsity","10/23","7:00 pm","","Rolla","away","https://www.mshsaa.org/MySchool/Schedule.aspx?s=26&alg=19","https://www.mshsaa.org/MySchool/Matchup.aspx?s=26&alg=19&comp=2563992","900 Bulldog Run, Rolla, MO 65401-3399"
"1540","Capital City High School","Football","19","Varsity","10/23","7:00 pm","","Miller Career Academy with Sumner","home","https://www.mshsaa.org/MySchool/Schedule.aspx?s=1540&alg=19","https://www.mshsaa.org/MySchool/Matchup.aspx?s=1540&alg=19&comp=2639207","2610 Mission Drive, Jefferson City, MO 65109"
"53","Centralia High School","Cross Country Boys","11","Varsity","10/23","","","Bowling Green High School Cross Country Invite","tournament","https://www.mshsaa.org/MySchool/Schedule.aspx?s=53&alg=11","https://www.mshsaa.org/MySchool/Tournament.aspx?s=53&alg=11&tournament=552242","Bowling Green, MO"
"53","Centralia High School","Cross Country Girls","12","Varsity","10/23","","","Bowling Green High School Cross Country Invite","tournament","https://www.mshsaa.org/MySchool/Schedule.aspx?s=53&alg=12","https://www.mshsaa.org/MySchool/Tournament.aspx?s=53&alg=12&tournament=552249","Bowling Green, MO"
"53","Centralia High School","Football","19","Varsity","10/23","7:00 pm","","South Shelby","home","https://www.mshsaa.org/MySchool/Schedule.aspx?s=53&alg=19","https://www.mshsaa.org/MySchool/Matchup.aspx?s=53&alg=19&comp=2584440","849 S Jefferson St, Centralia, MO 65240-1605"
"1099","Christian Fellowship","Cross Country Boys","11","Varsity","10/23","","","Bowling Green High School Cross Country Invite","tournament","https://www.mshsaa.org/MySchool/Schedule.aspx?s=1099&alg=11","https://www.mshsaa.org/MySchool/Tournament.aspx?s=1099&alg=11&tournament=581562","Bowling Green, MO"
"1099","Christian Fellowship","Cross Country Girls","12","Varsity","10/23","","","Bowling Green High School Cross Country Invite","tournament","https://www.mshsaa.org/MySchool/Schedule.aspx?s=1099&alg=12","https://www.mshsaa.org/MySchool/Tournament.aspx?s=1099&alg=12&tournament=589578","Bowling Green, MO"
"566","Columbia Independent","Cross Country Boys","11","Varsity","10/23","","","Bowling Green Invitational","tournament","https://www.mshsaa.org/MySchool/Schedule.aspx?s=566&alg=11","https://www.mshsaa.org/MySchool/Tournament.aspx?s=566&alg=11&tournament=594224",""
"566","Columbia Independent","Cross Country Girls","12","Varsity","10/23","","","Bowling Green Invitational","tournament","https://www.mshsaa.org/MySchool/Schedule.aspx?s=566&alg=12","https://www.mshsaa.org/MySchool/Tournament.aspx?s=566&alg=12&tournament=594230",""
"278","Eldon High School","Football","19","Varsity","10/23","7:00 pm","","California","away","https://www.mshsaa.org/MySchool/Schedule.aspx?s=278&alg=19","https://www.mshsaa.org/MySchool/Matchup.aspx?s=278&alg=19&comp=2609440","1501 W Buchanan, California, MO 65018-1279"
"917","Father Tolton","Cross Country Boys","11","Varsity","10/23","","","Bowling Green High School Cross Country Invite","tournament","https://www.mshsaa.org/MySchool/Schedule.aspx?s=917&alg=11","https://www.mshsaa.org/MySchool/Tournament.aspx?s=917&alg=11&tournament=581489","Bowling Green, MO"
"917","Father Tolton","Cross Country Girls","12","Varsity","10/23","","","Bowling Green High School Cross Country Invite","tournament","https://www.mshsaa.org/MySchool/Schedule.aspx?s=917&alg=12","https://www.mshsaa.org/MySchool/Tournament.aspx?s=917&alg=12&tournament=588192","Bowling Green, MO"
"917","Father Tolton","Football","19","Varsity","10/23","7:00 pm","","St. Michael the Archangel","home","https://www.mshsaa.org/MySchool/Schedule.aspx?s=917&alg=19","https://www.mshsaa.org/MySchool/Matchup.aspx?s=917&alg=19&comp=2571425","3351 E Gans Road, Columbia, MO 65201"
"294","Fayette High School","Football","19","Varsity","10/23","7:00 pm","","Harrisburg","home","https://www.mshsaa.org/MySchool/Schedule.aspx?s=294&alg=19","https://www.mshsaa.org/MySchool/Matchup.aspx?s=294&alg=19&comp=2634454","510 N. Cleveland St., Fayette, MO 65248-1596"
"80","Fulton High School","Cross Country Boys","11","Varsity","10/23","","","Bowling Green High School Cross Country Invite","tournament","https://www.mshsaa.org/MySchool/Schedule.aspx?s=80&alg=11","https://www.mshsaa.org/MySchool/Tournament.aspx?s=80&alg=11&tournament=580271","Bowling Green, MO"
"80","Fulton High School","Cross Country Girls","12","Varsity","10/23","","","Bowling Green High School Cross Country Invite","tournament","https://www.mshsaa.org/MySchool/Schedule.aspx?s=80&alg=12","https://www.mshsaa.org/MySchool/Tournament.aspx?s=80&alg=12&tournament=594837","Bowling Green, MO"
"80","Fulton High School","Football","19","Varsity","10/23","7:00 pm","","Boonville","away","https://www.mshsaa.org/MySchool/Schedule.aspx?s=80&alg=19","https://www.mshsaa.org/MySchool/Matchup.aspx?s=80&alg=19&comp=2589277","1 Pirate Dr., Boonville, MO 65233-2740"
"311","Hallsville High School","Football","19","Varsity","10/23","7:00 pm","","Blair Oaks","away","https://www.mshsaa.org/MySchool/Schedule.aspx?s=311&alg=19","https://www.mshsaa.org/MySchool/Matchup.aspx?s=311&alg=19&comp=2616934","6124 Falcon Ln, Jefferson City, MO 65101-9751"
"313","Harrisburg High School","Football","19","Varsity","10/23","7:00 pm","","Fayette","away","https://www.mshsaa.org/MySchool/Schedule.aspx?s=313&alg=19","https://www.mshsaa.org/MySchool/Matchup.aspx?s=313&alg=19&comp=2633498","510 N. Cleveland St., Fayette, MO 65248-1596"
"522","Helias High School","Football","19","Varsity","10/23","7:00 pm","","Lincoln College Prep","home","https://www.mshsaa.org/MySchool/Schedule.aspx?s=522&alg=19","https://www.mshsaa.org/MySchool/Matchup.aspx?s=522&alg=19&comp=2688411","1305 Swifts Hwy, Jefferson City, MO 65109-2595"
"85","Hickman High School","Soccer Boys","33","Varsity","10/23-24","","","Rock Bridge Shootout","tournament","https://www.mshsaa.org/MySchool/Schedule.aspx?s=85&alg=33","https://www.mshsaa.org/MySchool/Tournament.aspx?s=85&alg=33&tournament=558290",""
"85","Hickman High School","Soccer Boys","33","Varsity","⤷ 10/23","TBD","","Kirkwood","tournament","https://www.mshsaa.org/MySchool/Schedule.aspx?s=85&alg=33","https://www.mshsaa.org/MySchool/Matchup.aspx?s=85&alg=33&comp=2785098",""
"84","Jefferson City High School","Football","19","Varsity","10/23","7:00 pm","","MICDS","home","https://www.mshsaa.org/MySchool/Schedule.aspx?s=84&alg=19","https://www.mshsaa.org/MySchool/Matchup.aspx?s=84&alg=19&comp=2560862","610 Union St., Jefferson City, MO 65101"
"84","Jefferson City High School","Soccer Boys","33","Varsity","10/23","6:30 pm","","Sullivan","away","https://www.mshsaa.org/MySchool/Schedule.aspx?s=84&alg=33","https://www.mshsaa.org/MySchool/Matchup.aspx?s=84&alg=33&comp=2771851","1073 E Vine St, Sullivan, MO 63080-2160"
"360","Marshall High School","Football","19","Varsity","10/23","7:00 pm","","Smith-Cotton","away","https://www.mshsaa.org/MySchool/Schedule.aspx?s=360&alg=19","https://www.mshsaa.org/MySchool/Matchup.aspx?s=360&alg=19&comp=2450278","2010 Tiger Pride Blvd, Sedalia, MO 65301-8503"
"128","Mexico High School","Cross Country Girls","12","Varsity","10/23","","","Bowling Green High School Cross Country Invite","tournament","https://www.mshsaa.org/MySchool/Schedule.aspx?s=128&alg=12","https://www.mshsaa.org/MySchool/Tournament.aspx?s=128&alg=12&tournament=588300","Bowling Green, MO"
"128","Mexico High School","Football","19","Varsity","10/23","7:00 pm","","Moberly","away","https://www.mshsaa.org/MySchool/Schedule.aspx?s=128&alg=19","https://www.mshsaa.org/MySchool/Matchup.aspx?s=128&alg=19&comp=2539271","1625 Gratz Brown, Moberly, MO 65270-1904"
"569","Missouri Military Academy","Cross Country Boys","11","Varsity","10/23","","","Bowling Green High School Cross Country Invite","tournament","https://www.mshsaa.org/MySchool/Schedule.aspx?s=569&alg=11","https://www.mshsaa.org/MySchool/Tournament.aspx?s=569&alg=11&tournament=581886","Bowling Green, MO"
"569","Missouri Military Academy","Football","19","Varsity","10/23","7:00 pm","","Pleasant Hope with Marion C. Early, Halfway","home","https://www.mshsaa.org/MySchool/Schedule.aspx?s=569&alg=19","https://www.mshsaa.org/MySchool/Matchup.aspx?s=569&alg=19&comp=2587242","204 N Grand St, Mexico, MO 65265-3090"
"569","Missouri Military Academy","Swimming and Diving Boys","44","Varsity","10/23","3:30 pm","","Ft. Zumwalt North","away","https://www.mshsaa.org/MySchool/Schedule.aspx?s=569&alg=44","https://www.mshsaa.org/MySchool/Matchup.aspx?s=569&alg=44&comp=2655599","1230 Tom Ginnever Ave, O'fallon, MO 63366-4499"
"132","Moberly High School","Football","19","Varsity","10/23","7:00 pm","","Mexico","home","https://www.mshsaa.org/MySchool/Schedule.aspx?s=132&alg=19","https://www.mshsaa.org/MySchool/Matchup.aspx?s=132&alg=19&comp=2518173","1625 Gratz Brown Street, Moberly, MO 65270"
"139","North Callaway High School","Cross Country Boys","11","Varsity","10/23","","","Bowling Green High School Cross Country Invite","tournament","https://www.mshsaa.org/MySchool/Schedule.aspx?s=139&alg=11","https://www.mshsaa.org/MySchool/Tournament.aspx?s=139&alg=11&tournament=552838",""
"139","North Callaway High School","Cross Country Girls","12","Varsity","10/23","","","Bowling Green High School Cross Country Invite","tournament","https://www.mshsaa.org/MySchool/Schedule.aspx?s=139&alg=12","https://www.mshsaa.org/MySchool/Tournament.aspx?s=139&alg=12&tournament=552844",""
"139","North Callaway High School","Football","19","Varsity","10/23","7:00 pm","","Wright City","away","https://www.mshsaa.org/MySchool/Schedule.aspx?s=139&alg=19","https://www.mshsaa.org/MySchool/Matchup.aspx?s=139&alg=19&comp=2591226","90 Bell Road, Wright City, MO 63390-3202"
"152","Osage High School","Football","19","Varsity","10/23","7:00 pm","","Southern Boone","home","https://www.mshsaa.org/MySchool/Schedule.aspx?s=152&alg=19","https://www.mshsaa.org/MySchool/Matchup.aspx?s=152&alg=19&comp=2519001","636 Hwy 42, Osage Beach, MO 65065-5301"
"578","Rock Bridge High School","Cross Country Boys","11","Varsity","10/23","","","Clayton Invitational","tournament","https://www.mshsaa.org/MySchool/Schedule.aspx?s=578&alg=11","https://www.mshsaa.org/MySchool/Tournament.aspx?s=578&alg=11&tournament=596597","St. Louis, MO"
"578","Rock Bridge High School","Cross Country Girls","12","Varsity","10/23","","","Clayton Invitational","tournament","https://www.mshsaa.org/MySchool/Schedule.aspx?s=578&alg=12","https://www.mshsaa.org/MySchool/Tournament.aspx?s=578&alg=12&tournament=596605","St. Louis, MO"
"578","Rock Bridge High School","Football","19","Varsity","10/23","6:00 pm","","St. Mary's South Side","away","https://www.mshsaa.org/MySchool/Schedule.aspx?s=578&alg=19","https://www.mshsaa.org/MySchool/Matchup.aspx?s=578&alg=19&comp=2705589","4701 S Grand Blvd, St. Louis, MO 63111-1498"
"578","Rock Bridge High School","Soccer Boys","33","Varsity","10/23-24","","","Rock Bridge Shootout","tournament","https://www.mshsaa.org/MySchool/Schedule.aspx?s=578&alg=33","https://www.mshsaa.org/MySchool/Tournament.aspx?s=578&alg=33&tournament=551353","4303 South Providence Road Columbia, MO 65203"
"578","Rock Bridge High School","Soccer Boys","33","Varsity","⤷ 10/23","TBD","","Park Hill South","tournament","https://www.mshsaa.org/MySchool/Schedule.aspx?s=578&alg=33","https://www.mshsaa.org/MySchool/Matchup.aspx?s=578&alg=33&comp=2793220","Columbia, MO"
"430","Russellville High School","Cross Country Boys","11","Varsity","10/23","","","Bowling Green High School Cross Country Invite","tournament","https://www.mshsaa.org/MySchool/Schedule.aspx?s=430&alg=11","https://www.mshsaa.org/MySchool/Tournament.aspx?s=430&alg=11&tournament=581716","Bowling Green, MO"
"430","Russellville High School","Football","19","Varsity","10/23","7:00 pm","","Tipton with Bunceton","away","https://www.mshsaa.org/MySchool/Schedule.aspx?s=430&alg=19","https://www.mshsaa.org/MySchool/Matchup.aspx?s=430&alg=19&comp=2633146","334 US Hwy 50 West, Tipton, MO 65081-8606"
"431","Salisbury High School","Football","19","Varsity","10/23","7:00 pm","","Westran","away","https://www.mshsaa.org/MySchool/Schedule.aspx?s=431&alg=19","https://www.mshsaa.org/MySchool/Matchup.aspx?s=431&alg=19&comp=2588056","601 Hornet Ln, Huntsville, MO 65259-9685"
"194","Smith-Cotton High School","Football","19","Varsity","10/23","7:00 pm","","Marshall","home","https://www.mshsaa.org/MySchool/Schedule.aspx?s=194&alg=19","https://www.mshsaa.org/MySchool/Matchup.aspx?s=194&alg=19&comp=2669245","2010 Tiger Pride Blvd, Sedalia, MO 65301-8503"
"197","South Callaway High School","Football","19","Varsity","10/23","7:00 pm","","Linn","away","https://www.mshsaa.org/MySchool/Schedule.aspx?s=197&alg=19","https://www.mshsaa.org/MySchool/Matchup.aspx?s=197&alg=19&comp=2639318","141 Wildcat Drive, Linn, MO 65051"
"2","Southern Boone High School","Cross Country Boys","11","Varsity","10/23","","","Bowling Green High School Cross Country Invite","tournament","https://www.mshsaa.org/MySchool/Schedule.aspx?s=2&alg=11","https://www.mshsaa.org/MySchool/Tournament.aspx?s=2&alg=11&tournament=559458",""
"2","Southern Boone High School","Cross Country Girls","12","Varsity","10/23","","","Bowling Green High School Cross Country Invite","tournament","https://www.mshsaa.org/MySchool/Schedule.aspx?s=2&alg=12","https://www.mshsaa.org/MySchool/Tournament.aspx?s=2&alg=12&tournament=559465",""
"2","Southern Boone High School","Football","19","Varsity","10/23","7:00 pm","","Osage","away","https://www.mshsaa.org/MySchool/Schedule.aspx?s=2&alg=19","https://www.mshsaa.org/MySchool/Matchup.aspx?s=2&alg=19&comp=2599052","636 Hwy 42, Osage Beach, MO 65065-5301"
"2","Southern Boone High School","Soccer Boys","33","Varsity","10/23","5:30 pm","","Green Ridge with Cole Camp","away","https://www.mshsaa.org/MySchool/Schedule.aspx?s=2&alg=33","https://www.mshsaa.org/MySchool/Matchup.aspx?s=2&alg=33&comp=2632906","401 W. Pettis, Green Ridge, MO 65332"
"474","Tipton High School","Football","19","Varsity","10/23","7:00 pm","","Russellville","home","https://www.mshsaa.org/MySchool/Schedule.aspx?s=474&alg=19","https://www.mshsaa.org/MySchool/Matchup.aspx?s=474&alg=19&comp=2633245","334 US Hwy 50 West, Tipton, MO 65081-8606"
"485","Versailles High School","Football","19","Varsity","10/23","7:00 pm","","Sherwood","away","https://www.mshsaa.org/MySchool/Schedule.aspx?s=485&alg=19","https://www.mshsaa.org/MySchool/Matchup.aspx?s=485&alg=19&comp=2495812","33300 S Sherwood Dr, Creighton, MO 64739"
"953","Battle High School","Cross Country Boys","11","Varsity","10/24","","","Big River PR","tournament","https://www.mshsaa.org/MySchool/Schedule.aspx?s=953&alg=11","https://www.mshsaa.org/MySchool/Tournament.aspx?s=953&alg=11&tournament=597913","Warrensburg, MO"
"953","Battle High School","Cross Country Girls","12","Varsity","10/24","","","Big River PR","tournament","https://www.mshsaa.org/MySchool/Schedule.aspx?s=953&alg=12","https://www.mshsaa.org/MySchool/Tournament.aspx?s=953&alg=12&tournament=597919","Warrensburg, MO"
"953","Battle High School","Softball Fall Season","38","Varsity","10/24-30","","","Class 4 State Tournament","tournament","https://www.mshsaa.org/MySchool/Schedule.aspx?s=953&alg=38","https://www.mshsaa.org/Activities/DistrictWinners.aspx?alg=38&class=4&year=2026",""
"217","Blair Oaks High School","Cross Country Boys","11","Varsity","10/24","","","Fatima Invitational","tournament","https://www.mshsaa.org/MySchool/Schedule.aspx?s=217&alg=11","https://www.mshsaa.org/MySchool/Tournament.aspx?s=217&alg=11&tournament=589649","Westphalia, MO"
"217","Blair Oaks High School","Cross Country Girls","12","Varsity","10/24","","","Fatima Invitational","tournament","https://www.mshsaa.org/MySchool/Schedule.aspx?s=217&alg=12","https://www.mshsaa.org/MySchool/Tournament.aspx?s=217&alg=12&tournament=589652","Westphalia, MO"
"217","Blair Oaks High School","Softball Fall Season","38","Varsity","10/24-31","","","Class 3 State Tournament","tournament","https://www.mshsaa.org/MySchool/Schedule.aspx?s=217&alg=38","https://www.mshsaa.org/Activities/DistrictWinners.aspx?alg=38&class=3&year=2026",""
"16","Boonville High School","Softball Fall Season","38","Varsity","10/24-31","","","Class 3 State Tournament","tournament","https://www.mshsaa.org/MySchool/Schedule.aspx?s=16&alg=38","https://www.mshsaa.org/Activities/DistrictWinners.aspx?alg=38&class=3&year=2026",""
"582","California High School","Cross Country Boys","11","Varsity","10/24","","","Fatima Invitational","tournament","https://www.mshsaa.org/MySchool/Schedule.aspx?s=582&alg=11","https://www.mshsaa.org/MySchool/Tournament.aspx?s=582&alg=11&tournament=544411","Westphalia, MO"
"582","California High School","Softball Fall Season","38","Varsity","10/24-31","","","Class 3 State Tournament","tournament","https://www.mshsaa.org/MySchool/Schedule.aspx?s=582&alg=38","https://www.mshsaa.org/Activities/DistrictWinners.aspx?alg=38&class=3&year=2026",""
"26","Camdenton High School","Softball Fall Season","38","Varsity","10/24-30","","","Class 4 State Tournament","tournament","https://www.mshsaa.org/MySchool/Schedule.aspx?s=26&alg=38","https://www.mshsaa.org/Activities/DistrictWinners.aspx?alg=38&class=4&year=2026",""
"26","Camdenton High School","Swimming and Diving Boys","44","Varsity","10/24","1:30 pm","","Glendale","away","https://www.mshsaa.org/MySchool/Schedule.aspx?s=26&alg=44","https://www.mshsaa.org/MySchool/Matchup.aspx?s=26&alg=44&comp=2788300","2727 S Ingram Mill Rd, Springfield, MO 65804-4098"
"1540","Capital City High School","Cross Country Boys","11","Varsity","10/24","","","Fatima Invitational","tournament","https://www.mshsaa.org/MySchool/Schedule.aspx?s=1540&alg=11","https://www.mshsaa.org/MySchool/Tournament.aspx?s=1540&alg=11&tournament=572813","Jefferson City, MO"
"1540","Capital City High School","Cross Country Girls","12","Varsity","10/24","","","Fatima Invitational","tournament","https://www.mshsaa.org/MySchool/Schedule.aspx?s=1540&alg=12","https://www.mshsaa.org/MySchool/Tournament.aspx?s=1540&alg=12&tournament=572821","Jefferson City, MO"
"1540","Capital City High School","Softball Fall Season","38","Varsity","10/24-30","","","Class 4 State Tournament","tournament","https://www.mshsaa.org/MySchool/Schedule.aspx?s=1540&alg=38","https://www.mshsaa.org/Activities/DistrictWinners.aspx?alg=38&class=4&year=2026",""
"53","Centralia High School","Softball Fall Season","38","Varsity","10/24-31","","","Class 3 State Tournament","tournament","https://www.mshsaa.org/MySchool/Schedule.aspx?s=53&alg=38","https://www.mshsaa.org/Activities/DistrictWinners.aspx?alg=38&class=3&year=2026",""
"1099","Christian Fellowship","Softball Fall Season","38","Varsity","10/24-31","","","Class 3 State Tournament","tournament","https://www.mshsaa.org/MySchool/Schedule.aspx?s=1099&alg=38","https://www.mshsaa.org/Activities/DistrictWinners.aspx?alg=38&class=3&year=2026",""
"278","Eldon High School","Cross Country Girls","12","Varsity","10/24","","","Fatima Invitational","tournament","https://www.mshsaa.org/MySchool/Schedule.aspx?s=278&alg=12","https://www.mshsaa.org/MySchool/Tournament.aspx?s=278&alg=12&tournament=544998","Westphalia, MO"
"278","Eldon High School","Softball Fall Season","38","Varsity","10/24-31","","","Class 3 State Tournament","tournament","https://www.mshsaa.org/MySchool/Schedule.aspx?s=278&alg=38","https://www.mshsaa.org/Activities/DistrictWinners.aspx?alg=38&class=3&year=2026",""
"917","Father Tolton","Soccer Boys","33","Varsity","10/24","10:00 am","","Moberly","away","https://www.mshsaa.org/MySchool/Schedule.aspx?s=917&alg=33","https://www.mshsaa.org/MySchool/Matchup.aspx?s=917&alg=33&comp=2665271","1625 Gratz Brown, Moberly, MO 65270-1904"
"917","Father Tolton","Softball Fall Season","38","Varsity","10/24-30","","","Class 5 State Tournament","tournament","https://www.mshsaa.org/MySchool/Schedule.aspx?s=917&alg=38","https://www.mshsaa.org/Activities/DistrictWinners.aspx?alg=38&class=5&year=2026",""
"294","Fayette High School","Softball Fall Season","38","Varsity","10/24-31","","","Class 2 State Tournament","tournament","https://www.mshsaa.org/MySchool/Schedule.aspx?s=294&alg=38","https://www.mshsaa.org/Activities/DistrictWinners.aspx?alg=38&class=2&year=2026",""
"80","Fulton High School","Softball Fall Season","38","Varsity","10/24-31","","","Class 3 State Tournament","tournament","https://www.mshsaa.org/MySchool/Schedule.aspx?s=80&alg=38","https://www.mshsaa.org/Activities/DistrictWinners.aspx?alg=38&class=3&year=2026",""
"302","Glasgow High School","Softball Fall Season","38","Varsity","10/24-31","","","Class 1 State Tournament","tournament","https://www.mshsaa.org/MySchool/Schedule.aspx?s=302&alg=38","https://www.mshsaa.org/Activities/DistrictWinners.aspx?alg=38&class=1&year=2026",""
"311","Hallsville High School","Cross Country Boys","11","Varsity","10/24","","","Fatima Invitational","tournament","https://www.mshsaa.org/MySchool/Schedule.aspx?s=311&alg=11","https://www.mshsaa.org/MySchool/Tournament.aspx?s=311&alg=11&tournament=587229","Jefferson City, MO"
"311","Hallsville High School","Cross Country Girls","12","Varsity","10/24","","","Fatima Invitational","tournament","https://www.mshsaa.org/MySchool/Schedule.aspx?s=311&alg=12","https://www.mshsaa.org/MySchool/Tournament.aspx?s=311&alg=12&tournament=587230","Jefferson City, MO"
"311","Hallsville High School","Softball Fall Season","38","Varsity","10/24-31","","","Class 3 State Tournament","tournament","https://www.mshsaa.org/MySchool/Schedule.aspx?s=311&alg=38","https://www.mshsaa.org/Activities/DistrictWinners.aspx?alg=38&class=3&year=2026",""
"313","Harrisburg High School","Cross Country Boys","11","Varsity","10/24","9:00 am","","Big River PR Invite","tournament","https://www.mshsaa.org/MySchool/Schedule.aspx?s=313&alg=11","https://www.mshsaa.org/MySchool/Tournament.aspx?s=313&alg=11&tournament=591324","St. Louis, MO"
"313","Harrisburg High School","Cross Country Girls","12","Varsity","10/24","9:00 am","","Big River PR Invite","tournament","https://www.mshsaa.org/MySchool/Schedule.aspx?s=313&alg=12","https://www.mshsaa.org/MySchool/Tournament.aspx?s=313&alg=12&tournament=591325","St. Louis, MO"
"313","Harrisburg High School","Softball Fall Season","38","Varsity","10/24-31","","","Class 2 State Tournament","tournament","https://www.mshsaa.org/MySchool/Schedule.aspx?s=313&alg=38","https://www.mshsaa.org/Activities/DistrictWinners.aspx?alg=38&class=2&year=2026",""
"522","Helias High School","Cross Country Boys","11","Varsity","10/24","8:00 am","","Fatima Invitational","tournament","https://www.mshsaa.org/MySchool/Schedule.aspx?s=522&alg=11","https://www.mshsaa.org/MySchool/Tournament.aspx?s=522&alg=11&tournament=544817",""
"522","Helias High School","Cross Country Girls","12","Varsity","10/24","8:00 am","","Fatima Invitational","tournament","https://www.mshsaa.org/MySchool/Schedule.aspx?s=522&alg=12","https://www.mshsaa.org/MySchool/Tournament.aspx?s=522&alg=12&tournament=544826",""
"522","Helias High School","Softball Fall Season","38","Varsity","10/24-30","","","Class 4 State Tournament","tournament","https://www.mshsaa.org/MySchool/Schedule.aspx?s=522&alg=38","https://www.mshsaa.org/Activities/DistrictWinners.aspx?alg=38&class=4&year=2026",""
"85","Hickman High School","Football","19","Varsity","10/24","1:00 pm","","Lift for Life Academy Charter","away","https://www.mshsaa.org/MySchool/Schedule.aspx?s=85&alg=19","https://www.mshsaa.org/MySchool/Matchup.aspx?s=85&alg=19&comp=2687789","1731 S Broadway, St. Louis, MO 63104"
"85","Hickman High School","Soccer Boys","33","Varsity","⤷ 10/24","TBD","","Park Hill South","tournament","https://www.mshsaa.org/MySchool/Schedule.aspx?s=85&alg=33","https://www.mshsaa.org/MySchool/Matchup.aspx?s=85&alg=33&comp=2785099",""
"85","Hickman High School","Softball Fall Season","38","Varsity","10/24-30","","","Class 5 State Tournament","tournament","https://www.mshsaa.org/MySchool/Schedule.aspx?s=85&alg=38","https://www.mshsaa.org/Activities/DistrictWinners.aspx?alg=38&class=5&year=2026",""
"85","Hickman High School","Swimming and Diving Boys","44","Varsity","10/24","1:00 pm","","Springfield Invite - John Foster Natatorium","tournament","https://www.mshsaa.org/MySchool/Schedule.aspx?s=85&alg=44","https://www.mshsaa.org/MySchool/Tournament.aspx?s=85&alg=44&tournament=592810",""
"317","Higbee High School","Softball Fall Season","38","Varsity","10/24-31","","","Class 1 State Tournament","tournament","https://www.mshsaa.org/MySchool/Schedule.aspx?s=317&alg=38","https://www.mshsaa.org/Activities/DistrictWinners.aspx?alg=38&class=1&year=2026",""
"84","Jefferson City High School","Cross Country Boys","11","Varsity","10/24","","","Fatima Invitational","tournament","https://www.mshsaa.org/MySchool/Schedule.aspx?s=84&alg=11","https://www.mshsaa.org/MySchool/Tournament.aspx?s=84&alg=11&tournament=540382","Westphalia, MO"
"84","Jefferson City High School","Cross Country Girls","12","Varsity","10/24","","","Fatima Invitational","tournament","https://www.mshsaa.org/MySchool/Schedule.aspx?s=84&alg=12","https://www.mshsaa.org/MySchool/Tournament.aspx?s=84&alg=12&tournament=566510","Westphalia, MO"
"84","Jefferson City High School","Softball Fall Season","38","Varsity","10/24-30","","","Class 4 State Tournament","tournament","https://www.mshsaa.org/MySchool/Schedule.aspx?s=84&alg=38","https://www.mshsaa.org/Activities/DistrictWinners.aspx?alg=38&class=4&year=2026",""
"360","Marshall High School","Softball Fall Season","38","Varsity","10/24-30","","","Class 4 State Tournament","tournament","https://www.mshsaa.org/MySchool/Schedule.aspx?s=360&alg=38","https://www.mshsaa.org/Activities/DistrictWinners.aspx?alg=38&class=4&year=2026",""
"128","Mexico High School","Softball Fall Season","38","Varsity","10/24-31","","","Class 3 State Tournament","tournament","https://www.mshsaa.org/MySchool/Schedule.aspx?s=128&alg=38","https://www.mshsaa.org/Activities/DistrictWinners.aspx?alg=38&class=3&year=2026",""
"132","Moberly High School","Soccer Boys","33","Varsity","10/24","10:00 am","","Father Tolton","home","https://www.mshsaa.org/MySchool/Schedule.aspx?s=132&alg=33","https://www.mshsaa.org/MySchool/Matchup.aspx?s=132&alg=33&comp=2718403","1625 Gratz Brown Street, Moberly, MO 65270"
"132","Moberly High School","Softball Fall Season","38","Varsity","10/24-31","","","Class 3 State Tournament","tournament","https://www.mshsaa.org/MySchool/Schedule.aspx?s=132&alg=38","https://www.mshsaa.org/Activities/DistrictWinners.aspx?alg=38&class=3&year=2026",""
"139","North Callaway High School","Softball Fall Season","38","Varsity","10/24-31","","","Class 2 State Tournament","tournament","https://www.mshsaa.org/MySchool/Schedule.aspx?s=139&alg=38","https://www.mshsaa.org/Activities/DistrictWinners.aspx?alg=38&class=2&year=2026",""
"152","Osage High School","Softball Fall Season","38","Varsity","10/24-31","","","Class 3 State Tournament","tournament","https://www.mshsaa.org/MySchool/Schedule.aspx?s=152&alg=38","https://www.mshsaa.org/Activities/DistrictWinners.aspx?alg=38&class=3&year=2026",""
"578","Rock Bridge High School","Soccer Boys","33","Varsity","⤷ 10/24","TBD","","Kirkwood","tournament","https://www.mshsaa.org/MySchool/Schedule.aspx?s=578&alg=33","https://www.mshsaa.org/MySchool/Matchup.aspx?s=578&alg=33&comp=2793222","Columbia, MO"
"578","Rock Bridge High School","Softball Fall Season","38","Varsity","10/24-30","","","Class 5 State Tournament","tournament","https://www.mshsaa.org/MySchool/Schedule.aspx?s=578&alg=38","https://www.mshsaa.org/Activities/DistrictWinners.aspx?alg=38&class=5&year=2026",""
"430","Russellville High School","Softball Fall Season","38","Varsity","10/24-31","","","Class 1 State Tournament","tournament","https://www.mshsaa.org/MySchool/Schedule.aspx?s=430&alg=38","https://www.mshsaa.org/Activities/DistrictWinners.aspx?alg=38&class=1&year=2026",""
"431","Salisbury High School","Softball Fall Season","38","Varsity","10/24-31","","","Class 2 State Tournament","tournament","https://www.mshsaa.org/MySchool/Schedule.aspx?s=431&alg=38","https://www.mshsaa.org/Activities/DistrictWinners.aspx?alg=38&class=2&year=2026",""
"194","Smith-Cotton High School","Softball Fall Season","38","Varsity","10/24-30","","","Class 5 State Tournament","tournament","https://www.mshsaa.org/MySchool/Schedule.aspx?s=194&alg=38","https://www.mshsaa.org/Activities/DistrictWinners.aspx?alg=38&class=5&year=2026",""
"197","South Callaway High School","Cross Country Boys","11","Varsity","10/24","","","Fatima Invitational","tournament","https://www.mshsaa.org/MySchool/Schedule.aspx?s=197&alg=11","https://www.mshsaa.org/MySchool/Tournament.aspx?s=197&alg=11&tournament=595768","Jefferson City, MO"
"197","South Callaway High School","Cross Country Girls","12","Varsity","10/24","","","Fatima Invitational","tournament","https://www.mshsaa.org/MySchool/Schedule.aspx?s=197&alg=12","https://www.mshsaa.org/MySchool/Tournament.aspx?s=197&alg=12&tournament=595772","Jefferson City, MO"
"197","South Callaway High School","Softball Fall Season","38","Varsity","10/24-31","","","Class 2 State Tournament","tournament","https://www.mshsaa.org/MySchool/Schedule.aspx?s=197&alg=38","https://www.mshsaa.org/Activities/DistrictWinners.aspx?alg=38&class=2&year=2026",""
"2","Southern Boone High School","Softball Fall Season","38","Varsity","10/24-31","","","Class 3 State Tournament","tournament","https://www.mshsaa.org/MySchool/Schedule.aspx?s=2&alg=38","https://www.mshsaa.org/Activities/DistrictWinners.aspx?alg=38&class=3&year=2026",""
"474","Tipton High School","Cross Country Boys","11","Varsity","10/24","","","Fatima Invitational","tournament","https://www.mshsaa.org/MySchool/Schedule.aspx?s=474&alg=11","https://www.mshsaa.org/MySchool/Tournament.aspx?s=474&alg=11&tournament=590898","Jefferson City, MO"
"474","Tipton High School","Cross Country Girls","12","Varsity","10/24","","","Fatima Invitational","tournament","https://www.mshsaa.org/MySchool/Schedule.aspx?s=474&alg=12","https://www.mshsaa.org/MySchool/Tournament.aspx?s=474&alg=12&tournament=590899","Jefferson City, MO"
"1099","Christian Fellowship","Soccer Boys","33","Varsity","10/26","6:30 pm","","Father Tolton","away","https://www.mshsaa.org/MySchool/Schedule.aspx?s=1099&alg=33","https://www.mshsaa.org/MySchool/Matchup.aspx?s=1099&alg=33&comp=2722339","3351 E Gans Road, Columbia, MO 65201"
"917","Father Tolton","Soccer Boys","33","Varsity","10/26","5:00 pm","","Christian Fellowship Sr. with Hallsville","home","https://www.mshsaa.org/MySchool/Schedule.aspx?s=917&alg=33","https://www.mshsaa.org/MySchool/Matchup.aspx?s=917&alg=33&comp=2665272","3351 E Gans Road, Columbia, MO 65201"
"311","Hallsville High School","Soccer Boys","33","Varsity","10/26","6:30 pm","","Father Tolton","away","https://www.mshsaa.org/MySchool/Schedule.aspx?s=311&alg=33","https://www.mshsaa.org/MySchool/Matchup.aspx?s=311&alg=33&comp=2722339","3351 E Gans Road, Columbia, MO 65201"
"128","Mexico High School","Soccer Boys","33","Varsity","10/26","5:00 pm","","Canton","away","https://www.mshsaa.org/MySchool/Schedule.aspx?s=128&alg=33","https://www.mshsaa.org/MySchool/Matchup.aspx?s=128&alg=33&comp=2643193","200 S 4th St, Canton, MO 63435-1510"
"194","Smith-Cotton High School","Soccer Boys","33","Varsity","10/26","6:30 pm","","St. Michael the Archangel","away","https://www.mshsaa.org/MySchool/Schedule.aspx?s=194&alg=33","https://www.mshsaa.org/MySchool/Matchup.aspx?s=194&alg=33&comp=2680645","2901 NW Lee's Summit Rd., Lee's Summit, MO 64064"
"2","Southern Boone High School","Soccer Boys","33","Varsity","10/26","5:00 pm","","Sacred Heart","away","https://www.mshsaa.org/MySchool/Schedule.aspx?s=2&alg=33","https://www.mshsaa.org/MySchool/Matchup.aspx?s=2&alg=33&comp=2632907","416 W 3rd St, Sedalia, MO 65301-4398"
"16","Boonville High School","Soccer Boys","33","Varsity","10/27","5:00 pm","","Eugene","home","https://www.mshsaa.org/MySchool/Schedule.aspx?s=16&alg=33","https://www.mshsaa.org/MySchool/Matchup.aspx?s=16&alg=33&comp=2696311","1 Pirate Dr., Boonville, MO 65233-2740"
"26","Camdenton High School","Soccer Boys","33","Varsity","10/27","6:30 pm","","Bolivar","home","https://www.mshsaa.org/MySchool/Schedule.aspx?s=26&alg=33","https://www.mshsaa.org/MySchool/Matchup.aspx?s=26&alg=33&comp=2715187","662 Laker Pride Road, Camdenton, MO 65020-1409"
"1540","Capital City High School","Soccer Boys","33","Varsity","10/27","6:45 pm","","Francis Howell Central","home","https://www.mshsaa.org/MySchool/Schedule.aspx?s=1540&alg=33","https://www.mshsaa.org/MySchool/Matchup.aspx?s=1540&alg=33&comp=2763913","2610 Mission Drive, Jefferson City, MO 65109"
"1540","Capital City High School","Swimming and Diving Boys","44","Varsity","10/27","","","MMA Invite","tournament","https://www.mshsaa.org/MySchool/Schedule.aspx?s=1540&alg=44","https://www.mshsaa.org/MySchool/Tournament.aspx?s=1540&alg=44&tournament=592370","Mexico, MO"
"80","Fulton High School","Soccer Boys","33","Varsity","10/27","6:45 pm","","Osage","away","https://www.mshsaa.org/MySchool/Schedule.aspx?s=80&alg=33","https://www.mshsaa.org/MySchool/Matchup.aspx?s=80&alg=33&comp=2647582","636 Hwy 42, Osage Beach, MO 65065-5301"
"522","Helias High School","Soccer Boys","33","Varsity","10/27","7:00 pm","","Moberly","home","https://www.mshsaa.org/MySchool/Schedule.aspx?s=522&alg=33","https://www.mshsaa.org/MySchool/Matchup.aspx?s=522&alg=33&comp=2637695","1305 Swifts Hwy, Jefferson City, MO 65109-2595"
"85","Hickman High School","Swimming and Diving Boys","44","Varsity","10/27","","","MMA Invite","tournament","https://www.mshsaa.org/MySchool/Schedule.aspx?s=85&alg=44","https://www.mshsaa.org/MySchool/Tournament.aspx?s=85&alg=44&tournament=592800","Mexico, MO"
"84","Jefferson City High School","Swimming and Diving Boys","44","Varsity","10/27","","","MMA","tournament","https://www.mshsaa.org/MySchool/Schedule.aspx?s=84&alg=44","https://www.mshsaa.org/MySchool/Tournament.aspx?s=84&alg=44&tournament=593354","Mexico, MO"
"360","Marshall High School","Swimming and Diving Boys","44","Varsity","10/27","","","Lees Summitt","tournament","https://www.mshsaa.org/MySchool/Schedule.aspx?s=360&alg=44","https://www.mshsaa.org/MySchool/Tournament.aspx?s=360&alg=44&tournament=592974",""
"569","Missouri Military Academy","Swimming and Diving Boys","44","Varsity","10/27","4:00 pm","","MMA Invite","tournament","https://www.mshsaa.org/MySchool/Schedule.aspx?s=569&alg=44","https://www.mshsaa.org/MySchool/Tournament.aspx?s=569&alg=44&tournament=589864","Mexico, MO"
"132","Moberly High School","Soccer Boys","33","Varsity","10/27","6:45 pm","","Helias Catholic","away","https://www.mshsaa.org/MySchool/Schedule.aspx?s=132&alg=33","https://www.mshsaa.org/MySchool/Matchup.aspx?s=132&alg=33&comp=2685476","1305 Swifts Hwy, Jefferson City, MO 65109-2595"
"152","Osage High School","Soccer Boys","33","Varsity","10/27","6:45 pm","","Fulton","home","https://www.mshsaa.org/MySchool/Schedule.aspx?s=152&alg=33","https://www.mshsaa.org/MySchool/Matchup.aspx?s=152&alg=33&comp=2702066","636 Hwy 42, Osage Beach, MO 65065-5301"
"578","Rock Bridge High School","Swimming and Diving Boys","44","Varsity","10/27","","","MMA Invite","tournament","https://www.mshsaa.org/MySchool/Schedule.aspx?s=578&alg=44","https://www.mshsaa.org/MySchool/Tournament.aspx?s=578&alg=44&tournament=594644","Mexico, MO"
"194","Smith-Cotton High School","Soccer Boys","33","Varsity","10/27","6:30 pm","","Center","away","https://www.mshsaa.org/MySchool/Schedule.aspx?s=194&alg=33","https://www.mshsaa.org/MySchool/Matchup.aspx?s=194&alg=33&comp=2705787","8715 Holmes Rd, Kansas City, MO 64131-2898"
"2","Southern Boone High School","Soccer Boys","33","Varsity","10/27","5:00 pm","","Smithton","away","https://www.mshsaa.org/MySchool/Schedule.aspx?s=2&alg=33","https://www.mshsaa.org/MySchool/Matchup.aspx?s=2&alg=33&comp=2632908","505 S Myrtle Ave, Smithton, MO 65350-1038"
"917","Father Tolton","Soccer Boys","33","Varsity","10/28","6:30 pm","","Jefferson City","home","https://www.mshsaa.org/MySchool/Schedule.aspx?s=917&alg=33","https://www.mshsaa.org/MySchool/Matchup.aspx?s=917&alg=33&comp=2665273","3351 E Gans Road, Columbia, MO 65201"
"84","Jefferson City High School","Soccer Boys","33","Varsity","10/28","6:30 pm","","Father Tolton","away","https://www.mshsaa.org/MySchool/Schedule.aspx?s=84&alg=33","https://www.mshsaa.org/MySchool/Matchup.aspx?s=84&alg=33&comp=2660236","3351 E Gans Road, Columbia, MO 65201"
"953","Battle High School","Soccer Boys","33","Varsity","10/29","6:30 pm","","Warrenton","away","https://www.mshsaa.org/MySchool/Schedule.aspx?s=953&alg=33","https://www.mshsaa.org/MySchool/Matchup.aspx?s=953&alg=33&comp=2766224","803 Pinckney, Warrenton, MO 63383-2335"
"217","Blair Oaks High School","Volleyball Girls","57","Varsity","10/29-11/7","","","Class 3 State Tournament","tournament","https://www.mshsaa.org/MySchool/Schedule.aspx?s=217&alg=57","https://www.mshsaa.org/Activities/DistrictWinners.aspx?alg=57&class=3&year=2026",""
"16","Boonville High School","Soccer Boys","33","Varsity","10/29","6:45 pm","","Moberly","home","https://www.mshsaa.org/MySchool/Schedule.aspx?s=16&alg=33","https://www.mshsaa.org/MySchool/Matchup.aspx?s=16&alg=33&comp=2729740","1 Pirate Dr., Boonville, MO 65233-2740"
"16","Boonville High School","Volleyball Girls","57","Varsity","10/29-11/7","","","Class 3 State Tournament","tournament","https://www.mshsaa.org/MySchool/Schedule.aspx?s=16&alg=57","https://www.mshsaa.org/Activities/DistrictWinners.aspx?alg=57&class=3&year=2026",""
"582","California High School","Volleyball Girls","57","Varsity","10/29-11/7","","","Class 3 State Tournament","tournament","https://www.mshsaa.org/MySchool/Schedule.aspx?s=582&alg=57","https://www.mshsaa.org/Activities/DistrictWinners.aspx?alg=57&class=3&year=2026",""
"1540","Capital City High School","Swimming and Diving Boys","44","Varsity","10/29","","","West Central Classic","tournament","https://www.mshsaa.org/MySchool/Schedule.aspx?s=1540&alg=44","https://www.mshsaa.org/MySchool/Tournament.aspx?s=1540&alg=44&tournament=563831","Sedalia, MO"
"53","Centralia High School","Volleyball Girls","57","Varsity","10/29-11/7","","","Class 3 State Tournament","tournament","https://www.mshsaa.org/MySchool/Schedule.aspx?s=53&alg=57","https://www.mshsaa.org/Activities/DistrictWinners.aspx?alg=57&class=3&year=2026",""
"1099","Christian Fellowship","Swimming and Diving Boys","44","Varsity","10/29","","","WCC Invitational","tournament","https://www.mshsaa.org/MySchool/Schedule.aspx?s=1099&alg=44","https://www.mshsaa.org/MySchool/Tournament.aspx?s=1099&alg=44&tournament=594250",""
"1099","Christian Fellowship","Volleyball Girls","57","Varsity","10/29-11/5","","","Class 1 State Tournament","tournament","https://www.mshsaa.org/MySchool/Schedule.aspx?s=1099&alg=57","https://www.mshsaa.org/Activities/DistrictWinners.aspx?alg=57&class=1&year=2026",""
"566","Columbia Independent","Soccer Boys","33","Varsity","10/29","6:30 pm","","Warrenton","away","https://www.mshsaa.org/MySchool/Schedule.aspx?s=566&alg=33","https://www.mshsaa.org/MySchool/Matchup.aspx?s=566&alg=33&comp=2766224","803 Pinckney, Warrenton, MO 63383-2335"
"566","Columbia Independent","Swimming and Diving Boys","44","Varsity","10/29","","","WCC Invitational","tournament","https://www.mshsaa.org/MySchool/Schedule.aspx?s=566&alg=44","https://www.mshsaa.org/MySchool/Tournament.aspx?s=566&alg=44&tournament=594250",""
"566","Columbia Independent","Volleyball Girls","57","Varsity","10/29-11/5","","","Class 1 State Tournament","tournament","https://www.mshsaa.org/MySchool/Schedule.aspx?s=566&alg=57","https://www.mshsaa.org/Activities/DistrictWinners.aspx?alg=57&class=1&year=2026",""
"278","Eldon High School","Volleyball Girls","57","Varsity","10/29-11/7","","","Class 3 State Tournament","tournament","https://www.mshsaa.org/MySchool/Schedule.aspx?s=278&alg=57","https://www.mshsaa.org/Activities/DistrictWinners.aspx?alg=57&class=3&year=2026",""
"917","Father Tolton","Volleyball Girls","57","Varsity","10/29-11/7","","","Class 3 State Tournament","tournament","https://www.mshsaa.org/MySchool/Schedule.aspx?s=917&alg=57","https://www.mshsaa.org/Activities/DistrictWinners.aspx?alg=57&class=3&year=2026",""
"80","Fulton High School","Volleyball Girls","57","Varsity","10/29-11/7","","","Class 3 State Tournament","tournament","https://www.mshsaa.org/MySchool/Schedule.aspx?s=80&alg=57","https://www.mshsaa.org/Activities/DistrictWinners.aspx?alg=57&class=3&year=2026",""
"311","Hallsville High School","Volleyball Girls","57","Varsity","10/29-11/7","","","Class 3 State Tournament","tournament","https://www.mshsaa.org/MySchool/Schedule.aspx?s=311&alg=57","https://www.mshsaa.org/Activities/DistrictWinners.aspx?alg=57&class=3&year=2026",""
"85","Hickman High School","Swimming and Diving Boys","44","Varsity","10/29","4:00 pm","","West Central Classic","tournament","https://www.mshsaa.org/MySchool/Schedule.aspx?s=85&alg=44","https://www.mshsaa.org/MySchool/Tournament.aspx?s=85&alg=44&tournament=592811",""
"84","Jefferson City High School","Swimming and Diving Boys","44","Varsity","10/29","","","West Central Classic","tournament","https://www.mshsaa.org/MySchool/Schedule.aspx?s=84&alg=44","https://www.mshsaa.org/MySchool/Tournament.aspx?s=84&alg=44&tournament=593355","Sedalia, MO"
"360","Marshall High School","Swimming and Diving Boys","44","Varsity","10/29","","","West Central Classic","tournament","https://www.mshsaa.org/MySchool/Schedule.aspx?s=360&alg=44","https://www.mshsaa.org/MySchool/Tournament.aspx?s=360&alg=44&tournament=575921","Sedalia, MO"
"128","Mexico High School","Volleyball Girls","57","Varsity","10/29-11/7","","","Class 3 State Tournament","tournament","https://www.mshsaa.org/MySchool/Schedule.aspx?s=128&alg=57","https://www.mshsaa.org/Activities/DistrictWinners.aspx?alg=57&class=3&year=2026",""
"132","Moberly High School","Soccer Boys","33","Varsity","10/29","5:00 pm","","Boonville","away","https://www.mshsaa.org/MySchool/Schedule.aspx?s=132&alg=33","https://www.mshsaa.org/MySchool/Matchup.aspx?s=132&alg=33&comp=2718404","1 Pirate Dr., Boonville, MO 65233-2740"
"139","North Callaway High School","Volleyball Girls","57","Varsity","10/29-11/5","","","Class 2 State Tournament","tournament","https://www.mshsaa.org/MySchool/Schedule.aspx?s=139&alg=57","https://www.mshsaa.org/Activities/DistrictWinners.aspx?alg=57&class=2&year=2026",""
"152","Osage High School","Soccer Boys","33","Varsity","10/29","6:00 pm","","Eugene","home","https://www.mshsaa.org/MySchool/Schedule.aspx?s=152&alg=33","https://www.mshsaa.org/MySchool/Matchup.aspx?s=152&alg=33&comp=2720206","636 Hwy 42, Osage Beach, MO 65065-5301"
"152","Osage High School","Volleyball Girls","57","Varsity","10/29-11/7","","","Class 3 State Tournament","tournament","https://www.mshsaa.org/MySchool/Schedule.aspx?s=152&alg=57","https://www.mshsaa.org/Activities/DistrictWinners.aspx?alg=57&class=3&year=2026",""
"430","Russellville High School","Volleyball Girls","57","Varsity","10/29-11/5","","","Class 1 State Tournament","tournament","https://www.mshsaa.org/MySchool/Schedule.aspx?s=430&alg=57","https://www.mshsaa.org/Activities/DistrictWinners.aspx?alg=57&class=1&year=2026",""
"194","Smith-Cotton High School","Soccer Boys","33","Varsity","10/29","6:30 pm","","Ruskin","home","https://www.mshsaa.org/MySchool/Schedule.aspx?s=194&alg=33","https://www.mshsaa.org/MySchool/Matchup.aspx?s=194&alg=33&comp=2663101","2010 Tiger Pride Blvd, Sedalia, MO 65301-8503"
"194","Smith-Cotton High School","Swimming and Diving Boys","44","Varsity","10/29","","","West Central Classic","tournament","https://www.mshsaa.org/MySchool/Schedule.aspx?s=194&alg=44","https://www.mshsaa.org/MySchool/Tournament.aspx?s=194&alg=44&tournament=575871","Sedalia, MO"
"2","Southern Boone High School","Volleyball Girls","57","Varsity","10/29-11/7","","","Class 3 State Tournament","tournament","https://www.mshsaa.org/MySchool/Schedule.aspx?s=2&alg=57","https://www.mshsaa.org/Activities/DistrictWinners.aspx?alg=57&class=3&year=2026",""
"474","Tipton High School","Volleyball Girls","57","Varsity","10/29-11/5","","","Class 2 State Tournament","tournament","https://www.mshsaa.org/MySchool/Schedule.aspx?s=474&alg=57","https://www.mshsaa.org/Activities/DistrictWinners.aspx?alg=57&class=2&year=2026",""
"485","Versailles High School","Volleyball Girls","57","Varsity","10/29-11/7","","","Class 3 State Tournament","tournament","https://www.mshsaa.org/MySchool/Schedule.aspx?s=485&alg=57","https://www.mshsaa.org/Activities/DistrictWinners.aspx?alg=57&class=3&year=2026",""
"953","Battle High School","Football","19","Varsity","10/30-12/5","","","Class 5 State Tournament","tournament","https://www.mshsaa.org/MySchool/Schedule.aspx?s=953&alg=19","https://www.mshsaa.org/Activities/DistrictWinners.aspx?alg=19&class=5&year=2026",""
"217","Blair Oaks High School","Football","19","Varsity","10/30-12/4","","","Class 2 State Tournament","tournament","https://www.mshsaa.org/MySchool/Schedule.aspx?s=217&alg=19","https://www.mshsaa.org/Activities/DistrictWinners.aspx?alg=19&class=2&year=2026",""
"16","Boonville High School","Football","19","Varsity","10/30-12/5","","","Class 3 State Tournament","tournament","https://www.mshsaa.org/MySchool/Schedule.aspx?s=16&alg=19","https://www.mshsaa.org/Activities/DistrictWinners.aspx?alg=19&class=3&year=2026",""
"582","California High School","Football","19","Varsity","10/30-12/4","","","Class 2 State Tournament","tournament","https://www.mshsaa.org/MySchool/Schedule.aspx?s=582&alg=19","https://www.mshsaa.org/Activities/DistrictWinners.aspx?alg=19&class=2&year=2026",""
"26","Camdenton High School","Football","19","Varsity","10/30-12/5","","","Class 5 State Tournament","tournament","https://www.mshsaa.org/MySchool/Schedule.aspx?s=26&alg=19","https://www.mshsaa.org/Activities/DistrictWinners.aspx?alg=19&class=5&year=2026",""
"1540","Capital City High School","Football","19","Varsity","10/30-12/5","","","Class 5 State Tournament","tournament","https://www.mshsaa.org/MySchool/Schedule.aspx?s=1540&alg=19","https://www.mshsaa.org/Activities/DistrictWinners.aspx?alg=19&class=5&year=2026",""
"53","Centralia High School","Football","19","Varsity","10/30-12/4","","","Class 2 State Tournament","tournament","https://www.mshsaa.org/MySchool/Schedule.aspx?s=53&alg=19","https://www.mshsaa.org/Activities/DistrictWinners.aspx?alg=19&class=2&year=2026",""
"278","Eldon High School","Football","19","Varsity","10/30-12/5","","","Class 3 State Tournament","tournament","https://www.mshsaa.org/MySchool/Schedule.aspx?s=278&alg=19","https://www.mshsaa.org/Activities/DistrictWinners.aspx?alg=19&class=3&year=2026",""
"917","Father Tolton","Football","19","Varsity","10/30-12/4","","","Class 2 State Tournament","tournament","https://www.mshsaa.org/MySchool/Schedule.aspx?s=917&alg=19","https://www.mshsaa.org/Activities/DistrictWinners.aspx?alg=19&class=2&year=2026",""
"294","Fayette High School","Football","19","Varsity","10/30-12/5","","","Class 1 State Tournament","tournament","https://www.mshsaa.org/MySchool/Schedule.aspx?s=294&alg=19","https://www.mshsaa.org/Activities/DistrictWinners.aspx?alg=19&class=1&year=2026",""
"80","Fulton High School","Football","19","Varsity","10/30-12/5","","","Class 3 State Tournament","tournament","https://www.mshsaa.org/MySchool/Schedule.aspx?s=80&alg=19","https://www.mshsaa.org/Activities/DistrictWinners.aspx?alg=19&class=3&year=2026",""
"311","Hallsville High School","Football","19","Varsity","10/30-12/5","","","Class 3 State Tournament","tournament","https://www.mshsaa.org/MySchool/Schedule.aspx?s=311&alg=19","https://www.mshsaa.org/Activities/DistrictWinners.aspx?alg=19&class=3&year=2026",""
"313","Harrisburg High School","Football","19","Varsity","10/30-12/5","","","Class 1 State Tournament","tournament","https://www.mshsaa.org/MySchool/Schedule.aspx?s=313&alg=19","https://www.mshsaa.org/Activities/DistrictWinners.aspx?alg=19&class=1&year=2026",""
"522","Helias High School","Football","19","Varsity","10/30-12/5","","","Class 5 State Tournament","tournament","https://www.mshsaa.org/MySchool/Schedule.aspx?s=522&alg=19","https://www.mshsaa.org/Activities/DistrictWinners.aspx?alg=19&class=5&year=2026",""
"85","Hickman High School","Football","19","Varsity","10/30-12/4","","","Class 6 State Tournament","tournament","https://www.mshsaa.org/MySchool/Schedule.aspx?s=85&alg=19","https://www.mshsaa.org/Activities/DistrictWinners.aspx?alg=19&class=6&year=2026",""
"84","Jefferson City High School","Football","19","Varsity","10/30-12/5","","","Class 5 State Tournament","tournament","https://www.mshsaa.org/MySchool/Schedule.aspx?s=84&alg=19","https://www.mshsaa.org/Activities/DistrictWinners.aspx?alg=19&class=5&year=2026",""
"360","Marshall High School","Football","19","Varsity","10/30-12/4","","","Class 4 State Tournament","tournament","https://www.mshsaa.org/MySchool/Schedule.aspx?s=360&alg=19","https://www.mshsaa.org/Activities/DistrictWinners.aspx?alg=19&class=4&year=2026",""
"128","Mexico High School","Football","19","Varsity","10/30-12/4","","","Class 4 State Tournament","tournament","https://www.mshsaa.org/MySchool/Schedule.aspx?s=128&alg=19","https://www.mshsaa.org/Activities/DistrictWinners.aspx?alg=19&class=4&year=2026",""
"132","Moberly High School","Football","19","Varsity","10/30-12/4","","","Class 4 State Tournament","tournament","https://www.mshsaa.org/MySchool/Schedule.aspx?s=132&alg=19","https://www.mshsaa.org/Activities/DistrictWinners.aspx?alg=19&class=4&year=2026",""
"139","North Callaway High School","Football","19","Varsity","10/30-12/4","","","Class 2 State Tournament","tournament","https://www.mshsaa.org/MySchool/Schedule.aspx?s=139&alg=19","https://www.mshsaa.org/Activities/DistrictWinners.aspx?alg=19&class=2&year=2026",""
"152","Osage High School","Football","19","Varsity","10/30-12/4","","","Class 4 State Tournament","tournament","https://www.mshsaa.org/MySchool/Schedule.aspx?s=152&alg=19","https://www.mshsaa.org/Activities/DistrictWinners.aspx?alg=19&class=4&year=2026",""
"578","Rock Bridge High School","Football","19","Varsity","10/30-12/4","","","Class 6 State Tournament","tournament","https://www.mshsaa.org/MySchool/Schedule.aspx?s=578&alg=19","https://www.mshsaa.org/Activities/DistrictWinners.aspx?alg=19&class=6&year=2026",""
"430","Russellville High School","Football","19","Varsity","10/30-12/5","","","Class 1 State Tournament","tournament","https://www.mshsaa.org/MySchool/Schedule.aspx?s=430&alg=19","https://www.mshsaa.org/Activities/DistrictWinners.aspx?alg=19&class=1&year=2026",""
"431","Salisbury High School","Football","19","Varsity","10/30-12/5","","","Class 1 State Tournament","tournament","https://www.mshsaa.org/MySchool/Schedule.aspx?s=431&alg=19","https://www.mshsaa.org/Activities/DistrictWinners.aspx?alg=19&class=1&year=2026",""
"194","Smith-Cotton High School","Football","19","Varsity","10/30-12/5","","","Class 5 State Tournament","tournament","https://www.mshsaa.org/MySchool/Schedule.aspx?s=194&alg=19","https://www.mshsaa.org/Activities/DistrictWinners.aspx?alg=19&class=5&year=2026",""
"197","South Callaway High School","Football","19","Varsity","10/30-12/4","","","Class 2 State Tournament","tournament","https://www.mshsaa.org/MySchool/Schedule.aspx?s=197&alg=19","https://www.mshsaa.org/Activities/DistrictWinners.aspx?alg=19&class=2&year=2026",""
"2","Southern Boone High School","Football","19","Varsity","10/30-12/5","","","Class 3 State Tournament","tournament","https://www.mshsaa.org/MySchool/Schedule.aspx?s=2&alg=19","https://www.mshsaa.org/Activities/DistrictWinners.aspx?alg=19&class=3&year=2026",""
"474","Tipton High School","Football","19","Varsity","10/30-12/5","","","Class 1 State Tournament","tournament","https://www.mshsaa.org/MySchool/Schedule.aspx?s=474&alg=19","https://www.mshsaa.org/Activities/DistrictWinners.aspx?alg=19&class=1&year=2026",""
"485","Versailles High School","Football","19","Varsity","10/30-12/4","","","Class 2 State Tournament","tournament","https://www.mshsaa.org/MySchool/Schedule.aspx?s=485&alg=19","https://www.mshsaa.org/Activities/DistrictWinners.aspx?alg=19&class=2&year=2026",""
"953","Battle High School","Volleyball Girls","57","Varsity","10/31-11/7","","","Class 5 State Tournament","tournament","https://www.mshsaa.org/MySchool/Schedule.aspx?s=953&alg=57","https://www.mshsaa.org/Activities/DistrictWinners.aspx?alg=57&class=5&year=2026",""
"26","Camdenton High School","Volleyball Girls","57","Varsity","10/31-11/6","","","Class 4 State Tournament","tournament","https://www.mshsaa.org/MySchool/Schedule.aspx?s=26&alg=57","https://www.mshsaa.org/Activities/DistrictWinners.aspx?alg=57&class=4&year=2026",""
"1540","Capital City High School","Swimming and Diving Boys","44","Varsity","10/31","10:00 am","","Hickman","home","https://www.mshsaa.org/MySchool/Schedule.aspx?s=1540&alg=44","https://www.mshsaa.org/MySchool/Matchup.aspx?s=1540&alg=44&comp=2692799","1650 Cavalier Drive, Jefferson City, MO 65109"
"1540","Capital City High School","Volleyball Girls","57","Varsity","10/31-11/6","","","Class 4 State Tournament","tournament","https://www.mshsaa.org/MySchool/Schedule.aspx?s=1540&alg=57","https://www.mshsaa.org/Activities/DistrictWinners.aspx?alg=57&class=4&year=2026",""
"1099","Christian Fellowship","Swimming and Diving Boys","44","Varsity","10/31","","","COMO Senior Day","tournament","https://www.mshsaa.org/MySchool/Schedule.aspx?s=1099&alg=44","https://www.mshsaa.org/MySchool/Tournament.aspx?s=1099&alg=44&tournament=594251",""
"566","Columbia Independent","Swimming and Diving Boys","44","Varsity","10/31","","","COMO Senior Day","tournament","https://www.mshsaa.org/MySchool/Schedule.aspx?s=566&alg=44","https://www.mshsaa.org/MySchool/Tournament.aspx?s=566&alg=44&tournament=594251",""
"917","Father Tolton","Cross Country Boys","11","Varsity","10/31","","","District Meet","tournament","https://www.mshsaa.org/MySchool/Schedule.aspx?s=917&alg=11","https://www.mshsaa.org/MySchool/Tournament.aspx?s=917&alg=11&tournament=595713",""
"917","Father Tolton","Cross Country Girls","12","Varsity","10/31","","","District Meet","tournament","https://www.mshsaa.org/MySchool/Schedule.aspx?s=917&alg=12","https://www.mshsaa.org/MySchool/Tournament.aspx?s=917&alg=12&tournament=595712",""
"80","Fulton High School","Cross Country Boys","11","Varsity","10/31","","","Class 3 Districts","tournament","https://www.mshsaa.org/MySchool/Schedule.aspx?s=80&alg=11","https://www.mshsaa.org/MySchool/Tournament.aspx?s=80&alg=11&tournament=580272","Linn, MO"
"80","Fulton High School","Cross Country Girls","12","Varsity","10/31","","","Class 3 Districts","tournament","https://www.mshsaa.org/MySchool/Schedule.aspx?s=80&alg=12","https://www.mshsaa.org/MySchool/Tournament.aspx?s=80&alg=12&tournament=594838","Linn, MO"
"522","Helias High School","Volleyball Girls","57","Varsity","10/31-11/6","","","Class 4 State Tournament","tournament","https://www.mshsaa.org/MySchool/Schedule.aspx?s=522&alg=57","https://www.mshsaa.org/Activities/DistrictWinners.aspx?alg=57&class=4&year=2026",""
"85","Hickman High School","Swimming and Diving Boys","44","Varsity","10/31","","","Senior Day","tournament","https://www.mshsaa.org/MySchool/Schedule.aspx?s=85&alg=44","https://www.mshsaa.org/MySchool/Tournament.aspx?s=85&alg=44&tournament=592812","Columbia, MO"
"85","Hickman High School","Volleyball Girls","57","Varsity","10/31-11/7","","","Class 5 State Tournament","tournament","https://www.mshsaa.org/MySchool/Schedule.aspx?s=85&alg=57","https://www.mshsaa.org/Activities/DistrictWinners.aspx?alg=57&class=5&year=2026",""
"84","Jefferson City High School","Cross Country Boys","11","Varsity","10/31","","","District Meet","tournament","https://www.mshsaa.org/MySchool/Schedule.aspx?s=84&alg=11","https://www.mshsaa.org/MySchool/Tournament.aspx?s=84&alg=11&tournament=540383",""
"84","Jefferson City High School","Cross Country Girls","12","Varsity","10/31","","","District Meet","tournament","https://www.mshsaa.org/MySchool/Schedule.aspx?s=84&alg=12","https://www.mshsaa.org/MySchool/Tournament.aspx?s=84&alg=12&tournament=566511",""
"84","Jefferson City High School","Swimming and Diving Boys","44","Varsity","10/31","","","Hickman High School","tournament","https://www.mshsaa.org/MySchool/Schedule.aspx?s=84&alg=44","https://www.mshsaa.org/MySchool/Tournament.aspx?s=84&alg=44&tournament=593356","Columbia, MO"
"84","Jefferson City High School","Volleyball Girls","57","Varsity","10/31-11/6","","","Class 4 State Tournament","tournament","https://www.mshsaa.org/MySchool/Schedule.aspx?s=84&alg=57","https://www.mshsaa.org/Activities/DistrictWinners.aspx?alg=57&class=4&year=2026",""
"360","Marshall High School","Volleyball Girls","57","Varsity","10/31-11/6","","","Class 4 State Tournament","tournament","https://www.mshsaa.org/MySchool/Schedule.aspx?s=360&alg=57","https://www.mshsaa.org/Activities/DistrictWinners.aspx?alg=57&class=4&year=2026",""
"578","Rock Bridge High School","Volleyball Girls","57","Varsity","10/31-11/7","","","Class 5 State Tournament","tournament","https://www.mshsaa.org/MySchool/Schedule.aspx?s=578&alg=57","https://www.mshsaa.org/Activities/DistrictWinners.aspx?alg=57&class=5&year=2026",""
"194","Smith-Cotton High School","Volleyball Girls","57","Varsity","10/31-11/7","","","Class 5 State Tournament","tournament","https://www.mshsaa.org/MySchool/Schedule.aspx?s=194&alg=57","https://www.mshsaa.org/Activities/DistrictWinners.aspx?alg=57&class=5&year=2026",""
